UDI,Product ID,Type,Air temperature [K],Process temperature [K],Rotational speed [rpm],Torque [Nm],Tool wear [min],Machine failure,TWF,HDF,PWF,OSF,RNF
1,L10001,L,298.1,307.5,1645,43.6,151,0,0,0,0,0,0
2,H10002,H,298.1,307.7,1349,32.1,85,0,0,0,0,0,0
3,M10003,M,298.1,307.1,1465,44.7,68,0,0,0,0,0,0
4,M10004,M,298.0,307.1,1288,46.4,88,0,0,0,0,0,0
5,L10005,L,298.1,308.5,1501,36.0,179,0,0,0,0,0,0
6,L10006,L,298.1,308.2,1547,47.3,70,0,0,0,0,0,0
7,L10007,L,298.1,308.6,1538,30.6,245,0,0,0,0,0,0
8,H10008,H,298.1,308.3,1440,46.6,57,0,0,0,0,0,0
9,M10009,M,298.1,308.8,1286,48.6,149,0,0,0,0,0,0
10,M10010,M,298.1,309.0,1376,42.1,58,0,0,0,0,0,0
11,L10011,L,298.2,306.4,1626,38.8,171,0,0,0,0,0,0
12,H10012,H,298.2,307.3,1588,41.9,36,0,0,0,0,0,0
13,H10013,H,298.2,307.9,1491,36.4,161,0,0,0,0,0,0
14,L10014,L,298.2,308.2,1516,55.7,99,0,0,0,0,0,0
15,L10015,L,298.2,307.5,1397,36.5,112,0,0,0,0,0,0
16,L10016,L,298.2,309.1,1629,47.9,184,0,0,0,0,0,0
17,L10017,L,298.2,310.2,1428,35.6,184,0,0,0,0,0,0
18,M10018,M,298.2,308.3,1544,49.6,167,0,0,0,0,0,0
19,L10019,L,298.1,308.2,1367,52.1,19,0,0,0,0,0,0
20,L10020,L,298.1,309.0,1482,42.3,228,0,0,0,0,0,0
21,M10021,M,298.2,306.3,1625,41.7,16,0,0,0,0,0,0
22,L10022,L,298.3,308.3,1405,34.3,179,0,0,0,0,0,0
23,L10023,L,298.2,309.2,1575,33.5,3,0,0,0,0,0,0
24,L10024,L,298.3,307.6,1392,41.8,190,0,0,0,0,0,0
25,L10025,L,298.2,307.0,1410,48.7,244,1,0,0,0,1,0
26,M10026,M,298.3,308.1,1499,36.7,49,0,0,0,0,0,0
27,L10027,L,298.2,308.2,1597,53.2,81,0,0,0,0,0,0
28,M10028,M,298.2,307.3,1470,36.3,219,0,0,0,0,0,0
29,M10029,M,298.3,310.4,1562,41.4,49,0,0,0,0,0,0
30,L10030,L,298.2,307.7,1614,41.4,15,0,0,0,0,0,0
31,M10031,M,298.2,307.1,1423,39.4,234,0,0,0,0,0,0
32,L10032,L,298.3,308.2,1347,27.7,71,0,0,0,0,0,0
33,L10033,L,298.3,309.2,1464,36.3,60,0,0,0,0,0,0
34,H10034,H,298.3,308.4,1627,41.2,43,0,0,0,0,0,0
35,H10035,H,298.3,308.8,1419,39.4,145,0,0,0,0,0,0
36,H10036,H,298.4,307.5,1601,43.8,245,0,0,0,0,0,0
37,L10037,L,298.3,309.7,1474,44.5,49,0,0,0,0,0,0
38,L10038,L,298.4,308.9,1676,38.6,220,0,0,0,0,0,0
39,M10039,M,298.4,309.5,1725,34.2,231,0,0,0,0,0,0
40,L10040,L,298.4,308.8,1603,49.3,79,0,0,0,0,0,0
41,L10041,L,298.3,309.2,1335,31.9,29,0,0,0,0,0,0
42,L10042,L,298.4,307.5,1260,36.4,48,0,0,0,0,0,0
43,L10043,L,298.3,307.8,1506,34.9,97,0,0,0,0,0,0
44,H10044,H,298.3,309.7,1591,44.5,221,0,0,0,0,0,0
45,L10045,L,298.3,309.9,1550,47.9,148,0,0,0,0,0,0
46,M10046,M,298.3,307.1,1428,39.0,149,0,0,0,0,0,0
47,L10047,L,298.3,308.6,1351,41.4,174,0,0,0,0,0,0
48,M10048,M,298.4,307.9,1593,42.6,24,0,0,0,0,0,0
49,M10049,M,298.4,307.7,1686,50.8,213,0,0,0,0,0,0
50,L10050,L,298.4,308.7,1433,29.4,55,0,0,0,0,0,0
51,H10051,H,298.4,309.5,1583,44.5,191,0,0,0,0,0,0
52,M10052,M,298.4,308.9,1760,42.3,155,0,0,0,0,0,0
53,H10053,H,298.4,308.1,1481,37.8,230,0,0,0,0,0,0
54,H10054,H,298.3,308.8,1483,42.0,160,0,0,0,0,0,0
55,M10055,M,298.4,308.0,1556,44.4,193,0,0,0,0,0,0
56,H10056,H,298.5,308.9,1472,43.5,3,0,0,0,0,0,0
57,L10057,L,298.5,309.9,1634,53.0,207,1,0,0,1,0,0
58,L10058,L,298.6,306.5,1460,40.8,11,0,0,0,0,0,0
59,L10059,L,298.6,309.4,1497,40.2,144,0,0,0,0,0,0
60,L10060,L,298.6,307.0,1356,38.9,247,1,0,1,0,0,0
61,L10061,L,298.5,309.8,1476,43.3,35,0,0,0,0,0,0
62,L10062,L,298.6,308.0,1399,39.8,15,0,0,0,0,0,0
63,H10063,H,298.6,307.4,1535,40.1,230,0,0,0,0,0,0
64,L10064,L,298.6,309.3,1334,40.1,150,0,0,0,0,0,0
65,L10065,L,298.6,309.0,1598,39.2,199,0,0,0,0,0,0
66,M10066,M,298.6,307.6,1413,36.3,120,0,0,0,0,0,0
67,L10067,L,298.6,307.4,1678,42.5,136,0,0,0,0,0,0
68,H10068,H,298.6,308.4,1637,38.3,77,0,0,0,0,0,0
69,L10069,L,298.6,307.4,1554,43.7,54,0,0,0,0,0,0
70,H10070,H,298.6,307.6,1346,40.7,72,0,0,0,0,0,0
71,M10071,M,298.7,308.8,1437,37.7,63,0,0,0,0,0,0
72,L10072,L,298.7,307.8,1410,49.4,174,0,0,0,0,0,0
73,L10073,L,298.7,309.1,1423,39.4,244,0,0,0,0,0,0
74,H10074,H,298.7,310.2,1658,43.7,89,1,0,0,0,0,1
75,M10075,M,298.7,308.5,1485,35.8,227,0,0,0,0,0,0
76,M10076,M,298.7,308.8,1434,27.8,194,0,0,0,0,0,0
77,M10077,M,298.7,310.7,1425,36.6,245,0,0,0,0,0,0
78,L10078,L,298.7,307.5,1447,27.2,137,0,0,0,0,0,0
79,L10079,L,298.7,309.9,1553,38.6,250,0,0,0,0,0,0
80,L10080,L,298.6,309.7,1337,48.8,88,0,0,0,0,0,0
81,H10081,H,298.6,309.4,1510,34.6,3,0,0,0,0,0,0
82,M10082,M,298.5,309.8,1542,27.4,29,0,0,0,0,0,0
83,L10083,L,298.5,308.8,1326,49.0,241,1,0,0,0,1,0
84,L10084,L,298.6,308.1,1358,37.1,138,0,0,0,0,0,0
85,L10085,L,298.6,309.7,1495,39.9,50,0,0,0,0,0,0
86,L10086,L,298.6,309.7,1644,44.7,146,0,0,0,0,0,0
87,M10087,M,298.6,309.7,1620,43.1,241,0,0,0,0,0,0
88,M10088,M,298.6,308.6,1439,44.5,140,0,0,0,0,0,0
89,H10089,H,298.6,307.9,1641,45.4,184,0,0,0,0,0,0
90,L10090,L,298.6,308.8,1468,29.5,227,0,0,0,0,0,0
91,L10091,L,298.7,309.6,1467,31.5,130,0,0,0,0,0,0
92,M10092,M,298.7,309.7,1509,47.0,111,0,0,0,0,0,0
93,M10093,M,298.8,308.4,1584,35.3,77,0,0,0,0,0,0
94,M10094,M,298.8,309.1,1439,36.0,201,0,0,0,0,0,0
95,M10095,M,298.8,307.5,1460,32.4,165,0,0,0,0,0,0
96,L10096,L,298.9,309.9,1375,37.6,231,0,0,0,0,0,0
97,M10097,M,298.9,308.1,1535,37.9,26,0,0,0,0,0,0
98,L10098,L,298.9,309.7,1593,34.4,87,0,0,0,0,0,0
99,L10099,L,299.0,307.8,1599,33.7,207,0,0,0,0,0,0
100,L10100,L,299.1,310.1,1363,41.9,137,0,0,0,0,0,0
101,L10101,L,299.1,309.4,1462,35.2,117,0,0,0,0,0,0
102,M10102,M,299.0,308.3,1625,36.4,180,0,0,0,0,0,0
103,L10103,L,299.0,309.7,1523,26.9,154,0,0,0,0,0,0
104,M10104,M,299.1,308.5,1503,51.6,6,0,0,0,0,0,0
105,H10105,H,299.1,309.9,1501,45.7,114,0,0,0,0,0,0
106,L10106,L,299.1,308.9,1554,37.0,91,0,0,0,0,0,0
107,L10107,L,299.2,307.4,1529,34.6,89,0,0,0,0,0,0
108,M10108,M,299.2,308.2,1442,40.1,81,0,0,0,0,0,0
109,L10109,L,299.2,308.8,1588,39.9,12,0,0,0,0,0,0
110,L10110,L,299.3,310.6,1380,32.3,71,0,0,0,0,0,0
111,L10111,L,299.2,310.1,1632,24.7,90,0,0,0,0,0,0
112,L10112,L,299.3,310.9,1410,36.8,187,0,0,0,0,0,0
113,H10113,H,299.3,310.9,1555,30.6,141,0,0,0,0,0,0
114,H10114,H,299.3,308.7,1484,41.0,104,0,0,0,0,0,0
115,M10115,M,299.2,309.1,1452,41.1,43,0,0,0,0,0,0
116,H10116,H,299.3,308.9,1636,34.2,197,0,0,0,0,0,0
117,H10117,H,299.3,308.6,1574,36.8,83,0,0,0,0,0,0
118,L10118,L,299.2,307.4,1494,50.6,245,1,0,0,0,1,0
119,H10119,H,299.3,309.3,1675,44.7,27,0,0,0,0,0,0
120,M10120,M,299.4,308.1,1598,37.3,22,0,0,0,0,0,0
121,H10121,H,299.3,309.2,1419,53.8,11,0,0,0,0,0,0
122,H10122,H,299.2,311.4,1274,32.8,151,0,0,0,0,0,0
123,L10123,L,299.2,308.6,1511,35.1,50,0,0,0,0,0,0
124,L10124,L,299.1,309.3,1638,39.3,107,0,0,0,0,0,0
125,L10125,L,299.0,309.9,1561,30.8,149,0,0,0,0,0,0
126,L10126,L,298.9,309.2,1657,50.7,61,0,0,0,0,0,0
127,H10127,H,298.9,309.2,1440,41.1,25,0,0,0,0,0,0
128,H10128,H,298.9,308.5,1488,35.3,213,0,0,0,0,0,0
129,L10129,L,298.8,308.6,1491,42.7,57,0,0,0,0,0,0
130,M10130,M,298.8,307.9,1524,40.9,198,0,0,0,0,0,0
131,L10131,L,298.8,309.6,1577,38.2,142,0,0,0,0,0,0
132,L10132,L,298.9,307.1,1663,32.7,239,0,0,0,0,0,0
133,L10133,L,298.9,309.9,1684,31.4,221,0,0,0,0,0,0
134,L10134,L,299.0,307.6,1667,53.1,67,1,0,0,1,0,0
135,H10135,H,299.0,309.9,1567,31.9,5,0,0,0,0,0,0
136,L10136,L,299.1,308.7,1466,50.2,239,1,0,0,0,1,0
137,M10137,M,299.0,307.8,1523,34.9,110,0,0,0,0,0,0
138,M10138,M,298.9,309.5,1566,44.7,129,0,0,0,0,0,0
139,L10139,L,298.9,309.8,1514,42.8,158,0,0,0,0,0,0
140,H10140,H,299.0,308.6,1409,44.0,23,0,0,0,0,0,0
141,H10141,H,299.0,309.7,1454,44.4,34,0,0,0,0,0,0
142,L10142,L,299.0,306.7,1587,30.3,46,0,0,0,0,0,0
143,L10143,L,298.9,307.6,1475,35.9,30,0,0,0,0,0,0
144,L10144,L,299.0,310.3,1502,31.8,88,0,0,0,0,0,0
145,L10145,L,299.0,308.8,1492,41.1,199,0,0,0,0,0,0
146,L10146,L,299.1,307.2,1411,32.1,75,0,0,0,0,0,0
147,M10147,M,299.0,308.3,1483,28.1,117,0,0,0,0,0,0
148,M10148,M,299.0,308.1,1454,38.6,249,0,0,0,0,0,0
149,L10149,L,298.9,308.8,1431,26.7,129,0,0,0,0,0,0
150,L10150,L,298.9,308.6,1394,41.6,206,0,0,0,0,0,0
151,H10151,H,298.9,309.1,1490,32.5,103,0,0,0,0,0,0
152,L10152,L,298.8,308.8,1562,35.0,58,0,0,0,0,0,0
153,L10153,L,298.8,310.2,1612,26.3,95,0,0,0,0,0,0
154,L10154,L,298.8,309.2,1361,49.9,62,0,0,0,0,0,0
155,H10155,H,298.8,309.2,1661,31.2,245,0,0,0,0,0,0
156,L10156,L,298.8,309.9,1529,37.8,202,0,0,0,0,0,0
157,M10157,M,298.8,308.4,1387,29.2,144,0,0,0,0,0,0
158,M10158,M,298.8,307.5,1460,35.0,53,0,0,0,0,0,0
159,L10159,L,298.8,310.0,1312,50.5,124,0,0,0,0,0,0
160,M10160,M,298.7,308.9,1338,41.8,148,0,0,0,0,0,0
161,L10161,L,298.7,308.9,1672,35.7,21,0,0,0,0,0,0
162,M10162,M,298.7,308.1,1430,39.8,124,0,0,0,0,0,0
163,M10163,M,298.7,308.1,1554,36.6,96,0,0,0,0,0,0
164,M10164,M,298.7,309.6,1489,39.4,115,0,0,0,0,0,0
165,L10165,L,298.7,309.7,1502,44.5,182,0,0,0,0,0,0
166,H10166,H,298.7,309.5,1537,38.0,28,0,0,0,0,0,0
167,L10167,L,298.7,309.5,1292,41.3,206,0,0,0,0,0,0
168,L10168,L,298.8,309.4,1632,41.4,148,0,0,0,0,0,0
169,L10169,L,298.8,308.9,1490,38.0,245,0,0,0,0,0,0
170,M10170,M,298.8,308.6,1450,35.6,1,0,0,0,0,0,0
171,M10171,M,298.8,310.0,1547,36.8,247,0,0,0,0,0,0
172,L10172,L,298.8,308.5,1428,44.2,41,0,0,0,0,0,0
173,M10173,M,298.8,309.2,1521,44.7,51,0,0,0,0,0,0
174,L10174,L,298.8,308.0,1483,33.2,37,0,0,0,0,0,0
175,M10175,M,298.7,308.0,1571,38.4,130,0,0,0,0,0,0
176,L10176,L,298.7,308.4,1479,35.5,152,0,0,0,0,0,0
177,M10177,M,298.7,307.9,1397,44.8,76,0,0,0,0,0,0
178,L10178,L,298.7,309.5,1536,37.2,215,0,0,0,0,0,0
179,H10179,H,298.8,307.4,1473,53.2,189,0,0,0,0,0,0
180,L10180,L,298.8,308.9,1318,41.3,222,0,0,0,0,0,0
181,L10181,L,298.8,308.9,1520,47.1,142,0,0,0,0,0,0
182,L10182,L,298.8,307.0,1446,33.9,197,0,0,0,0,0,0
183,H10183,H,298.8,308.4,1535,40.1,104,0,0,0,0,0,0
184,H10184,H,298.9,309.1,1414,43.7,9,0,0,0,0,0,0
185,L10185,L,298.8,309.2,1379,33.8,200,0,0,0,0,0,0
186,M10186,M,298.8,308.6,1618,40.1,241,0,0,0,0,0,0
187,H10187,H,298.7,309.4,1584,46.3,232,0,0,0,0,0,0
188,M10188,M,298.7,308.6,1499,38.0,119,0,0,0,0,0,0
189,M10189,M,298.7,308.7,1544,34.9,126,0,0,0,0,0,0
190,L10190,L,298.7,308.9,1581,50.8,113,0,0,0,0,0,0
191,L10191,L,298.6,309.6,1499,33.0,232,0,0,0,0,0,0
192,H10192,H,298.7,308.0,1379,40.9,68,0,0,0,0,0,0
193,H10193,H,298.7,308.2,1530,35.8,108,0,0,0,0,0,0
194,M10194,M,298.6,308.0,1600,34.4,43,0,0,0,0,0,0
195,L10195,L,298.6,308.3,1559,44.4,168,0,0,0,0,0,0
196,L10196,L,298.8,310.2,1506,38.8,210,0,0,0,0,0,0
197,M10197,M,298.8,309.4,1557,42.4,19,0,0,0,0,0,0
198,H10198,H,298.9,307.8,1478,26.5,224,0,0,0,0,0,0
199,H10199,H,298.9,308.3,1604,43.0,106,0,0,0,0,0,0
200,M10200,M,298.9,309.3,1635,35.7,164,0,0,0,0,0,0
201,M10201,M,298.8,307.9,1370,28.7,222,0,0,0,0,0,0
202,L10202,L,298.8,308.0,1612,51.3,166,0,0,0,0,0,0
203,L10203,L,298.7,310.1,1724,43.6,204,0,0,0,0,0,0
204,H10204,H,298.6,308.0,1553,41.4,118,0,0,0,0,0,0
205,M10205,M,298.6,309.5,1598,47.5,229,0,0,0,0,0,0
206,L10206,L,298.5,309.8,1435,41.5,108,0,0,0,0,0,0
207,L10207,L,298.5,307.8,1450,35.2,197,0,0,0,0,0,0
208,M10208,M,298.5,307.6,1479,39.0,238,0,0,0,0,0,0
209,L10209,L,298.6,308.3,1460,35.9,7,0,0,0,0,0,0
210,L10210,L,298.6,307.5,1369,37.0,42,0,0,0,0,0,0
211,M10211,M,298.6,308.7,1483,32.5,137,0,0,0,0,0,0
212,M10212,M,298.5,308.3,1584,34.2,40,0,0,0,0,0,0
213,M10213,M,298.4,308.7,1370,45.4,131,0,0,0,0,0,0
214,L10214,L,298.3,309.7,1518,42.0,205,0,0,0,0,0,0
215,M10215,M,298.3,309.1,1515,37.0,131,0,0,0,0,0,0
216,L10216,L,298.3,308.8,1470,33.8,23,0,0,0,0,0,0
217,L10217,L,298.2,306.3,1550,37.6,238,0,0,0,0,0,0
218,M10218,M,298.2,308.7,1540,29.9,20,0,0,0,0,0,0
219,M10219,M,298.2,309.9,1463,40.8,137,0,0,0,0,0,0
220,H10220,H,298.2,305.2,1606,45.7,45,0,0,0,0,0,0
221,M10221,M,298.3,309.0,1556,54.2,216,0,0,0,0,0,0
222,M10222,M,298.2,308.1,1657,33.4,197,0,0,0,0,0,0
223,L10223,L,298.2,307.4,1493,45.4,207,0,0,0,0,0,0
224,L10224,L,298.2,309.0,1468,35.8,120,0,0,0,0,0,0
225,L10225,L,298.2,309.9,1479,33.2,43,0,0,0,0,0,0
226,L10226,L,298.3,309.0,1618,33.2,219,0,0,0,0,0,0
227,H10227,H,298.3,307.9,1485,40.8,99,0,0,0,0,0,0
228,L10228,L,298.3,307.3,1491,34.4,32,0,0,0,0,0,0
229,H10229,H,298.3,308.4,1696,36.4,93,0,0,0,0,0,0
230,M10230,M,298.3,309.1,1366,37.4,35,0,0,0,0,0,0
231,M10231,M,298.3,307.9,1536,35.6,152,0,0,0,0,0,0
232,M10232,M,298.3,308.0,1494,35.1,12,0,0,0,0,0,0
233,M10233,M,298.3,311.1,1475,25.4,166,0,0,0,0,0,0
234,L10234,L,298.4,309.5,1405,40.5,206,0,0,0,0,0,0
235,L10235,L,298.3,309.5,1434,40.4,165,0,0,0,0,0,0
236,M10236,M,298.3,306.8,1459,35.2,157,0,0,0,0,0,0
237,L10237,L,298.3,307.6,1550,42.2,13,0,0,0,0,0,0
238,L10238,L,298.3,308.4,1585,48.4,49,0,0,0,0,0,0
239,M10239,M,298.2,307.2,1322,40.1,67,0,0,0,0,0,0
240,L10240,L,298.2,309.8,1380,48.0,0,0,0,0,0,0,0
241,H10241,H,298.2,309.6,1555,53.4,188,0,0,0,0,0,0
242,H10242,H,298.2,307.6,1563,55.2,2,1,0,0,1,0,0
243,H10243,H,298.1,309.9,1354,32.9,236,0,0,0,0,0,0
244,L10244,L,298.1,308.1,1587,32.9,177,0,0,0,0,0,0
245,L10245,L,298.1,310.7,1499,37.3,188,0,0,0,0,0,0
246,H10246,H,298.1,308.3,1575,40.8,163,0,0,0,0,0,0
247,L10247,L,298.2,308.7,1415,49.5,131,0,0,0,0,0,0
248,H10248,H,298.2,309.6,1361,43.8,170,0,0,0,0,0,0
249,H10249,H,298.2,309.5,1469,32.8,13,0,0,0,0,0,0
250,H10250,H,298.2,308.7,1474,36.3,88,0,0,0,0,0,0
251,L10251,L,298.2,308.1,1468,39.7,102,0,0,0,0,0,0
252,L10252,L,298.2,308.7,1461,31.1,124,0,0,0,0,0,0
253,H10253,H,298.2,307.4,1669,40.1,66,0,0,0,0,0,0
254,L10254,L,298.1,308.3,1330,32.9,6,0,0,0,0,0,0
255,L10255,L,298.2,307.1,1416,30.1,7,0,0,0,0,0,0
256,M10256,M,298.1,306.4,1458,34.3,43,0,0,0,0,0,0
257,H10257,H,298.2,308.2,1502,42.5,191,0,0,0,0,0,0
258,M10258,M,298.1,309.4,1571,42.4,134,0,0,0,0,0,0
259,M10259,M,298.1,309.1,1587,40.6,247,0,0,0,0,0,0
260,L10260,L,298.1,308.0,1608,45.9,47,0,0,0,0,0,0
261,M10261,M,298.1,309.8,1548,45.3,61,0,0,0,0,0,0
262,H10262,H,298.1,307.6,1327,41.2,24,0,0,0,0,0,0
263,L10263,L,298.2,306.2,1334,40.4,208,1,0,1,0,0,0
264,M10264,M,298.2,306.0,1615,40.8,217,0,0,0,0,0,0
265,H10265,H,298.1,306.9,1608,39.1,117,0,0,0,0,0,0
266,M10266,M,298.2,309.0,1564,27.0,195,0,0,0,0,0,0
267,M10267,M,298.3,307.7,1418,46.8,191,0,0,0,0,0,0
268,M10268,M,298.3,308.8,1468,42.4,112,0,0,0,0,0,0
269,L10269,L,298.3,310.0,1460,32.7,145,0,0,0,0,0,0
270,L10270,L,298.3,307.2,1398,48.6,121,0,0,0,0,0,0
271,H10271,H,298.3,308.8,1526,36.5,3,0,0,0,0,0,0
272,H10272,H,298.3,308.9,1716,39.4,144,0,0,0,0,0,0
273,H10273,H,298.3,307.5,1450,46.1,46,0,0,0,0,0,0
274,H10274,H,298.3,309.7,1630,41.3,117,0,0,0,0,0,0
275,M10275,M,298.3,308.0,1411,48.0,208,0,0,0,0,0,0
276,M10276,M,298.3,308.0,1346,37.9,44,0,0,0,0,0,0
277,M10277,M,298.4,310.5,1599,50.1,88,0,0,0,0,0,0
278,M10278,M,298.5,309.0,1478,35.3,185,0,0,0,0,0,0
279,M10279,M,298.5,309.5,1627,47.9,2,0,0,0,0,0,0
280,M10280,M,298.5,309.9,1647,26.4,139,0,0,0,0,0,0
281,H10281,H,298.4,307.7,1472,33.4,218,0,0,0,0,0,0
282,L10282,L,298.4,309.6,1634,41.8,144,0,0,0,0,0,0
283,L10283,L,298.4,307.9,1412,37.6,117,0,0,0,0,0,0
284,L10284,L,298.4,307.8,1411,39.6,21,0,0,0,0,0,0
285,M10285,M,298.4,308.1,1607,40.2,38,0,0,0,0,0,0
286,L10286,L,298.3,307.7,1345,32.9,38,0,0,0,0,0,0
287,L10287,L,298.3,309.2,1500,33.3,249,0,0,0,0,0,0
288,M10288,M,298.4,308.6,1625,41.4,106,0,0,0,0,0,0
289,L10289,L,298.4,307.9,1632,36.0,239,0,0,0,0,0,0
290,M10290,M,298.5,309.1,1457,48.0,99,0,0,0,0,0,0
291,L10291,L,298.5,308.2,1601,38.8,15,0,0,0,0,0,0
292,L10292,L,298.5,308.1,1388,44.3,228,0,0,0,0,0,0
293,H10293,H,298.5,308.5,1433,42.7,178,0,0,0,0,0,0
294,L10294,L,298.5,308.9,1523,36.4,117,0,0,0,0,0,0
295,L10295,L,298.5,308.9,1538,28.1,28,0,0,0,0,0,0
296,M10296,M,298.5,308.2,1395,47.1,205,0,0,0,0,0,0
297,M10297,M,298.6,309.4,1686,34.1,70,0,0,0,0,0,0
298,L10298,L,298.7,308.4,1312,37.6,168,0,0,0,0,0,0
299,M10299,M,298.8,308.1,1505,39.1,184,0,0,0,0,0,0
300,L10300,L,298.8,307.3,1520,39.7,155,0,0,0,0,0,0
301,L10301,L,298.6,309.6,1325,45.8,76,0,0,0,0,0,0
302,M10302,M,298.6,308.7,1632,40.0,207,0,0,0,0,0,0
303,M10303,M,298.6,308.8,1426,39.2,148,0,0,0,0,0,0
304,M10304,M,298.6,309.6,1510,46.1,131,0,0,0,0,0,0
305,M10305,M,298.6,308.1,1533,43.6,230,0,0,0,0,0,0
306,H10306,H,298.5,307.2,1355,35.6,125,0,0,0,0,0,0
307,M10307,M,298.6,308.6,1393,33.1,98,0,0,0,0,0,0
308,L10308,L,298.5,308.8,1656,35.1,115,0,0,0,0,0,0
309,M10309,M,298.4,308.2,1493,39.7,14,0,0,0,0,0,0
310,L10310,L,298.4,309.9,1230,32.5,248,0,0,0,0,0,0
311,L10311,L,298.5,306.0,1470,40.5,180,0,0,0,0,0,0
312,L10312,L,298.5,309.6,1497,39.2,89,0,0,0,0,0,0
313,L10313,L,298.5,309.3,1522,24.7,173,0,0,0,0,0,0
314,H10314,H,298.4,308.9,1300,31.6,134,0,0,0,0,0,0
315,H10315,H,298.4,305.1,1497,22.7,145,0,0,0,0,0,0
316,M10316,M,298.4,309.7,1417,37.9,88,0,0,0,0,0,0
317,L10317,L,298.5,307.5,1522,46.4,228,0,0,0,0,0,0
318,L10318,L,298.4,307.9,1551,28.7,148,0,0,0,0,0,0
319,L10319,L,298.4,308.2,1540,32.1,115,0,0,0,0,0,0
320,L10320,L,298.3,308.7,1640,39.0,135,0,0,0,0,0,0
321,M10321,M,298.2,308.9,1719,33.6,186,0,0,0,0,0,0
322,M10322,M,298.3,309.2,1387,33.6,19,0,0,0,0,0,0
323,M10323,M,298.3,309.1,1462,43.2,81,0,0,0,0,0,0
324,L10324,L,298.3,308.6,1574,37.0,116,0,0,0,0,0,0
325,H10325,H,298.4,308.8,1487,31.1,210,0,0,0,0,0,0
326,M10326,M,298.3,307.3,1228,27.5,243,0,0,0,0,0,0
327,M10327,M,298.3,307.6,1481,53.3,66,0,0,0,0,0,0
328,M10328,M,298.4,309.3,1623,46.8,182,0,0,0,0,0,0
329,L10329,L,298.4,309.3,1361,37.3,61,0,0,0,0,0,0
330,L10330,L,298.5,309.2,1522,40.5,229,0,0,0,0,0,0
331,L10331,L,298.5,307.9,1309,37.1,17,0,0,0,0,0,0
332,M10332,M,298.4,309.3,1587,43.1,90,0,0,0,0,0,0
333,L10333,L,298.3,307.1,1524,34.9,206,0,0,0,0,0,0
334,L10334,L,298.2,309.3,1443,36.7,109,0,0,0,0,0,0
335,L10335,L,298.3,308.0,1458,42.7,55,0,0,0,0,0,0
336,L10336,L,298.3,310.0,1350,48.7,84,0,0,0,0,0,0
337,H10337,H,298.4,306.9,1601,44.4,149,0,0,0,0,0,0
338,M10338,M,298.3,310.1,1420,47.4,7,0,0,0,0,0,0
339,L10339,L,298.4,308.0,1550,38.1,138,0,0,0,0,0,0
340,L10340,L,298.4,308.0,1404,36.3,106,0,0,0,0,0,0
341,L10341,L,298.4,308.6,1720,28.4,11,0,0,0,0,0,0
342,L10342,L,298.4,307.7,1656,40.4,175,0,0,0,0,0,0
343,L10343,L,298.4,308.3,1707,42.3,102,0,0,0,0,0,0
344,L10344,L,298.4,307.7,1719,38.2,62,0,0,0,0,0,0
345,L10345,L,298.4,307.7,1437,35.3,26,0,0,0,0,0,0
346,M10346,M,298.3,308.8,1412,47.5,34,0,0,0,0,0,0
347,M10347,M,298.3,307.4,1703,43.8,129,0,0,0,0,0,0
348,L10348,L,298.3,307.5,1486,47.9,226,0,0,0,0,0,0
349,L10349,L,298.5,307.1,1583,34.3,222,0,0,0,0,0,0
350,M10350,M,298.5,308.0,1438,35.8,135,0,0,0,0,0,0
351,M10351,M,298.5,309.8,1440,47.2,19,0,0,0,0,0,0
352,H10352,H,298.4,307.6,1583,39.7,7,0,0,0,0,0,0
353,M10353,M,298.3,307.6,1303,36.6,190,0,0,0,0,0,0
354,L10354,L,298.3,308.5,1578,37.0,67,0,0,0,0,0,0
355,L10355,L,298.3,307.9,1552,39.9,158,0,0,0,0,0,0
356,M10356,M,298.4,310.6,1447,46.0,246,0,0,0,0,0,0
357,L10357,L,298.4,308.3,1502,39.0,159,0,0,0,0,0,0
358,M10358,M,298.4,308.8,1518,44.7,140,0,0,0,0,0,0
359,H10359,H,298.4,309.4,1524,42.8,85,0,0,0,0,0,0
360,M10360,M,298.4,309.4,1569,34.7,25,0,0,0,0,0,0
361,L10361,L,298.4,308.6,1419,34.7,80,0,0,0,0,0,0
362,M10362,M,298.5,308.3,1770,37.3,156,0,0,0,0,0,0
363,L10363,L,298.5,310.5,1479,32.0,218,0,0,0,0,0,0
364,M10364,M,298.5,308.4,1487,36.9,119,0,0,0,0,0,0
365,H10365,H,298.4,307.9,1694,49.1,213,0,0,0,0,0,0
366,L10366,L,298.4,307.7,1317,39.8,17,0,0,0,0,0,0
367,H10367,H,298.4,306.7,1693,35.4,68,0,0,0,0,0,0
368,H10368,H,298.3,309.2,1509,51.5,139,0,0,0,0,0,0
369,L10369,L,298.3,306.0,1447,34.4,129,0,0,0,0,0,0
370,L10370,L,298.3,308.3,1388,34.2,169,0,0,0,0,0,0
371,L10371,L,298.3,308.1,1373,47.4,134,0,0,0,0,0,0
372,L10372,L,298.3,310.6,1466,44.0,46,0,0,0,0,0,0
373,L10373,L,298.3,306.5,1528,39.2,122,0,0,0,0,0,0
374,M10374,M,298.3,307.4,1562,45.0,217,0,0,0,0,0,0
375,L10375,L,298.2,308.1,1527,41.8,53,0,0,0,0,0,0
376,L10376,L,298.2,308.0,1449,32.9,230,0,0,0,0,0,0
377,H10377,H,298.4,307.8,1634,25.6,14,0,0,0,0,0,0
378,L10378,L,298.4,308.3,1767,36.6,239,0,0,0,0,0,0
379,H10379,H,298.4,307.1,1649,46.5,245,0,0,0,0,0,0
380,L10380,L,298.4,308.8,1464,37.4,185,0,0,0,0,0,0
381,L10381,L,298.4,306.1,1550,42.8,160,0,0,0,0,0,0
382,M10382,M,298.5,308.4,1557,41.1,238,0,0,0,0,0,0
383,M10383,M,298.5,307.9,1660,29.8,194,0,0,0,0,0,0
384,H10384,H,298.4,309.4,1466,37.6,190,0,0,0,0,0,0
385,M10385,M,298.3,310.1,1404,42.2,233,0,0,0,0,0,0
386,H10386,H,298.4,308.0,1613,35.3,175,0,0,0,0,0,0
387,L10387,L,298.4,309.8,1541,37.8,65,0,0,0,0,0,0
388,L10388,L,298.3,308.0,1389,42.4,80,0,0,0,0,0,0
389,M10389,M,298.3,307.3,1571,40.4,192,0,0,0,0,0,0
390,H10390,H,298.2,309.9,1684,46.3,35,0,0,0,0,0,0
391,H10391,H,298.2,308.7,1431,42.3,234,0,0,0,0,0,0
392,L10392,L,298.3,308.3,1411,34.3,16,0,0,0,0,0,0
393,L10393,L,298.3,309.0,1503,37.1,1,0,0,0,0,0,0
394,M10394,M,298.4,308.7,1568,40.1,32,0,0,0,0,0,0
395,L10395,L,298.5,308.4,1493,48.0,92,0,0,0,0,0,0
396,H10396,H,298.5,307.2,1613,37.2,123,0,0,0,0,0,0
397,H10397,H,298.6,308.4,1526,29.6,133,0,0,0,0,0,0
398,L10398,L,298.6,309.3,1601,42.6,170,0,0,0,0,0,0
399,M10399,M,298.6,308.5,1428,35.5,99,0,0,0,0,0,0
400,M10400,M,298.7,309.6,1377,32.3,87,0,0,0,0,0,0
401,L10401,L,298.8,309.1,1466,40.1,10,0,0,0,0,0,0
402,H10402,H,298.7,307.9,1365,45.8,4,0,0,0,0,0,0
403,M10403,M,298.7,307.4,1541,36.6,29,0,0,0,0,0,0
404,H10404,H,298.7,308.6,1298,43.0,137,0,0,0,0,0,0
405,L10405,L,298.7,308.2,1455,44.1,228,0,0,0,0,0,0
406,H10406,H,298.8,309.1,1471,44.8,90,0,0,0,0,0,0
407,L10407,L,298.7,308.0,1395,35.6,90,0,0,0,0,0,0
408,L10408,L,298.8,308.2,1469,33.3,151,0,0,0,0,0,0
409,H10409,H,298.8,309.8,1500,34.1,186,0,0,0,0,0,0
410,L10410,L,298.8,308.9,1627,44.7,121,0,0,0,0,0,0
411,L10411,L,298.7,308.0,1396,44.0,117,0,0,0,0,0,0
412,H10412,H,298.9,308.9,1536,34.3,245,0,0,0,0,0,0
413,H10413,H,298.9,310.2,1556,52.8,194,0,0,0,0,0,0
414,M10414,M,298.8,309.1,1498,33.5,60,0,0,0,0,0,0
415,M10415,M,298.9,309.5,1450,46.0,101,0,0,0,0,0,0
416,L10416,L,298.9,308.2,1386,49.1,25,0,0,0,0,0,0
417,L10417,L,298.9,309.9,1690,40.7,108,0,0,0,0,0,0
418,L10418,L,298.9,311.3,1507,35.4,111,0,0,0,0,0,0
419,M10419,M,298.9,308.1,1468,35.5,38,0,0,0,0,0,0
420,M10420,M,298.9,307.7,1712,38.4,209,0,0,0,0,0,0
421,M10421,M,298.8,309.0,1522,46.5,2,0,0,0,0,0,0
422,M10422,M,298.7,309.6,1754,32.8,37,0,0,0,0,0,0
423,L10423,L,298.8,308.7,1358,29.0,41,0,0,0,0,0,0
424,L10424,L,298.9,307.8,1476,42.2,47,0,0,0,0,0,0
425,L10425,L,298.9,308.8,1363,43.5,216,0,0,0,0,0,0
426,M10426,M,299.0,309.6,1488,51.8,12,0,0,0,0,0,0
427,L10427,L,299.0,308.5,1487,31.7,88,0,0,0,0,0,0
428,H10428,H,298.9,309.6,1454,39.2,87,0,0,0,0,0,0
429,L10429,L,298.9,310.1,1505,47.0,55,0,0,0,0,0,0
430,L10430,L,298.9,309.2,1459,40.7,232,0,0,0,0,0,0
431,L10431,L,298.9,308.9,1489,38.8,186,0,0,0,0,0,0
432,M10432,M,299.0,309.8,1424,44.7,62,0,0,0,0,0,0
433,M10433,M,299.0,308.1,1644,36.4,79,0,0,0,0,0,0
434,L10434,L,299.0,308.1,1389,45.1,42,0,0,0,0,0,0
435,L10435,L,299.1,308.8,1521,32.5,232,0,0,0,0,0,0
436,M10436,M,299.1,308.6,1381,30.9,233,0,0,0,0,0,0
437,L10437,L,299.0,308.2,1417,38.4,74,0,0,0,0,0,0
438,H10438,H,299.0,310.8,1427,24.6,56,0,0,0,0,0,0
439,M10439,M,299.0,311.2,1487,40.5,148,0,0,0,0,0,0
440,L10440,L,299.0,308.6,1518,29.6,222,0,0,0,0,0,0
441,L10441,L,299.0,309.1,1389,41.7,181,0,0,0,0,0,0
442,H10442,H,299.0,308.8,1459,41.1,206,0,0,0,0,0,0
443,L10443,L,299.1,310.2,1401,39.6,180,0,0,0,0,0,0
444,L10444,L,299.0,310.4,1396,42.6,172,0,0,0,0,0,0
445,H10445,H,298.9,307.2,1613,41.2,240,0,0,0,0,0,0
446,H10446,H,299.0,309.4,1361,38.2,163,0,0,0,0,0,0
447,H10447,H,298.9,307.6,1507,51.0,62,0,0,0,0,0,0
448,M10448,M,299.0,310.7,1670,42.4,125,0,0,0,0,0,0
449,L10449,L,299.0,309.4,1621,44.6,234,0,0,0,0,0,0
450,L10450,L,299.1,308.2,1543,46.4,124,0,0,0,0,0,0
451,M10451,M,299.0,308.7,1498,44.0,0,0,0,0,0,0,0
452,M10452,M,299.0,308.7,1574,52.4,91,0,0,0,0,0,0
453,L10453,L,299.0,309.5,1537,41.0,224,0,0,0,0,0,0
454,H10454,H,299.0,310.1,1642,40.0,194,0,0,0,0,0,0
455,L10455,L,299.1,308.0,1487,36.1,118,0,0,0,0,0,0
456,L10456,L,299.2,311.0,1600,38.5,206,0,0,0,0,0,0
457,L10457,L,299.2,310.8,1467,35.6,160,0,0,0,0,0,0
458,L10458,L,299.1,308.2,1689,44.1,31,0,0,0,0,0,0
459,L10459,L,299.1,309.2,1484,34.5,214,0,0,0,0,0,0
460,L10460,L,299.1,310.8,1338,40.4,185,0,0,0,0,0,0
461,L10461,L,299.1,310.3,1508,43.4,125,0,0,0,0,0,0
462,M10462,M,299.1,308.8,1576,40.9,25,0,0,0,0,0,0
463,M10463,M,299.0,309.9,1663,34.6,60,0,0,0,0,0,0
464,M10464,M,299.0,312.0,1400,44.2,111,0,0,0,0,0,0
465,H10465,H,299.1,309.2,1326,39.5,144,0,0,0,0,0,0
466,L10466,L,299.1,308.4,1550,22.8,200,0,0,0,0,0,0
467,L10467,L,299.1,309.3,1547,34.1,68,0,0,0,0,0,0
468,H10468,H,299.1,309.4,1359,48.4,28,0,0,0,0,0,0
469,L10469,L,299.2,308.7,1467,48.9,62,0,0,0,0,0,0
470,H10470,H,299.2,309.7,1472,43.2,133,0,0,0,0,0,0
471,L10471,L,299.2,307.9,1582,44.7,238,0,0,0,0,0,0
472,H10472,H,299.2,308.5,1459,35.3,104,0,0,0,0,0,0
473,L10473,L,299.2,309.9,1456,38.4,186,0,0,0,0,0,0
474,H10474,H,299.0,307.3,1511,47.4,226,0,0,0,0,0,0
475,M10475,M,299.0,309.9,1362,42.6,114,0,0,0,0,0,0
476,H10476,H,299.0,307.0,1690,40.4,20,0,0,0,0,0,0
477,L10477,L,299.0,307.2,1593,38.9,172,0,0,0,0,0,0
478,M10478,M,298.9,308.4,1430,47.0,172,0,0,0,0,0,0
479,H10479,H,299.0,309.2,1388,46.7,86,0,0,0,0,0,0
480,M10480,M,299.0,310.3,1396,43.9,34,0,0,0,0,0,0
481,M10481,M,299.0,309.0,1559,40.4,51,0,0,0,0,0,0
482,M10482,M,299.0,308.7,1399,37.9,45,0,0,0,0,0,0
483,L10483,L,299.0,309.6,1475,44.2,193,0,0,0,0,0,0
484,M10484,M,299.1,308.2,1331,33.4,56,0,0,0,0,0,0
485,M10485,M,299.1,309.2,1554,34.6,41,0,0,0,0,0,0
486,H10486,H,299.0,307.8,1558,31.3,200,0,0,0,0,0,0
487,L10487,L,299.1,309.1,1482,47.4,76,0,0,0,0,0,0
488,L10488,L,299.1,309.0,1519,35.7,234,0,0,0,0,0,0
489,H10489,H,299.1,308.3,1580,42.4,97,0,0,0,0,0,0
490,H10490,H,299.0,309.2,1517,39.2,15,0,0,0,0,0,0
491,L10491,L,299.0,309.2,1578,57.4,132,1,0,0,1,0,0
492,M10492,M,299.0,310.2,1383,42.7,0,0,0,0,0,0,0
493,L10493,L,299.1,307.5,1538,28.8,231,0,0,0,0,0,0
494,L10494,L,299.1,309.0,1519,47.1,149,0,0,0,0,0,0
495,L10495,L,299.0,308.3,1620,37.7,47,0,0,0,0,0,0
496,L10496,L,299.1,309.9,1503,38.8,237,0,0,0,0,0,0
497,M10497,M,299.1,309.9,1490,36.0,121,0,0,0,0,0,0
498,L10498,L,299.1,309.6,1444,41.2,25,0,0,0,0,0,0
499,H10499,H,299.2,308.5,1649,41.1,33,0,0,0,0,0,0
500,H10500,H,299.2,310.0,1264,36.1,113,0,0,0,0,0,0
501,M10501,M,299.2,307.6,1551,37.0,57,0,0,0,0,0,0
502,M10502,M,299.2,307.5,1498,40.6,212,0,0,0,0,0,0
503,L10503,L,299.3,308.0,1482,25.9,134,0,0,0,0,0,0
504,H10504,H,299.2,309.2,1467,31.4,24,0,0,0,0,0,0
505,M10505,M,299.3,310.0,1494,50.0,184,0,0,0,0,0,0
506,L10506,L,299.2,306.2,1548,42.0,139,0,0,0,0,0,0
507,H10507,H,299.3,310.6,1420,36.9,158,0,0,0,0,0,0
508,H10508,H,299.2,309.3,1514,29.8,238,0,0,0,0,0,0
509,H10509,H,299.2,307.6,1535,39.7,26,0,0,0,0,0,0
510,M10510,M,299.2,309.3,1405,45.9,85,0,0,0,0,0,0
511,M10511,M,299.2,310.3,1550,55.8,161,1,0,0,1,0,0
512,L10512,L,299.2,309.8,1536,51.4,117,0,0,0,0,0,0
513,H10513,H,299.2,310.3,1420,34.7,80,0,0,0,0,0,0
514,H10514,H,299.2,307.8,1381,37.0,250,0,0,0,0,0,0
515,L10515,L,299.2,308.7,1419,31.2,74,0,0,0,0,0,0
516,L10516,L,299.2,308.2,1514,35.0,92,0,0,0,0,0,0
517,L10517,L,299.2,310.9,1492,38.7,33,0,0,0,0,0,0
518,H10518,H,299.2,309.8,1639,37.8,114,0,0,0,0,0,0
519,H10519,H,299.1,312.0,1463,52.3,164,0,0,0,0,0,0
520,L10520,L,299.1,308.7,1411,32.1,185,0,0,0,0,0,0
521,M10521,M,299.1,308.4,1566,39.7,112,0,0,0,0,0,0
522,L10522,L,299.2,309.0,1402,27.6,111,0,0,0,0,0,0
523,H10523,H,299.2,310.5,1421,42.0,59,0,0,0,0,0,0
524,H10524,H,299.1,308.7,1422,31.9,25,0,0,0,0,0,0
525,H10525,H,299.1,309.3,1200,46.6,236,0,0,0,0,0,0
526,L10526,L,299.1,309.2,1557,38.3,125,0,0,0,0,0,0
527,L10527,L,299.2,309.2,1594,31.6,172,0,0,0,0,0,0
528,L10528,L,299.1,308.5,1592,27.4,44,0,0,0,0,0,0
529,L10529,L,299.0,308.9,1689,34.1,31,0,0,0,0,0,0
530,H10530,H,299.0,308.8,1651,41.4,228,0,0,0,0,0,0
531,H10531,H,299.0,309.0,1467,42.5,196,0,0,0,0,0,0
532,H10532,H,299.0,309.9,1611,37.0,211,0,0,0,0,0,0
533,H10533,H,298.9,310.7,1490,45.6,242,0,0,0,0,0,0
534,M10534,M,299.0,308.1,1457,33.2,70,0,0,0,0,0,0
535,M10535,M,299.0,308.6,1424,22.4,234,1,0,0,1,0,0
536,H10536,H,299.0,308.2,1473,41.7,22,0,0,0,0,0,0
537,H10537,H,299.0,309.2,1533,47.7,192,0,0,0,0,0,0
538,L10538,L,299.0,308.5,1658,47.8,166,0,0,0,0,0,0
539,L10539,L,299.0,309.2,1573,32.2,194,0,0,0,0,0,0
540,L10540,L,299.0,310.1,1423,36.7,172,0,0,0,0,0,0
541,H10541,H,299.0,306.5,1396,44.3,194,0,0,0,0,0,0
542,M10542,M,299.0,309.5,1557,36.2,62,0,0,0,0,0,0
543,L10543,L,299.0,308.6,1590,40.6,69,0,0,0,0,0,0
544,M10544,M,299.0,309.4,1623,35.7,222,0,0,0,0,0,0
545,M10545,M,299.0,308.1,1473,33.5,53,0,0,0,0,0,0
546,L10546,L,298.9,310.1,1547,34.6,26,0,0,0,0,0,0
547,L10547,L,299.0,309.9,1586,45.7,92,0,0,0,0,0,0
548,M10548,M,299.1,309.6,1365,40.1,78,0,0,0,0,0,0
549,M10549,M,299.0,309.8,1528,47.6,35,0,0,0,0,0,0
550,M10550,M,299.1,308.3,1590,43.1,132,0,0,0,0,0,0
551,M10551,M,299.0,308.4,1551,49.6,194,0,0,0,0,0,0
552,H10552,H,299.0,309.7,1492,44.9,178,0,0,0,0,0,0
553,M10553,M,299.0,308.2,1761,44.6,216,0,0,0,0,0,0
554,M10554,M,298.9,310.4,1693,39.3,31,0,0,0,0,0,0
555,H10555,H,298.9,308.5,1501,58.1,148,1,0,0,1,0,0
556,L10556,L,298.9,309.4,1481,40.7,239,0,0,0,0,0,0
557,L10557,L,299.0,311.1,1570,28.2,16,0,0,0,0,0,0
558,L10558,L,299.0,308.2,1494,41.6,200,0,0,0,0,0,0
559,M10559,M,298.9,309.0,1627,34.1,153,0,0,0,0,0,0
560,M10560,M,299.0,310.0,1373,46.1,21,0,0,0,0,0,0
561,M10561,M,299.0,309.9,1476,44.4,40,0,0,0,0,0,0
562,L10562,L,298.8,308.5,1569,38.9,237,0,0,0,0,0,0
563,L10563,L,298.9,308.4,1600,34.7,58,0,0,0,0,0,0
564,L10564,L,298.8,308.6,1352,40.9,214,0,0,0,0,0,0
565,L10565,L,298.9,310.3,1405,36.2,74,0,0,0,0,0,0
566,M10566,M,298.8,308.6,1332,44.7,121,0,0,0,0,0,0
567,L10567,L,298.9,309.0,1413,43.3,9,0,0,0,0,0,0
568,L10568,L,298.9,308.5,1372,57.6,86,0,0,0,0,0,0
569,H10569,H,298.9,309.6,1554,37.3,4,0,0,0,0,0,0
570,L10570,L,298.9,309.0,1523,38.2,54,0,0,0,0,0,0
571,M10571,M,298.9,307.8,1485,39.1,25,0,0,0,0,0,0
572,M10572,M,298.9,308.0,1503,39.3,3,0,0,0,0,0,0
573,L10573,L,298.9,306.9,1619,46.2,106,0,0,0,0,0,0
574,M10574,M,298.9,308.0,1396,38.3,26,0,0,0,0,0,0
575,H10575,H,298.9,309.7,1307,51.8,229,0,0,0,0,0,0
576,H10576,H,298.9,310.2,1571,43.5,225,0,0,0,0,0,0
577,L10577,L,298.9,309.6,1461,37.1,125,0,0,0,0,0,0
578,H10578,H,298.8,309.3,1398,35.6,185,0,0,0,0,0,0
579,L10579,L,298.9,308.8,1555,46.2,2,0,0,0,0,0,0
580,L10580,L,298.8,309.6,1303,40.2,49,0,0,0,0,0,0
581,L10581,L,298.8,309.1,1414,40.1,223,0,0,0,0,0,0
582,H10582,H,298.8,310.6,1261,36.4,124,0,0,0,0,0,0
583,L10583,L,298.9,308.8,1526,39.6,25,0,0,0,0,0,0
584,L10584,L,298.8,310.2,1657,36.2,145,0,0,0,0,0,0
585,M10585,M,298.9,309.8,1443,48.2,134,0,0,0,0,0,0
586,L10586,L,299.0,309.7,1421,44.3,116,0,0,0,0,0,0
587,L10587,L,299.0,307.0,1678,39.0,44,0,0,0,0,0,0
588,L10588,L,299.0,309.9,1563,38.9,140,0,0,0,0,0,0
589,L10589,L,299.0,308.9,1738,40.6,5,0,0,0,0,0,0
590,L10590,L,298.9,308.5,1516,40.0,162,0,0,0,0,0,0
591,L10591,L,299.0,307.5,1523,34.3,222,0,0,0,0,0,0
592,M10592,M,299.0,309.0,1644,28.6,233,0,0,0,0,0,0
593,L10593,L,299.0,309.0,1485,35.2,52,0,0,0,0,0,0
594,L10594,L,298.9,307.6,1525,39.2,228,0,0,0,0,0,0
595,H10595,H,298.9,307.4,1258,35.6,234,1,0,1,0,0,0
596,L10596,L,298.9,309.4,1674,44.9,195,0,0,0,0,0,0
597,M10597,M,298.9,309.8,1539,38.6,169,0,0,0,0,0,0
598,L10598,L,299.0,309.2,1489,51.2,3,0,0,0,0,0,0
599,L10599,L,298.9,310.1,1591,36.6,59,0,0,0,0,0,0
600,L10600,L,299.0,308.9,1382,40.8,172,0,0,0,0,0,0
601,L10601,L,299.1,309.0,1445,38.3,71,0,0,0,0,0,0
602,L10602,L,299.1,308.1,1555,42.6,229,0,0,0,0,0,0
603,L10603,L,299.2,307.6,1504,46.4,74,0,0,0,0,0,0
604,L10604,L,299.1,311.0,1545,43.6,65,0,0,0,0,0,0
605,L10605,L,299.1,310.2,1525,27.8,209,0,0,0,0,0,0
606,L10606,L,299.1,307.7,1563,43.0,209,1,1,0,0,0,0
607,L10607,L,299.1,309.3,1368,33.9,21,0,0,0,0,0,0
608,L10608,L,299.1,309.0,1628,38.1,139,0,0,0,0,0,0
609,M10609,M,299.0,308.8,1452,44.1,208,0,0,0,0,0,0
610,M10610,M,299.1,308.7,1506,33.3,50,0,0,0,0,0,0
611,L10611,L,299.1,309.5,1440,46.9,144,0,0,0,0,0,0
612,M10612,M,299.1,309.9,1471,37.9,163,0,0,0,0,0,0
613,M10613,M,299.1,309.5,1523,53.0,92,0,0,0,0,0,0
614,L10614,L,299.1,309.0,1574,40.4,48,0,0,0,0,0,0
615,H10615,H,299.1,309.0,1590,50.2,15,0,0,0,0,0,0
616,H10616,H,299.1,310.1,1543,47.2,232,0,0,0,0,0,0
617,L10617,L,299.1,309.5,1440,36.3,202,0,0,0,0,0,0
618,L10618,L,299.1,309.2,1537,32.2,43,0,0,0,0,0,0
619,H10619,H,299.1,309.1,1524,40.7,106,0,0,0,0,0,0
620,M10620,M,299.2,309.5,1506,36.5,236,0,0,0,0,0,0
621,L10621,L,299.2,308.7,1553,49.5,149,0,0,0,0,0,0
622,L10622,L,299.2,310.0,1372,38.5,93,0,0,0,0,0,0
623,L10623,L,299.1,308.1,1297,38.2,7,0,0,0,0,0,0
624,L10624,L,299.1,308.7,1619,31.6,109,0,0,0,0,0,0
625,M10625,M,299.0,309.6,1487,42.5,17,0,0,0,0,0,0
626,L10626,L,299.0,307.8,1542,33.0,237,0,0,0,0,0,0
627,L10627,L,298.9,307.4,1413,42.7,79,0,0,0,0,0,0
628,M10628,M,299.0,309.0,1626,43.5,238,0,0,0,0,0,0
629,L10629,L,299.0,307.3,1535,35.5,117,0,0,0,0,0,0
630,L10630,L,299.0,307.7,1482,45.7,211,1,1,0,0,0,0
631,M10631,M,298.9,309.7,1529,38.4,230,0,0,0,0,0,0
632,H10632,H,298.9,308.7,1326,31.2,71,0,0,0,0,0,0
633,M10633,M,298.9,310.2,1537,49.3,93,0,0,0,0,0,0
634,M10634,M,299.0,307.8,1649,34.5,37,0,0,0,0,0,0
635,L10635,L,299.0,308.9,1532,43.0,156,0,0,0,0,0,0
636,L10636,L,299.1,309.5,1519,42.6,204,0,0,0,0,0,0
637,M10637,M,299.1,307.9,1468,42.3,80,0,0,0,0,0,0
638,L10638,L,299.2,310.2,1608,42.2,231,0,0,0,0,0,0
639,L10639,L,299.2,309.7,1623,34.2,106,0,0,0,0,0,0
640,L10640,L,299.2,307.6,1457,50.1,208,0,0,0,0,0,0
641,L10641,L,299.2,309.2,1536,45.7,200,0,0,0,0,0,0
642,L10642,L,299.1,309.5,1523,42.9,129,0,0,0,0,0,0
643,L10643,L,299.1,308.5,1540,32.0,186,0,0,0,0,0,0
644,L10644,L,299.1,307.6,1423,34.1,41,0,0,0,0,0,0
645,L10645,L,299.1,309.4,1614,43.9,117,0,0,0,0,0,0
646,H10646,H,299.2,311.4,1557,28.0,215,0,0,0,0,0,0
647,M10647,M,299.2,308.8,1620,42.0,20,0,0,0,0,0,0
648,M10648,M,299.3,310.8,1388,32.0,237,0,0,0,0,0,0
649,M10649,M,299.2,308.5,1394,34.8,129,0,0,0,0,0,0
650,L10650,L,299.2,309.4,1706,31.5,4,0,0,0,0,0,0
651,L10651,L,299.2,309.9,1615,41.5,16,0,0,0,0,0,0
652,M10652,M,299.1,309.1,1418,46.7,23,0,0,0,0,0,0
653,M10653,M,299.1,308.8,1587,42.1,135,0,0,0,0,0,0
654,M10654,M,299.1,309.9,1453,42.7,157,0,0,0,0,0,0
655,L10655,L,299.2,311.1,1330,41.0,177,0,0,0,0,0,0
656,L10656,L,299.2,309.5,1290,44.1,149,0,0,0,0,0,0
657,L10657,L,299.2,308.7,1498,42.8,58,0,0,0,0,0,0
658,L10658,L,299.3,309.1,1656,23.7,151,0,0,0,0,0,0
659,M10659,M,299.3,311.8,1652,45.4,25,0,0,0,0,0,0
660,M10660,M,299.3,309.5,1626,44.8,60,0,0,0,0,0,0
661,L10661,L,299.3,308.7,1583,37.8,135,0,0,0,0,0,0
662,H10662,H,299.4,308.2,1532,28.2,11,0,0,0,0,0,0
663,M10663,M,299.4,307.6,1615,41.5,13,0,0,0,0,0,0
664,L10664,L,299.4,309.8,1299,42.0,29,0,0,0,0,0,0
665,L10665,L,299.3,310.0,1599,37.4,182,0,0,0,0,0,0
666,L10666,L,299.3,308.9,1388,41.1,98,0,0,0,0,0,0
667,L10667,L,299.4,309.3,1409,46.4,188,0,0,0,0,0,0
668,L10668,L,299.4,308.2,1570,54.4,61,0,0,0,0,0,0
669,L10669,L,299.4,309.5,1593,40.9,30,0,0,0,0,0,0
670,L10670,L,299.3,309.8,1439,42.0,219,0,0,0,0,0,0
671,L10671,L,299.3,308.7,1565,35.1,237,0,0,0,0,0,0
672,H10672,H,299.3,311.0,1556,37.0,26,0,0,0,0,0,0
673,L10673,L,299.3,308.5,1469,39.2,227,0,0,0,0,0,0
674,M10674,M,299.4,309.7,1515,47.1,0,0,0,0,0,0,0
675,L10675,L,299.4,310.2,1708,44.9,40,0,0,0,0,0,0
676,H10676,H,299.4,309.3,1472,51.6,141,0,0,0,0,0,0
677,L10677,L,299.4,309.2,1475,31.1,249,0,0,0,0,0,0
678,L10678,L,299.3,307.9,1515,32.1,73,0,0,0,0,0,0
679,H10679,H,299.2,310.6,1482,46.6,177,0,0,0,0,0,0
680,H10680,H,299.3,309.1,1579,48.7,41,0,0,0,0,0,0
681,H10681,H,299.3,309.8,1647,40.2,198,0,0,0,0,0,0
682,L10682,L,299.2,309.9,1475,13.2,39,1,0,0,1,0,0
683,L10683,L,299.2,308.5,1414,35.5,13,0,0,0,0,0,0
684,M10684,M,299.2,309.0,1697,42.0,99,0,0,0,0,0,0
685,H10685,H,299.2,310.5,1512,34.6,90,0,0,0,0,0,0
686,M10686,M,299.2,308.1,1330,41.1,138,0,0,0,0,0,0
687,M10687,M,299.3,311.4,1686,51.4,190,1,0,0,1,0,0
688,L10688,L,299.2,308.4,1613,48.6,105,0,0,0,0,0,0
689,M10689,M,299.2,308.0,1660,44.9,48,0,0,0,0,0,0
690,L10690,L,299.1,309.3,1643,39.6,164,0,0,0,0,0,0
691,L10691,L,299.2,311.4,1764,37.0,105,0,0,0,0,0,0
692,L10692,L,299.1,307.2,1396,44.5,137,0,0,0,0,0,0
693,M10693,M,299.2,309.1,1420,40.2,181,0,0,0,0,0,0
694,L10694,L,299.2,309.7,1451,40.4,6,0,0,0,0,0,0
695,L10695,L,299.2,309.3,1448,30.7,80,0,0,0,0,0,0
696,M10696,M,299.2,309.6,1512,35.7,243,0,0,0,0,0,0
697,L10697,L,299.2,308.5,1451,44.5,139,0,0,0,0,0,0
698,M10698,M,299.3,308.7,1381,33.4,228,0,0,0,0,0,0
699,L10699,L,299.2,309.1,1413,41.6,100,0,0,0,0,0,0
700,L10700,L,299.2,308.1,1471,42.5,54,0,0,0,0,0,0
701,M10701,M,299.2,309.2,1614,42.8,163,0,0,0,0,0,0
702,L10702,L,299.2,308.8,1442,43.4,249,0,0,0,0,0,0
703,L10703,L,299.3,308.8,1581,43.8,6,0,0,0,0,0,0
704,L10704,L,299.3,309.6,1368,36.3,151,0,0,0,0,0,0
705,L10705,L,299.3,307.5,1180,31.2,33,1,0,1,0,0,0
706,H10706,H,299.4,309.2,1487,34.8,125,0,0,0,0,0,0
707,L10707,L,299.3,311.6,1439,44.4,192,0,0,0,0,0,0
708,H10708,H,299.4,308.3,1412,32.8,28,0,0,0,0,0,0
709,L10709,L,299.3,310.6,1400,33.8,25,0,0,0,0,0,0
710,M10710,M,299.3,309.3,1429,33.7,73,0,0,0,0,0,0
711,M10711,M,299.2,308.6,1401,28.9,192,0,0,0,0,0,0
712,M10712,M,299.3,307.9,1410,33.1,44,0,0,0,0,0,0
713,L10713,L,299.3,309.4,1364,46.0,16,0,0,0,0,0,0
714,L10714,L,299.3,310.7,1287,35.7,232,0,0,0,0,0,0
715,L10715,L,299.3,308.9,1279,29.5,163,0,0,0,0,0,0
716,H10716,H,299.2,309.1,1746,36.9,200,0,0,0,0,0,0
717,H10717,H,299.1,310.1,1494,43.1,230,0,0,0,0,0,0
718,H10718,H,299.2,309.5,1652,29.0,62,0,0,0,0,0,0
719,L10719,L,299.2,307.6,1482,45.7,150,0,0,0,0,0,0
720,M10720,M,299.3,309.4,1486,31.4,92,0,0,0,0,0,0
721,H10721,H,299.2,310.8,1531,37.6,65,0,0,0,0,0,0
722,L10722,L,299.3,309.2,1564,37.6,209,0,0,0,0,0,0
723,L10723,L,299.3,306.5,1375,36.6,91,1,0,1,0,0,0
724,M10724,M,299.3,309.7,1462,39.6,116,0,0,0,0,0,0
725,M10725,M,299.4,309.2,1530,44.7,238,0,0,0,0,0,0
726,H10726,H,299.4,307.6,1307,39.8,41,1,0,1,0,0,0
727,L10727,L,299.4,307.7,1630,36.4,240,0,0,0,0,0,0
728,M10728,M,299.4,310.4,1606,42.7,70,0,0,0,0,0,0
729,L10729,L,299.4,308.7,1290,41.2,74,0,0,0,0,0,0
730,L10730,L,299.4,308.5,1412,36.0,70,0,0,0,0,0,0
731,L10731,L,299.3,309.3,1510,40.3,42,0,0,0,0,0,0
732,H10732,H,299.3,308.7,1584,35.5,215,0,0,0,0,0,0
733,M10733,M,299.4,309.5,1653,34.8,54,0,0,0,0,0,0
734,M10734,M,299.5,309.3,1436,44.8,55,0,0,0,0,0,0
735,L10735,L,299.4,308.2,1734,42.7,78,0,0,0,0,0,0
736,H10736,H,299.4,308.8,1495,44.6,158,0,0,0,0,0,0
737,L10737,L,299.4,309.9,1478,43.8,242,0,0,0,0,0,0
738,H10738,H,299.4,309.4,1556,34.7,82,0,0,0,0,0,0
739,L10739,L,299.4,309.3,1531,46.0,183,0,0,0,0,0,0
740,L10740,L,299.4,311.3,1525,38.2,120,0,0,0,0,0,0
741,L10741,L,299.4,310.2,1700,45.6,201,0,0,0,0,0,0
742,L10742,L,299.4,310.2,1525,39.2,175,0,0,0,0,0,0
743,M10743,M,299.5,309.3,1402,41.9,179,0,0,0,0,0,0
744,M10744,M,299.5,309.7,1416,42.1,71,0,0,0,0,0,0
745,L10745,L,299.5,309.0,1647,44.9,0,0,0,0,0,0,0
746,H10746,H,299.4,310.2,1568,30.2,129,0,0,0,0,0,0
747,L10747,L,299.3,309.2,1344,30.5,92,0,0,0,0,0,0
748,M10748,M,299.3,309.5,1339,44.0,41,0,0,0,0,0,0
749,H10749,H,299.3,309.4,1503,42.1,73,0,0,0,0,0,0
750,M10750,M,299.2,309.2,1562,35.3,233,0,0,0,0,0,0
751,L10751,L,299.2,312.1,1432,42.2,8,0,0,0,0,0,0
752,H10752,H,299.2,308.5,1332,31.6,113,0,0,0,0,0,0
753,M10753,M,299.2,308.5,1387,59.6,30,0,0,0,0,0,0
754,L10754,L,299.2,309.9,1665,47.9,95,0,0,0,0,0,0
755,L10755,L,299.2,308.7,1550,43.7,1,0,0,0,0,0,0
756,M10756,M,299.2,308.9,1600,40.5,23,0,0,0,0,0,0
757,M10757,M,299.2,308.1,1616,36.3,228,0,0,0,0,0,0
758,M10758,M,299.3,309.7,1437,32.1,244,0,0,0,0,0,0
759,H10759,H,299.3,309.8,1463,39.3,170,0,0,0,0,0,0
760,M10760,M,299.3,308.9,1483,34.8,197,0,0,0,0,0,0
761,L10761,L,299.4,310.1,1542,35.2,199,0,0,0,0,0,0
762,L10762,L,299.3,307.5,1609,31.5,231,0,0,0,0,0,0
763,L10763,L,299.3,308.6,1687,41.5,216,0,0,0,0,0,0
764,M10764,M,299.4,309.3,1581,37.7,233,0,0,0,0,0,0
765,L10765,L,299.4,308.2,1582,43.2,42,0,0,0,0,0,0
766,M10766,M,299.5,307.7,1693,42.7,50,0,0,0,0,0,0
767,M10767,M,299.4,309.1,1479,41.4,216,0,0,0,0,0,0
768,H10768,H,299.4,310.1,1619,56.0,173,1,0,0,1,0,0
769,L10769,L,299.4,310.7,1558,44.9,74,0,0,0,0,0,0
770,H10770,H,299.4,308.9,1561,32.4,98,0,0,0,0,0,0
771,L10771,L,299.5,310.2,1479,42.8,0,0,0,0,0,0,0
772,H10772,H,299.6,310.2,1361,39.7,123,0,0,0,0,0,0
773,L10773,L,299.6,310.8,1534,32.0,250,0,0,0,0,0,0
774,L10774,L,299.6,309.3,1535,31.5,116,0,0,0,0,0,0
775,M10775,M,299.6,307.8,1442,42.7,86,0,0,0,0,0,0
776,L10776,L,299.6,309.7,1490,44.2,194,0,0,0,0,0,0
777,L10777,L,299.7,308.6,1412,33.7,232,1,1,0,0,0,0
778,M10778,M,299.7,309.0,1413,45.8,128,0,0,0,0,0,0
779,M10779,M,299.7,309.4,1452,41.7,117,0,0,0,0,0,0
780,M10780,M,299.6,309.3,1367,47.2,62,0,0,0,0,0,0
781,M10781,M,299.6,309.7,1442,46.5,235,0,0,0,0,0,0
782,M10782,M,299.6,310.3,1571,39.0,75,0,0,0,0,0,0
783,L10783,L,299.5,309.1,1646,49.8,229,1,0,0,0,1,0
784,L10784,L,299.5,309.9,1708,33.3,189,0,0,0,0,0,0
785,L10785,L,299.6,309.6,1460,54.3,188,0,0,0,0,0,0
786,H10786,H,299.6,310.5,1620,34.7,167,0,0,0,0,0,0
787,M10787,M,299.5,309.3,1534,39.7,94,0,0,0,0,0,0
788,L10788,L,299.6,309.5,1476,36.6,156,0,0,0,0,0,0
789,L10789,L,299.7,309.3,1540,37.7,34,0,0,0,0,0,0
790,H10790,H,299.7,309.5,1610,57.5,91,1,0,0,1,0,0
791,L10791,L,299.7,308.9,1450,37.2,84,0,0,0,0,0,0
792,M10792,M,299.7,308.9,1448,45.1,138,0,0,0,0,0,0
793,M10793,M,299.8,310.5,1459,38.6,217,0,0,0,0,0,0
794,M10794,M,299.8,308.7,1437,45.6,138,0,0,0,0,0,0
795,L10795,L,299.8,309.4,1620,36.7,190,0,0,0,0,0,0
796,H10796,H,299.8,310.8,1424,41.5,196,0,0,0,0,0,0
797,H10797,H,299.9,309.6,1441,43.8,55,0,0,0,0,0,0
798,M10798,M,299.8,310.7,1531,35.7,6,0,0,0,0,0,0
799,M10799,M,299.8,309.3,1523,56.5,50,1,0,0,1,0,0
800,H10800,H,299.8,308.7,1459,44.1,222,0,0,0,0,0,0
801,M10801,M,299.9,308.3,1668,38.6,38,0,0,0,0,0,0
802,L10802,L,299.8,311.1,1437,35.8,41,0,0,0,0,0,0
803,M10803,M,299.8,308.6,1483,40.6,71,0,0,0,0,0,0
804,M10804,M,299.8,310.5,1307,32.7,52,0,0,0,0,0,0
805,L10805,L,299.9,308.9,1470,50.7,90,0,0,0,0,0,0
806,M10806,M,299.9,311.2,1368,42.6,148,0,0,0,0,0,0
807,H10807,H,299.9,312.1,1408,39.5,29,0,0,0,0,0,0
808,H10808,H,299.9,308.3,1304,46.3,205,1,1,1,0,0,0
809,L10809,L,300.0,308.9,1411,35.7,122,0,0,0,0,0,0
810,L10810,L,300.0,310.7,1492,33.1,128,0,0,0,0,0,0
811,H10811,H,300.0,310.5,1476,39.2,236,0,0,0,0,0,0
812,H10812,H,299.9,310.7,1459,40.8,23,0,0,0,0,0,0
813,L10813,L,299.9,309.3,1468,43.2,124,0,0,0,0,0,0
814,H10814,H,299.9,311.9,1450,31.1,133,0,0,0,0,0,0
815,H10815,H,299.9,310.0,1497,37.3,5,0,0,0,0,0,0
816,M10816,M,299.9,308.7,1489,21.5,126,1,0,0,1,0,0
817,M10817,M,300.0,309.7,1527,32.9,116,0,0,0,0,0,0
818,L10818,L,300.0,308.8,1480,44.3,196,0,0,0,0,0,0
819,L10819,L,300.0,311.6,1457,45.8,189,0,0,0,0,0,0
820,L10820,L,300.0,309.3,1578,33.1,34,0,0,0,0,0,0
821,H10821,H,300.0,310.5,1560,38.1,127,0,0,0,0,0,0
822,L10822,L,300.0,309.5,1497,40.2,235,0,0,0,0,0,0
823,L10823,L,300.0,309.4,1620,46.5,78,0,0,0,0,0,0
824,L10824,L,300.0,308.1,1508,49.2,34,0,0,0,0,0,0
825,M10825,M,300.0,310.6,1484,40.9,47,0,0,0,0,0,0
826,H10826,H,300.0,311.3,1493,38.4,113,0,0,0,0,0,0
827,L10827,L,300.1,309.2,1517,31.3,104,0,0,0,0,0,0
828,L10828,L,300.2,308.6,1408,40.6,71,0,0,0,0,0,0
829,M10829,M,300.2,311.0,1313,52.4,42,0,0,0,0,0,0
830,L10830,L,300.2,308.5,1528,47.7,34,0,0,0,0,0,0
831,L10831,L,300.2,311.4,1583,41.0,132,0,0,0,0,0,0
832,L10832,L,300.1,309.2,1400,41.8,30,0,0,0,0,0,0
833,L10833,L,300.2,309.1,1607,35.9,105,0,0,0,0,0,0
834,L10834,L,300.1,310.3,1335,37.9,158,0,0,0,0,0,0
835,L10835,L,300.0,309.0,1444,40.9,100,0,0,0,0,0,0
836,L10836,L,300.0,309.3,1671,40.9,7,0,0,0,0,0,0
837,H10837,H,300.0,310.3,1536,46.1,5,0,0,0,0,0,0
838,L10838,L,300.0,307.5,1470,45.8,86,0,0,0,0,0,0
839,M10839,M,300.0,311.7,1525,43.1,180,0,0,0,0,0,0
840,M10840,M,300.0,310.0,1620,34.0,79,0,0,0,0,0,0
841,L10841,L,299.9,308.6,1355,34.2,43,0,0,0,0,0,0
842,M10842,M,300.0,309.0,1632,34.7,176,0,0,0,0,0,0
843,L10843,L,300.0,311.0,1451,41.4,135,0,0,0,0,0,0
844,H10844,H,300.1,310.7,1571,27.8,63,0,0,0,0,0,0
845,L10845,L,300.1,311.5,1439,40.0,131,0,0,0,0,0,0
846,L10846,L,300.1,309.4,1668,48.5,31,0,0,0,0,0,0
847,L10847,L,300.1,310.4,1497,44.0,52,0,0,0,0,0,0
848,H10848,H,300.1,310.5,1367,37.9,112,0,0,0,0,0,0
849,M10849,M,300.0,310.7,1547,35.8,194,0,0,0,0,0,0
850,M10850,M,300.0,311.1,1630,44.8,62,0,0,0,0,0,0
851,L10851,L,300.0,309.3,1619,41.8,113,0,0,0,0,0,0
852,M10852,M,300.1,309.9,1509,38.5,207,0,0,0,0,0,0
853,L10853,L,300.1,309.5,1581,36.5,187,0,0,0,0,0,0
854,H10854,H,300.1,310.0,1458,40.5,225,0,0,0,0,0,0
855,L10855,L,300.0,310.7,1559,38.2,76,0,0,0,0,0,0
856,L10856,L,300.1,308.4,1536,44.7,160,0,0,0,0,0,0
857,L10857,L,300.1,311.2,1210,47.4,21,0,0,0,0,0,0
858,L10858,L,300.1,308.9,1400,31.8,126,0,0,0,0,0,0
859,M10859,M,300.1,309.8,1521,32.6,30,0,0,0,0,0,0
860,L10860,L,300.2,311.4,1516,48.1,23,0,0,0,0,0,0
861,M10861,M,300.2,310.5,1497,41.0,2,0,0,0,0,0,0
862,L10862,L,300.2,310.5,1509,33.2,32,0,0,0,0,0,0
863,M10863,M,300.1,308.9,1621,45.9,221,0,0,0,0,0,0
864,L10864,L,300.1,309.1,1535,42.1,153,0,0,0,0,0,0
865,L10865,L,300.1,311.1,1267,53.2,225,1,0,0,0,1,0
866,M10866,M,300.1,309.5,1695,38.6,50,0,0,0,0,0,0
867,L10867,L,300.1,309.7,1309,46.7,213,0,0,0,0,0,0
868,L10868,L,300.2,311.1,1596,31.3,29,0,0,0,0,0,0
869,H10869,H,300.2,309.1,1344,48.4,162,0,0,0,0,0,0
870,H10870,H,300.2,310.5,1642,45.7,24,0,0,0,0,0,0
871,L10871,L,300.2,310.2,1472,49.6,27,0,0,0,0,0,0
872,L10872,L,300.3,310.3,1538,46.7,96,0,0,0,0,0,0
873,M10873,M,300.2,309.7,1301,39.4,86,0,0,0,0,0,0
874,L10874,L,300.2,309.7,1573,33.0,25,0,0,0,0,0,0
875,L10875,L,300.3,309.2,1542,36.4,119,0,0,0,0,0,0
876,L10876,L,300.3,310.7,1562,29.4,200,1,1,0,0,0,0
877,M10877,M,300.2,309.6,1595,34.5,135,0,0,0,0,0,0
878,M10878,M,300.3,311.3,1518,42.6,100,0,0,0,0,0,0
879,L10879,L,300.3,310.1,1479,39.7,96,0,0,0,0,0,0
880,L10880,L,300.3,309.3,1419,38.7,14,0,0,0,0,0,0
881,L10881,L,300.3,310.1,1456,35.2,48,0,0,0,0,0,0
882,M10882,M,300.3,309.9,1621,29.4,110,0,0,0,0,0,0
883,L10883,L,300.4,311.4,1416,41.1,7,0,0,0,0,0,0
884,L10884,L,300.3,310.0,1316,42.3,182,0,0,0,0,0,0
885,M10885,M,300.3,310.0,1401,34.1,84,0,0,0,0,0,0
886,L10886,L,300.3,311.7,1561,36.8,127,0,0,0,0,0,0
887,M10887,M,300.3,310.8,1470,49.3,185,0,0,0,0,0,0
888,L10888,L,300.3,312.0,1560,47.0,130,0,0,0,0,0,0
889,L10889,L,300.4,311.6,1300,31.1,136,0,0,0,0,0,0
890,L10890,L,300.3,309.4,1202,39.5,243,0,0,0,0,0,0
891,M10891,M,300.2,311.2,1526,48.7,13,0,0,0,0,0,0
892,H10892,H,300.2,311.7,1600,38.7,229,1,1,0,0,0,0
893,H10893,H,300.2,311.7,1329,38.4,90,0,0,0,0,0,0
894,L10894,L,300.2,311.2,1553,46.6,147,0,0,0,0,0,0
895,M10895,M,300.1,311.1,1619,45.9,248,0,0,0,0,0,0
896,L10896,L,300.0,309.7,1500,45.6,3,0,0,0,0,0,0
897,L10897,L,300.0,309.2,1590,38.4,151,0,0,0,0,0,0
898,H10898,H,300.1,309.7,1519,44.0,218,0,0,0,0,0,0
899,L10899,L,300.1,308.5,1474,49.0,75,0,0,0,0,0,0
900,L10900,L,300.2,311.5,1582,39.7,27,0,0,0,0,0,0
901,L10901,L,300.1,309.9,1691,37.6,98,0,0,0,0,0,0
902,L10902,L,300.1,311.4,1444,47.4,215,0,0,0,0,0,0
903,L10903,L,300.1,308.9,1491,52.3,158,0,0,0,0,0,0
904,M10904,M,300.1,311.2,1401,52.7,250,1,0,0,0,1,0
905,L10905,L,300.2,309.7,1516,37.8,66,0,0,0,0,0,0
906,H10906,H,300.1,308.8,1484,38.4,221,0,0,0,0,0,0
907,H10907,H,300.0,311.6,1616,33.8,191,0,0,0,0,0,0
908,L10908,L,300.0,311.1,1642,40.7,218,0,0,0,0,0,0
909,L10909,L,300.0,310.2,1579,33.6,116,0,0,0,0,0,0
910,L10910,L,300.1,310.1,1605,36.8,16,0,0,0,0,0,0
911,M10911,M,300.1,310.5,1430,44.2,133,0,0,0,0,0,0
912,L10912,L,300.1,310.3,1405,42.3,238,0,0,0,0,0,0
913,M10913,M,300.1,309.3,1544,29.1,106,0,0,0,0,0,0
914,L10914,L,300.1,309.7,1502,49.4,209,0,0,0,0,0,0
915,M10915,M,300.1,312.1,1700,33.5,187,0,0,0,0,0,0
916,L10916,L,300.2,312.8,1308,34.2,226,0,0,0,0,0,0
917,L10917,L,300.1,311.7,1562,32.6,218,0,0,0,0,0,0
918,H10918,H,300.1,310.6,1560,36.0,80,0,0,0,0,0,0
919,M10919,M,300.2,309.8,1424,34.6,10,0,0,0,0,0,0
920,L10920,L,300.2,309.4,1403,34.8,165,0,0,0,0,0,0
921,H10921,H,300.2,309.5,1466,25.2,100,0,0,0,0,0,0
922,L10922,L,300.3,309.7,1336,40.8,233,0,0,0,0,0,0
923,H10923,H,300.3,312.4,1646,41.4,161,0,0,0,0,0,0
924,M10924,M,300.2,312.1,1770,53.5,174,1,0,0,1,0,0
925,L10925,L,300.3,311.0,1466,42.9,159,0,0,0,0,0,0
926,L10926,L,300.2,309.3,1436,37.0,106,0,0,0,0,0,0
927,L10927,L,300.2,311.1,1369,32.8,119,0,0,0,0,0,0
928,M10928,M,300.2,309.9,1390,39.4,184,0,0,0,0,0,0
929,M10929,M,300.2,308.1,1441,42.7,173,0,0,0,0,0,0
930,L10930,L,300.1,310.4,1621,37.0,237,0,0,0,0,0,0
931,L10931,L,300.1,309.3,1819,40.4,162,0,0,0,0,0,0
932,H10932,H,300.1,309.3,1428,51.4,219,0,0,0,0,0,0
933,H10933,H,300.1,309.8,1410,37.7,245,0,0,0,0,0,0
934,M10934,M,300.1,309.6,1383,28.7,149,0,0,0,0,0,0
935,L10935,L,300.2,310.1,1545,45.2,143,0,0,0,0,0,0
936,L10936,L,300.2,310.1,1534,41.9,237,0,0,0,0,0,0
937,L10937,L,300.1,308.3,1510,29.7,105,0,0,0,0,0,0
938,H10938,H,300.1,311.6,1456,42.6,117,0,0,0,0,0,0
939,L10939,L,300.1,309.2,1636,34.0,231,0,0,0,0,0,0
940,M10940,M,300.2,309.2,1576,42.6,75,0,0,0,0,0,0
941,L10941,L,300.1,309.8,1572,51.4,4,0,0,0,0,0,0
942,M10942,M,300.2,310.1,1537,38.9,217,0,0,0,0,0,0
943,M10943,M,300.2,311.6,1481,46.5,25,0,0,0,0,0,0
944,H10944,H,300.1,310.4,1428,32.6,76,0,0,0,0,0,0
945,L10945,L,300.2,310.7,1552,30.9,151,0,0,0,0,0,0
946,L10946,L,300.1,310.4,1542,52.1,235,1,0,0,0,1,0
947,L10947,L,300.1,310.3,1557,41.8,66,0,0,0,0,0,0
948,H10948,H,300.1,310.4,1344,43.8,31,0,0,0,0,0,0
949,H10949,H,300.1,308.2,1534,46.9,150,0,0,0,0,0,0
950,M10950,M,300.1,309.9,1469,36.8,176,0,0,0,0,0,0
951,M10951,M,300.2,311.4,1412,45.0,243,0,0,0,0,0,0
952,M10952,M,300.2,314.1,1573,44.0,228,0,0,0,0,0,0
953,L10953,L,300.1,308.9,1518,32.2,118,0,0,0,0,0,0
954,H10954,H,300.0,310.4,1735,49.1,189,0,0,0,0,0,0
955,L10955,L,300.0,309.4,1548,47.8,101,0,0,0,0,0,0
956,L10956,L,300.0,312.0,1470,32.3,108,0,0,0,0,0,0
957,M10957,M,300.0,308.6,1489,41.2,229,0,0,0,0,0,0
958,L10958,L,300.0,310.6,1383,38.6,204,0,0,0,0,0,0
959,L10959,L,299.9,308.5,1623,48.5,78,0,0,0,0,0,0
960,M10960,M,299.8,309.5,1531,31.5,65,0,0,0,0,0,0
961,L10961,L,299.8,309.8,1533,61.6,138,1,0,0,1,0,0
962,M10962,M,299.8,310.9,1394,39.0,79,0,0,0,0,0,0
963,L10963,L,299.8,308.7,1578,44.4,145,0,0,0,0,0,0
964,L10964,L,299.7,310.4,1406,48.3,225,0,0,0,0,0,0
965,L10965,L,299.8,309.8,1445,38.8,9,0,0,0,0,0,0
966,L10966,L,299.8,310.1,1513,39.3,76,0,0,0,0,0,0
967,M10967,M,299.8,310.8,1442,37.0,223,0,0,0,0,0,0
968,L10968,L,299.8,308.5,1421,34.7,59,0,0,0,0,0,0
969,M10969,M,299.8,310.6,1495,41.6,7,0,0,0,0,0,0
970,L10970,L,299.7,309.2,1601,39.2,198,0,0,0,0,0,0
971,M10971,M,299.8,310.9,1590,36.9,47,0,0,0,0,0,0
972,H10972,H,299.8,310.1,1571,37.3,80,0,0,0,0,0,0
973,M10973,M,299.7,309.5,1549,43.5,40,0,0,0,0,0,0
974,L10974,L,299.7,309.1,1452,35.2,218,0,0,0,0,0,0
975,L10975,L,299.7,310.5,1612,38.5,122,0,0,0,0,0,0
976,L10976,L,299.7,311.0,1326,45.4,7,0,0,0,0,0,0
977,M10977,M,299.7,309.1,1543,41.5,92,0,0,0,0,0,0
978,L10978,L,299.6,308.5,1584,33.7,248,0,0,0,0,0,0
979,L10979,L,299.6,310.3,1491,39.9,243,0,0,0,0,0,0
980,M10980,M,299.6,308.2,1428,42.6,164,0,0,0,0,0,0
981,L10981,L,299.5,308.2,1496,45.9,90,0,0,0,0,0,0
982,M10982,M,299.5,308.4,1424,35.5,164,0,0,0,0,0,0
983,L10983,L,299.5,309.1,1551,36.6,63,0,0,0,0,0,0
984,L10984,L,299.5,308.2,1595,35.8,186,0,0,0,0,0,0
985,M10985,M,299.6,307.7,1545,36.1,248,0,0,0,0,0,0
986,L10986,L,299.6,308.5,1539,42.4,126,0,0,0,0,0,0
987,M10987,M,299.6,310.3,1576,43.6,87,0,0,0,0,0,0
988,L10988,L,299.6,308.4,1588,46.3,44,0,0,0,0,0,0
989,L10989,L,299.6,309.3,1422,39.5,143,0,0,0,0,0,0
990,H10990,H,299.6,311.6,1346,31.6,25,0,0,0,0,0,0
991,M10991,M,299.6,309.6,1528,44.0,245,0,0,0,0,0,0
992,M10992,M,299.6,310.0,1592,41.0,158,0,0,0,0,0,0
993,L10993,L,299.6,308.6,1342,40.4,154,0,0,0,0,0,0
994,M10994,M,299.5,311.7,1507,32.3,217,0,0,0,0,0,0
995,L10995,L,299.5,308.9,1613,38.8,170,0,0,0,0,0,0
996,L10996,L,299.6,309.3,1488,32.8,14,0,0,0,0,0,0
997,H10997,H,299.6,310.9,1652,42.9,57,0,0,0,0,0,0
998,L10998,L,299.6,309.4,1633,37.4,176,0,0,0,0,0,0
999,H10999,H,299.6,309.6,1482,36.9,78,0,0,0,0,0,0
1000,L11000,L,299.6,309.3,1463,30.8,214,0,0,0,0,0,0
1001,L11001,L,299.6,309.3,1465,46.2,24,0,0,0,0,0,0
1002,M11002,M,299.6,310.0,1513,38.4,235,0,0,0,0,0,0
1003,H11003,H,299.6,310.1,1383,40.5,67,0,0,0,0,0,0
1004,M11004,M,299.6,308.9,1364,35.6,35,0,0,0,0,0,0
1005,H11005,H,299.5,308.8,1273,30.1,116,0,0,0,0,0,0
1006,M11006,M,299.5,308.9,1498,36.8,79,0,0,0,0,0,0
1007,M11007,M,299.5,308.1,1704,37.8,174,0,0,0,0,0,0
1008,H11008,H,299.5,307.9,1301,41.8,231,1,0,1,0,0,0
1009,L11009,L,299.5,309.8,1482,37.9,58,0,0,0,0,0,0
1010,L11010,L,299.5,310.5,1479,35.7,212,0,0,0,0,0,0
1011,L11011,L,299.5,310.4,1485,31.0,179,0,0,0,0,0,0
1012,H11012,H,299.4,307.1,1626,40.3,39,0,0,0,0,0,0
1013,H11013,H,299.4,309.2,1411,35.2,170,0,0,0,0,0,0
1014,L11014,L,299.4,308.3,1305,47.9,116,0,0,0,0,0,0
1015,M11015,M,299.4,309.6,1447,40.9,183,0,0,0,0,0,0
1016,H11016,H,299.5,309.0,1433,43.4,80,0,0,0,0,0,0
1017,L11017,L,299.5,310.1,1277,38.5,130,0,0,0,0,0,0
1018,M11018,M,299.5,309.5,1525,41.2,70,0,0,0,0,0,0
1019,H11019,H,299.4,307.5,1381,34.7,139,0,0,0,0,0,0
1020,L11020,L,299.5,308.5,1492,32.9,192,0,0,0,0,0,0
1021,M11021,M,299.6,309.6,1464,40.1,170,0,0,0,0,0,0
1022,L11022,L,299.6,309.7,1393,43.4,100,0,0,0,0,0,0
1023,H11023,H,299.5,308.1,1589,28.3,69,0,0,0,0,0,0
1024,H11024,H,299.5,308.0,1472,37.0,173,0,0,0,0,0,0
1025,H11025,H,299.5,309.5,1505,51.1,187,0,0,0,0,0,0
1026,L11026,L,299.5,308.1,1559,42.9,188,0,0,0,0,0,0
1027,H11027,H,299.4,307.8,1529,49.2,176,0,0,0,0,0,0
1028,H11028,H,299.4,309.0,1515,36.2,214,0,0,0,0,0,0
1029,L11029,L,299.4,308.9,1418,37.3,24,0,0,0,0,0,0
1030,H11030,H,299.4,308.5,1389,45.8,88,0,0,0,0,0,0
1031,L11031,L,299.4,308.7,1516,43.7,130,0,0,0,0,0,0
1032,M11032,M,299.4,309.4,1404,39.4,195,0,0,0,0,0,0
1033,L11033,L,299.4,308.6,1579,32.4,62,0,0,0,0,0,0
1034,L11034,L,299.3,309.4,1487,46.9,29,0,0,0,0,0,0
1035,L11035,L,299.3,309.0,1565,55.1,224,1,0,0,1,1,0
1036,M11036,M,299.3,309.5,1401,30.6,92,0,0,0,0,0,0
1037,L11037,L,299.3,310.2,1386,48.4,131,0,0,0,0,0,0
1038,M11038,M,299.4,310.2,1668,37.2,77,0,0,0,0,0,0
1039,L11039,L,299.4,310.7,1485,38.0,84,0,0,0,0,0,0
1040,L11040,L,299.4,310.3,1591,41.6,70,0,0,0,0,0,0
1041,M11041,M,299.5,309.7,1359,32.8,148,0,0,0,0,0,0
1042,M11042,M,299.6,309.1,1472,39.8,247,0,0,0,0,0,0
1043,L11043,L,299.6,309.2,1630,30.3,70,0,0,0,0,0,0
1044,M11044,M,299.6,308.7,1344,42.9,128,0,0,0,0,0,0
1045,H11045,H,299.5,309.5,1728,53.4,187,1,0,0,1,0,0
1046,M11046,M,299.5,310.2,1520,36.2,33,0,0,0,0,0,0
1047,L11047,L,299.5,308.8,1418,39.0,86,0,0,0,0,0,0
1048,L11048,L,299.5,309.5,1535,39.3,130,0,0,0,0,0,0
1049,H11049,H,299.5,308.9,1611,45.9,17,0,0,0,0,0,0
1050,L11050,L,299.6,309.8,1417,42.4,42,0,0,0,0,0,0
1051,H11051,H,299.6,309.0,1432,45.5,75,0,0,0,0,0,0
1052,M11052,M,299.5,308.8,1525,37.0,77,0,0,0,0,0,0
1053,H11053,H,299.5,308.8,1546,42.6,40,0,0,0,0,0,0
1054,M11054,M,299.5,310.0,1480,19.8,219,1,0,0,1,0,0
1055,H11055,H,299.4,309.3,1540,44.0,105,0,0,0,0,0,0
1056,L11056,L,299.5,309.1,1585,32.7,108,0,0,0,0,0,0
1057,M11057,M,299.4,309.7,1517,38.0,23,0,0,0,0,0,0
1058,L11058,L,299.4,309.0,1431,44.5,23,0,0,0,0,0,0
1059,L11059,L,299.5,310.6,1498,30.8,2,0,0,0,0,0,0
1060,M11060,M,299.5,308.5,1676,46.5,186,0,0,0,0,0,0
1061,H11061,H,299.5,309.3,1533,39.3,185,0,0,0,0,0,0
1062,H11062,H,299.5,308.1,1624,48.7,72,0,0,0,0,0,0
1063,M11063,M,299.5,309.1,1449,34.6,23,0,0,0,0,0,0
1064,L11064,L,299.5,307.8,1526,29.1,193,0,0,0,0,0,0
1065,L11065,L,299.5,310.2,1579,39.8,118,0,0,0,0,0,0
1066,M11066,M,299.4,310.2,1650,43.5,39,0,0,0,0,0,0
1067,L11067,L,299.4,310.2,1623,44.0,219,0,0,0,0,0,0
1068,L11068,L,299.4,309.5,1388,33.2,70,0,0,0,0,0,0
1069,L11069,L,299.4,308.6,1615,30.3,136,0,0,0,0,0,0
1070,L11070,L,299.5,308.7,1669,38.1,108,0,0,0,0,0,0
1071,L11071,L,299.5,311.0,1443,43.1,102,0,0,0,0,0,0
1072,L11072,L,299.6,311.0,1411,42.8,187,0,0,0,0,0,0
1073,L11073,L,299.5,309.7,1498,49.4,166,0,0,0,0,0,0
1074,L11074,L,299.6,309.1,1518,37.8,32,0,0,0,0,0,0
1075,H11075,H,299.6,311.0,1465,28.9,161,0,0,0,0,0,0
1076,L11076,L,299.6,308.9,1381,47.2,61,0,0,0,0,0,0
1077,L11077,L,299.6,309.8,1647,41.2,84,0,0,0,0,0,0
1078,M11078,M,299.6,311.0,1414,41.7,60,0,0,0,0,0,0
1079,L11079,L,299.6,308.8,1449,44.6,92,0,0,0,0,0,0
1080,H11080,H,299.6,310.5,1511,47.6,26,0,0,0,0,0,0
1081,M11081,M,299.6,310.1,1353,39.9,125,0,0,0,0,0,0
1082,L11082,L,299.7,309.6,1345,47.1,144,0,0,0,0,0,0
1083,L11083,L,299.7,308.7,1457,43.3,59,0,0,0,0,0,0
1084,H11084,H,299.7,309.0,1583,36.1,169,0,0,0,0,0,0
1085,H11085,H,299.7,310.0,1519,38.6,46,0,0,0,0,0,0
1086,L11086,L,299.8,308.4,1294,43.7,111,1,0,1,0,0,0
1087,M11087,M,299.8,309.9,1639,35.7,86,0,0,0,0,0,0
1088,L11088,L,299.7,310.3,1580,45.3,180,0,0,0,0,0,0
1089,H11089,H,299.8,310.8,1519,40.9,108,0,0,0,0,0,0
1090,L11090,L,299.8,308.4,1516,42.3,148,0,0,0,0,0,0
1091,H11091,H,299.9,311.2,1567,48.6,135,0,0,0,0,0,0
1092,M11092,M,299.9,311.6,1733,42.1,72,0,0,0,0,0,0
1093,M11093,M,299.9,310.3,1588,40.4,121,0,0,0,0,0,0
1094,M11094,M,299.8,308.8,1530,39.5,96,0,0,0,0,0,0
1095,L11095,L,299.8,309.5,1377,39.2,185,0,0,0,0,0,0
1096,L11096,L,299.8,309.8,1516,41.9,67,0,0,0,0,0,0
1097,L11097,L,299.9,310.1,1577,48.2,62,0,0,0,0,0,0
1098,L11098,L,299.9,310.0,1488,36.3,186,0,0,0,0,0,0
1099,M11099,M,299.9,310.2,1448,35.9,81,0,0,0,0,0,0
1100,L11100,L,300.0,309.9,1555,47.7,223,0,0,0,0,0,0
1101,L11101,L,300.0,310.3,1401,36.6,29,0,0,0,0,0,0
1102,H11102,H,300.0,309.6,1587,41.3,24,0,0,0,0,0,0
1103,H11103,H,300.1,309.7,1456,36.4,120,0,0,0,0,0,0
1104,H11104,H,300.0,309.4,1288,29.9,96,0,0,0,0,0,0
1105,H11105,H,300.0,311.9,1455,41.2,98,0,0,0,0,0,0
1106,L11106,L,299.9,311.4,1494,46.7,105,0,0,0,0,0,0
1107,L11107,L,299.9,310.5,1555,39.6,55,0,0,0,0,0,0
1108,M11108,M,299.9,311.3,1544,31.1,161,0,0,0,0,0,0
1109,M11109,M,300.0,310.8,1371,40.7,177,0,0,0,0,0,0
1110,L11110,L,300.0,310.2,1512,35.5,129,0,0,0,0,0,0
1111,H11111,H,300.0,308.5,1447,24.3,204,0,0,0,0,0,0
1112,L11112,L,300.0,309.7,1464,39.5,52,0,0,0,0,0,0
1113,L11113,L,299.8,309.5,1400,43.1,125,0,0,0,0,0,0
1114,M11114,M,299.9,308.7,1495,47.1,40,0,0,0,0,0,0
1115,M11115,M,299.8,308.4,1813,50.5,22,1,0,0,1,0,0
1116,M11116,M,299.8,310.3,1686,43.9,188,0,0,0,0,0,0
1117,L11117,L,299.7,310.0,1400,45.6,214,0,0,0,0,0,0
1118,H11118,H,299.7,308.5,1507,32.3,30,0,0,0,0,0,0
1119,L11119,L,299.7,308.9,1469,49.7,193,0,0,0,0,0,0
1120,L11120,L,299.7,310.9,1514,47.6,1,0,0,0,0,0,0
1121,H11121,H,299.7,308.8,1592,37.8,196,0,0,0,0,0,0
1122,H11122,H,299.8,310.0,1487,44.1,59,0,0,0,0,0,0
1123,H11123,H,299.7,309.5,1429,43.5,77,0,0,0,0,0,0
1124,H11124,H,299.8,310.3,1616,48.8,22,0,0,0,0,0,0
1125,M11125,M,299.8,308.9,1377,39.1,246,0,0,0,0,0,0
1126,M11126,M,299.8,309.9,1519,35.5,184,0,0,0,0,0,0
1127,L11127,L,299.8,310.0,1351,37.1,34,0,0,0,0,0,0
1128,L11128,L,299.8,310.1,1397,45.4,237,0,0,0,0,0,0
1129,L11129,L,299.9,309.9,1574,28.5,0,0,0,0,0,0,0
1130,L11130,L,299.8,310.2,1432,22.0,104,1,0,0,1,0,0
1131,M11131,M,299.8,312.0,1312,45.4,175,0,0,0,0,0,0
1132,L11132,L,299.8,312.4,1428,41.6,48,0,0,0,0,0,0
1133,L11133,L,299.8,309.2,1417,40.1,167,0,0,0,0,0,0
1134,L11134,L,299.8,307.5,1374,32.2,61,1,0,1,0,0,0
1135,M11135,M,299.8,310.4,1555,29.7,14,0,0,0,0,0,0
1136,L11136,L,299.8,310.0,1345,36.2,157,0,0,0,0,0,0
1137,H11137,H,299.8,310.9,1441,42.2,20,0,0,0,0,0,0
1138,L11138,L,299.9,310.2,1513,36.5,135,0,0,0,0,0,0
1139,L11139,L,299.9,310.0,1466,45.4,134,0,0,0,0,0,0
1140,M11140,M,299.9,311.0,1460,34.3,104,0,0,0,0,0,0
1141,H11141,H,299.9,311.2,1428,36.9,33,0,0,0,0,0,0
1142,L11142,L,299.9,308.5,1378,44.2,120,0,0,0,0,0,0
1143,M11143,M,299.9,309.1,1436,37.7,191,0,0,0,0,0,0
1144,M11144,M,299.9,309.8,1566,38.0,169,0,0,0,0,0,0
1145,L11145,L,299.8,309.9,1457,36.1,228,0,0,0,0,0,0
1146,H11146,H,299.8,309.5,1517,35.0,239,0,0,0,0,0,0
1147,M11147,M,299.8,310.3,1612,42.1,180,0,0,0,0,0,0
1148,M11148,M,299.8,310.8,1560,42.9,95,0,0,0,0,0,0
1149,H11149,H,299.8,311.5,1372,41.4,224,0,0,0,0,0,0
1150,H11150,H,299.9,310.4,1545,36.3,197,0,0,0,0,0,0
1151,M11151,M,299.9,309.0,1605,38.8,233,0,0,0,0,0,0
1152,H11152,H,299.8,309.7,1442,49.6,9,0,0,0,0,0,0
1153,M11153,M,299.8,309.8,1341,31.5,89,0,0,0,0,0,0
1154,M11154,M,299.8,310.3,1456,51.3,57,0,0,0,0,0,0
1155,M11155,M,299.7,310.1,1519,40.6,242,0,0,0,0,0,0
1156,M11156,M,299.7,311.7,1559,38.9,108,0,0,0,0,0,0
1157,L11157,L,299.7,309.2,1448,45.7,217,0,0,0,0,0,0
1158,H11158,H,299.7,310.1,1296,27.6,210,0,0,0,0,0,0
1159,H11159,H,299.6,312.0,1372,48.3,98,0,0,0,0,0,0
1160,L11160,L,299.7,309.1,1536,51.1,108,0,0,0,0,0,0
1161,H11161,H,299.7,309.8,1699,46.5,131,0,0,0,0,0,0
1162,L11162,L,299.7,308.7,1498,27.4,88,0,0,0,0,0,0
1163,L11163,L,299.7,309.8,1631,44.6,135,0,0,0,0,0,0
1164,M11164,M,299.6,308.9,1394,49.9,11,0,0,0,0,0,0
1165,L11165,L,299.7,310.7,1435,49.3,117,0,0,0,0,0,0
1166,H11166,H,299.6,309.8,1266,31.6,87,0,0,0,0,0,0
1167,H11167,H,299.6,308.7,1537,46.1,87,0,0,0,0,0,0
1168,M11168,M,299.6,310.5,1411,50.8,208,0,0,0,0,0,0
1169,L11169,L,299.7,309.9,1560,40.2,152,0,0,0,0,0,0
1170,L11170,L,299.7,310.7,1450,31.3,224,0,0,0,0,0,0
1171,M11171,M,299.8,308.6,1702,45.0,154,0,0,0,0,0,0
1172,H11172,H,299.8,310.1,1679,46.3,129,0,0,0,0,0,0
1173,M11173,M,299.7,310.5,1270,39.2,72,0,0,0,0,0,0
1174,L11174,L,299.8,309.3,1559,32.9,182,0,0,0,0,0,0
1175,M11175,M,299.9,308.6,1426,45.9,185,0,0,0,0,0,0
1176,M11176,M,299.9,309.9,1565,35.4,160,0,0,0,0,0,0
1177,M11177,M,299.9,311.1,1366,42.4,82,0,0,0,0,0,0
1178,L11178,L,299.9,311.0,1644,49.3,176,0,0,0,0,0,0
1179,M11179,M,299.8,309.4,1603,30.0,4,0,0,0,0,0,0
1180,M11180,M,299.7,308.4,1359,45.4,46,0,0,0,0,0,0
1181,H11181,H,299.7,309.3,1482,38.8,211,0,0,0,0,0,0
1182,L11182,L,299.8,309.3,1516,38.9,23,0,0,0,0,0,0
1183,M11183,M,299.8,310.2,1572,43.1,120,0,0,0,0,0,0
1184,H11184,H,299.8,309.7,1499,35.4,94,0,0,0,0,0,0
1185,L11185,L,299.9,309.1,1579,32.9,171,0,0,0,0,0,0
1186,H11186,H,299.8,311.0,1493,29.3,195,0,0,0,0,0,0
1187,M11187,M,299.9,310.1,1561,47.4,223,0,0,0,0,0,0
1188,L11188,L,300.0,310.5,1363,37.8,238,0,0,0,0,0,0
1189,L11189,L,300.0,308.3,1497,43.4,226,0,0,0,0,0,0
1190,M11190,M,300.0,307.6,1615,37.1,141,0,0,0,0,0,0
1191,L11191,L,300.0,308.6,1641,33.0,163,0,0,0,0,0,0
1192,M11192,M,300.0,309.5,1517,43.9,50,0,0,0,0,0,0
1193,L11193,L,300.0,310.5,1490,42.0,133,0,0,0,0,0,0
1194,M11194,M,300.0,307.7,1637,38.6,144,0,0,0,0,0,0
1195,L11195,L,300.1,311.7,1490,41.8,81,0,0,0,0,0,0
1196,H11196,H,300.1,310.3,1614,34.2,71,0,0,0,0,0,0
1197,H11197,H,300.0,311.4,1489,46.4,50,0,0,0,0,0,0
1198,H11198,H,300.0,309.1,1504,47.8,51,0,0,0,0,0,0
1199,M11199,M,300.0,310.5,1390,44.6,11,0,0,0,0,0,0
1200,L11200,L,300.0,310.0,1375,37.8,80,0,0,0,0,0,0
1201,M11201,M,299.9,310.8,1598,40.4,94,0,0,0,0,0,0
1202,L11202,L,300.0,309.8,1672,49.4,114,0,0,0,0,0,0
1203,L11203,L,300.0,310.5,1511,47.7,128,0,0,0,0,0,0
1204,L11204,L,300.1,311.2,1483,52.0,10,0,0,0,0,0,0
1205,L11205,L,300.0,309.4,1602,35.3,233,0,0,0,0,0,0
1206,M11206,M,300.0,310.3,1534,34.8,15,0,0,0,0,0,0
1207,M11207,M,300.1,308.2,1260,40.8,100,1,0,1,0,0,0
1208,L11208,L,300.1,310.8,1599,42.4,112,0,0,0,0,0,0
1209,L11209,L,300.2,312.1,1366,39.1,91,0,0,0,0,0,0
1210,H11210,H,300.2,308.9,1499,37.7,8,0,0,0,0,0,0
1211,L11211,L,300.3,310.2,1456,47.6,118,0,0,0,0,0,0
1212,L11212,L,300.3,311.2,1436,39.5,122,0,0,0,0,0,0
1213,L11213,L,300.4,310.4,1505,32.7,7,0,0,0,0,0,0
1214,M11214,M,300.3,310.5,1589,33.4,24,0,0,0,0,0,0
1215,M11215,M,300.3,309.9,1503,41.5,201,0,0,0,0,0,0
1216,L11216,L,300.4,310.0,1641,58.0,167,1,0,0,1,0,0
1217,L11217,L,300.5,310.4,1653,34.1,194,0,0,0,0,0,0
1218,M11218,M,300.5,310.5,1652,38.1,118,0,0,0,0,0,0
1219,M11219,M,300.5,309.3,1494,54.4,150,0,0,0,0,0,0
1220,L11220,L,300.6,310.5,1452,37.1,189,0,0,0,0,0,0
1221,H11221,H,300.5,312.0,1497,42.7,22,0,0,0,0,0,0
1222,L11222,L,300.4,310.0,1613,51.3,43,0,0,0,0,0,0
1223,L11223,L,300.4,309.2,1607,34.3,55,0,0,0,0,0,0
1224,H11224,H,300.4,310.3,1240,38.1,195,0,0,0,0,0,0
1225,L11225,L,300.4,309.7,1531,37.1,122,0,0,0,0,0,0
1226,M11226,M,300.4,309.1,1263,30.9,245,0,0,0,0,0,0
1227,L11227,L,300.5,310.6,1498,49.4,241,1,0,0,0,1,0
1228,L11228,L,300.4,309.7,1447,36.5,22,0,0,0,0,0,0
1229,H11229,H,300.5,309.8,1416,34.7,8,0,0,0,0,0,0
1230,L11230,L,300.5,310.7,1585,37.3,244,0,0,0,0,0,0
1231,H11231,H,300.6,309.0,1435,45.6,3,0,0,0,0,0,0
1232,L11232,L,300.7,308.9,1499,40.7,161,0,0,0,0,0,0
1233,L11233,L,300.7,311.4,1407,35.3,230,0,0,0,0,0,0
1234,L11234,L,300.7,308.8,1507,42.5,209,0,0,0,0,0,0
1235,M11235,M,300.6,309.6,1596,44.9,161,0,0,0,0,0,0
1236,L11236,L,300.6,308.8,1412,39.9,120,0,0,0,0,0,0
1237,H11237,H,300.6,310.1,1564,38.6,97,0,0,0,0,0,0
1238,L11238,L,300.6,311.1,1506,46.1,169,0,0,0,0,0,0
1239,H11239,H,300.6,310.7,1505,38.9,130,0,0,0,0,0,0
1240,L11240,L,300.6,313.0,1465,49.6,82,0,0,0,0,0,0
1241,H11241,H,300.6,311.7,1577,35.5,33,0,0,0,0,0,0
1242,M11242,M,300.6,309.7,1567,35.3,217,0,0,0,0,0,0
1243,M11243,M,300.6,309.5,1487,34.6,226,0,0,0,0,0,0
1244,H11244,H,300.6,313.3,1520,38.6,104,0,0,0,0,0,0
1245,M11245,M,300.6,311.7,1574,40.0,106,0,0,0,0,0,0
1246,M11246,M,300.5,311.1,1554,32.0,222,0,0,0,0,0,0
1247,L11247,L,300.5,310.6,1469,40.6,42,0,0,0,0,0,0
1248,L11248,L,300.5,310.8,1617,43.4,218,0,0,0,0,0,0
1249,H11249,H,300.5,309.0,1586,31.2,194,0,0,0,0,0,0
1250,M11250,M,300.5,310.6,1711,36.9,164,0,0,0,0,0,0
1251,M11251,M,300.5,310.6,1343,43.4,11,0,0,0,0,0,0
1252,L11252,L,300.5,309.6,1570,33.5,238,1,1,0,0,0,0
1253,L11253,L,300.6,310.0,1615,38.1,214,0,0,0,0,0,0
1254,L11254,L,300.6,312.1,1601,46.5,208,0,0,0,0,0,0
1255,M11255,M,300.6,310.5,1475,50.8,15,0,0,0,0,0,0
1256,L11256,L,300.6,312.6,1364,42.6,61,0,0,0,0,0,0
1257,L11257,L,300.6,308.8,1654,39.0,16,0,0,0,0,0,0
1258,L11258,L,300.6,310.1,1452,37.0,14,0,0,0,0,0,0
1259,L11259,L,300.7,309.1,1470,45.5,25,0,0,0,0,0,0
1260,M11260,M,300.7,309.5,1707,46.8,44,0,0,0,0,0,0
1261,L11261,L,300.7,309.9,1373,33.1,129,0,0,0,0,0,0
1262,M11262,M,300.7,311.0,1582,45.5,144,0,0,0,0,0,0
1263,L11263,L,300.7,311.0,1425,36.4,64,0,0,0,0,0,0
1264,L11264,L,300.8,310.1,1422,34.8,93,0,0,0,0,0,0
1265,L11265,L,300.8,308.6,1517,39.1,223,0,0,0,0,0,0
1266,L11266,L,300.8,312.3,1568,45.9,29,0,0,0,0,0,0
1267,L11267,L,300.8,310.5,1595,41.9,233,0,0,0,0,0,0
1268,L11268,L,300.7,309.6,1608,41.7,67,0,0,0,0,0,0
1269,M11269,M,300.7,311.0,1429,42.1,105,0,0,0,0,0,0
1270,L11270,L,300.8,311.0,1386,42.8,43,0,0,0,0,0,0
1271,M11271,M,300.7,310.4,1466,39.3,95,0,0,0,0,0,0
1272,H11272,H,300.7,310.9,1535,43.8,59,0,0,0,0,0,0
1273,M11273,M,300.7,309.6,1479,36.0,226,0,0,0,0,0,0
1274,L11274,L,300.7,311.4,1137,43.9,0,0,0,0,0,0,0
1275,L11275,L,300.7,309.7,1317,45.1,18,0,0,0,0,0,0
1276,L11276,L,300.7,310.1,1476,44.2,32,0,0,0,0,0,0
1277,L11277,L,300.8,311.4,1586,44.5,210,0,0,0,0,0,0
1278,H11278,H,300.7,312.0,1410,42.8,163,0,0,0,0,0,0
1279,L11279,L,300.7,312.3,1573,47.0,90,0,0,0,0,0,0
1280,L11280,L,300.7,311.7,1350,26.4,204,0,0,0,0,0,0
1281,M11281,M,300.7,310.3,1526,45.1,218,0,0,0,0,0,0
1282,M11282,M,300.7,309.1,1526,51.9,237,1,0,0,0,1,0
1283,M11283,M,300.6,312.0,1547,36.3,205,0,0,0,0,0,0
1284,L11284,L,300.7,312.0,1399,35.6,23,0,0,0,0,0,0
1285,L11285,L,300.6,310.0,1345,47.7,226,0,0,0,0,0,0
1286,M11286,M,300.6,311.6,1573,34.4,82,0,0,0,0,0,0
1287,L11287,L,300.6,310.2,1347,36.0,124,0,0,0,0,0,0
1288,L11288,L,300.6,312.1,1423,41.0,152,0,0,0,0,0,0
1289,L11289,L,300.6,310.1,1639,35.2,138,0,0,0,0,0,0
1290,L11290,L,300.7,312.6,1517,45.3,8,0,0,0,0,0,0
1291,L11291,L,300.6,311.4,1537,35.3,5,0,0,0,0,0,0
1292,L11292,L,300.5,312.3,1562,42.2,57,0,0,0,0,0,0
1293,M11293,M,300.6,310.1,1559,41.7,99,0,0,0,0,0,0
1294,M11294,M,300.6,311.0,1498,50.0,121,0,0,0,0,0,0
1295,H11295,H,300.5,309.6,1410,47.0,100,0,0,0,0,0,0
1296,L11296,L,300.4,311.3,1768,36.8,156,0,0,0,0,0,0
1297,L11297,L,300.5,311.4,1471,32.4,200,0,0,0,0,0,0
1298,L11298,L,300.6,313.0,1533,45.0,224,0,0,0,0,0,0
1299,M11299,M,300.5,311.0,1544,36.1,214,0,0,0,0,0,0
1300,M11300,M,300.4,311.2,1447,38.0,206,0,0,0,0,0,0
1301,L11301,L,300.5,310.1,1457,33.6,10,0,0,0,0,0,0
1302,H11302,H,300.5,311.0,1649,44.1,150,0,0,0,0,0,0
1303,L11303,L,300.5,310.1,1426,36.1,153,0,0,0,0,0,0
1304,M11304,M,300.5,310.6,1541,39.8,0,0,0,0,0,0,0
1305,M11305,M,300.4,310.6,1590,39.9,221,0,0,0,0,0,0
1306,H11306,H,300.3,310.0,1479,41.1,80,0,0,0,0,0,0
1307,M11307,M,300.4,310.4,1491,44.0,174,0,0,0,0,0,0
1308,H11308,H,300.3,309.9,1596,38.5,109,0,0,0,0,0,0
1309,L11309,L,300.3,309.9,1486,35.6,168,0,0,0,0,0,0
1310,H11310,H,300.3,311.4,1292,28.8,150,0,0,0,0,0,0
1311,L11311,L,300.3,310.5,1650,40.6,99,0,0,0,0,0,0
1312,H11312,H,300.2,310.6,1402,39.1,104,0,0,0,0,0,0
1313,M11313,M,300.3,308.8,1522,35.7,132,0,0,0,0,0,0
1314,H11314,H,300.3,310.7,1368,40.4,98,0,0,0,0,0,0
1315,L11315,L,300.3,310.8,1449,45.1,177,0,0,0,0,0,0
1316,M11316,M,300.3,309.9,1456,46.7,8,0,0,0,0,0,0
1317,M11317,M,300.4,312.5,1517,30.8,131,0,0,0,0,0,0
1318,M11318,M,300.4,308.1,1412,37.8,198,0,0,0,0,0,0
1319,L11319,L,300.4,311.2,1698,45.8,192,0,0,0,0,0,0
1320,L11320,L,300.4,311.1,1502,49.6,207,0,0,0,0,0,0
1321,L11321,L,300.4,310.9,1588,35.1,56,0,0,0,0,0,0
1322,L11322,L,300.4,310.5,1499,48.3,123,0,0,0,0,0,0
1323,H11323,H,300.4,311.0,1600,31.9,152,0,0,0,0,0,0
1324,L11324,L,300.3,311.2,1290,46.9,185,0,0,0,0,0,0
1325,H11325,H,300.3,309.5,1430,38.3,5,0,0,0,0,0,0
1326,L11326,L,300.3,310.6,1448,49.4,229,1,0,0,0,1,0
1327,L11327,L,300.2,310.1,1447,37.2,141,0,0,0,0,0,0
1328,M11328,M,300.2,309.1,1552,38.1,62,0,0,0,0,0,0
1329,M11329,M,300.1,310.8,1559,39.2,117,0,0,0,0,0,0
1330,L11330,L,300.1,309.6,1493,30.8,228,0,0,0,0,0,0
1331,M11331,M,300.1,308.6,1495,29.4,202,0,0,0,0,0,0
1332,M11332,M,300.2,309.6,1744,43.1,64,0,0,0,0,0,0
1333,L11333,L,300.2,309.4,1532,45.9,51,0,0,0,0,0,0
1334,H11334,H,300.2,311.2,1277,43.6,233,0,0,0,0,0,0
1335,H11335,H,300.2,310.4,1577,32.5,64,0,0,0,0,0,0
1336,M11336,M,300.1,311.5,1556,42.9,244,0,0,0,0,0,0
1337,L11337,L,300.2,309.5,1616,34.1,124,0,0,0,0,0,0
1338,M11338,M,300.1,311.0,1560,42.4,99,0,0,0,0,0,0
1339,L11339,L,300.0,312.9,1410,46.8,135,0,0,0,0,0,0
1340,L11340,L,300.0,310.3,1589,42.2,95,0,0,0,0,0,0
1341,L11341,L,300.0,310.9,1510,48.8,224,0,0,0,0,0,0
1342,L11342,L,300.0,310.7,1605,39.1,7,0,0,0,0,0,0
1343,H11343,H,300.0,308.6,1655,38.7,13,0,0,0,0,0,0
1344,M11344,M,300.0,310.6,1488,40.4,23,0,0,0,0,0,0
1345,M11345,M,300.0,310.3,1588,31.9,191,0,0,0,0,0,0
1346,L11346,L,299.9,309.7,1603,37.6,240,0,0,0,0,0,0
1347,L11347,L,299.9,309.1,1516,38.1,232,0,0,0,0,0,0
1348,L11348,L,299.9,310.6,1696,38.3,92,0,0,0,0,0,0
1349,H11349,H,300.0,309.0,1605,41.6,24,0,0,0,0,0,0
1350,L11350,L,299.9,312.0,1441,31.1,133,0,0,0,0,0,0
1351,H11351,H,299.8,309.9,1526,33.1,128,0,0,0,0,0,0
1352,M11352,M,299.9,308.7,1586,46.8,246,0,0,0,0,0,0
1353,L11353,L,299.9,309.4,1692,28.0,86,0,0,0,0,0,0
1354,M11354,M,299.8,309.6,1562,43.7,232,0,0,0,0,0,0
1355,L11355,L,299.8,312.3,1529,37.8,32,0,0,0,0,0,0
1356,H11356,H,299.8,308.9,1626,41.0,141,0,0,0,0,0,0
1357,H11357,H,299.8,309.7,1478,49.3,190,0,0,0,0,0,0
1358,L11358,L,299.7,309.2,1401,39.2,55,0,0,0,0,0,0
1359,L11359,L,299.9,310.4,1570,43.8,189,0,0,0,0,0,0
1360,M11360,M,299.8,309.3,1462,40.4,27,0,0,0,0,0,0
1361,H11361,H,299.8,308.6,1772,39.3,28,0,0,0,0,0,0
1362,L11362,L,299.8,309.6,1525,38.6,234,0,0,0,0,0,0
1363,M11363,M,299.9,309.6,1571,44.2,231,0,0,0,0,0,0
1364,M11364,M,299.8,309.2,1437,35.6,22,0,0,0,0,0,0
1365,M11365,M,299.8,309.2,1626,33.2,171,0,0,0,0,0,0
1366,L11366,L,299.8,311.0,1497,40.4,37,0,0,0,0,0,0
1367,M11367,M,299.8,309.5,1488,41.2,176,0,0,0,0,0,0
1368,H11368,H,299.7,308.6,1490,29.1,42,0,0,0,0,0,0
1369,L11369,L,299.8,309.3,1371,39.9,9,0,0,0,0,0,0
1370,L11370,L,299.8,309.8,1475,32.6,26,0,0,0,0,0,0
1371,H11371,H,299.8,308.5,1555,43.8,135,0,0,0,0,0,0
1372,L11372,L,299.9,311.5,1345,29.2,235,0,0,0,0,0,0
1373,H11373,H,299.8,310.7,1602,51.6,244,0,0,0,0,0,0
1374,L11374,L,299.9,311.3,1473,38.0,195,0,0,0,0,0,0
1375,L11375,L,299.9,310.3,1524,34.8,212,0,0,0,0,0,0
1376,H11376,H,299.8,307.7,1277,38.3,84,1,0,1,0,0,0
1377,L11377,L,299.8,311.3,1522,43.3,157,0,0,0,0,0,0
1378,M11378,M,299.8,308.9,1396,45.3,12,0,0,0,0,0,0
1379,L11379,L,299.8,309.0,1465,38.4,57,0,0,0,0,0,0
1380,M11380,M,299.7,309.9,1343,31.4,2,0,0,0,0,0,0
1381,L11381,L,299.8,311.2,1412,32.7,211,0,0,0,0,0,0
1382,L11382,L,299.8,310.9,1484,41.7,99,0,0,0,0,0,0
1383,H11383,H,299.8,310.7,1473,45.9,103,0,0,0,0,0,0
1384,L11384,L,299.8,309.5,1588,46.7,4,0,0,0,0,0,0
1385,M11385,M,299.8,309.5,1313,41.0,21,0,0,0,0,0,0
1386,L11386,L,299.7,310.0,1495,45.8,185,0,0,0,0,0,0
1387,M11387,M,299.7,309.6,1490,51.5,65,0,0,0,0,0,0
1388,L11388,L,299.7,310.6,1454,47.1,88,0,0,0,0,0,0
1389,H11389,H,299.7,310.6,1409,45.5,39,0,0,0,0,0,0
1390,L11390,L,299.8,310.4,1610,35.2,87,0,0,0,0,0,0
1391,L11391,L,299.7,307.2,1705,45.8,121,0,0,0,0,0,0
1392,L11392,L,299.7,309.9,1329,42.8,4,0,0,0,0,0,0
1393,L11393,L,299.7,309.6,1408,43.9,143,0,0,0,0,0,0
1394,M11394,M,299.7,309.9,1400,47.6,116,0,0,0,0,0,0
1395,L11395,L,299.8,309.0,1472,42.2,14,0,0,0,0,0,0
1396,H11396,H,299.7,308.4,1626,39.4,242,0,0,0,0,0,0
1397,L11397,L,299.7,310.2,1553,33.6,204,0,0,0,0,0,0
1398,L11398,L,299.7,309.3,1485,38.2,74,0,0,0,0,0,0
1399,M11399,M,299.7,310.2,1502,41.3,79,0,0,0,0,0,0
1400,M11400,M,299.6,308.9,1468,41.7,17,0,0,0,0,0,0
1401,L11401,L,299.6,311.1,1574,41.5,216,0,0,0,0,0,0
1402,L11402,L,299.7,310.7,1586,45.8,174,0,0,0,0,0,0
1403,L11403,L,299.7,310.0,1559,45.2,101,0,0,0,0,0,0
1404,M11404,M,299.6,309.4,1280,39.6,231,0,0,0,0,0,0
1405,M11405,M,299.7,310.5,1501,34.9,131,0,0,0,0,0,0
1406,L11406,L,299.7,310.1,1481,42.3,52,0,0,0,0,0,0
1407,H11407,H,299.8,310.0,1599,53.5,57,0,0,0,0,0,0
1408,H11408,H,299.8,310.8,1524,41.9,111,0,0,0,0,0,0
1409,M11409,M,299.8,311.2,1556,38.2,84,0,0,0,0,0,0
1410,H11410,H,299.8,308.6,1450,43.2,74,0,0,0,0,0,0
1411,L11411,L,299.9,308.9,1594,43.6,57,0,0,0,0,0,0
1412,L11412,L,299.9,309.1,1623,43.5,115,0,0,0,0,0,0
1413,L11413,L,299.9,308.4,1337,48.2,58,1,0,1,0,0,0
1414,L11414,L,299.9,309.9,1370,42.3,161,0,0,0,0,0,0
1415,M11415,M,299.9,310.5,1576,48.0,29,0,0,0,0,0,0
1416,H11416,H,299.9,309.8,1483,41.4,181,0,0,0,0,0,0
1417,L11417,L,299.8,309.3,1603,49.1,67,0,0,0,0,0,0
1418,L11418,L,299.8,310.9,1524,47.2,205,0,0,0,0,0,0
1419,L11419,L,299.8,309.9,1569,45.5,74,0,0,0,0,0,0
1420,H11420,H,299.7,310.1,1425,44.7,67,0,0,0,0,0,0
1421,L11421,L,299.7,310.8,1534,53.8,153,0,0,0,0,0,0
1422,M11422,M,299.7,309.5,1534,46.5,130,0,0,0,0,0,0
1423,L11423,L,299.7,311.7,1431,34.9,247,0,0,0,0,0,0
1424,L11424,L,299.6,309.1,1600,41.5,245,0,0,0,0,0,0
1425,H11425,H,299.5,311.5,1310,38.4,56,0,0,0,0,0,0
1426,H11426,H,299.5,308.6,1521,52.4,164,0,0,0,0,0,0
1427,L11427,L,299.5,310.0,1371,47.5,165,0,0,0,0,0,0
1428,H11428,H,299.6,308.9,1398,52.2,40,0,0,0,0,0,0
1429,M11429,M,299.6,310.7,1599,35.4,3,0,0,0,0,0,0
1430,H11430,H,299.6,309.1,1390,46.6,153,0,0,0,0,0,0
1431,L11431,L,299.7,310.0,1386,31.8,38,0,0,0,0,0,0
1432,M11432,M,299.7,309.0,1558,30.4,108,0,0,0,0,0,0
1433,L11433,L,299.6,310.6,1389,37.6,105,0,0,0,0,0,0
1434,M11434,M,299.7,309.0,1602,49.1,107,0,0,0,0,0,0
1435,L11435,L,299.7,311.4,1564,34.0,169,0,0,0,0,0,0
1436,L11436,L,299.7,308.7,1422,39.9,10,0,0,0,0,0,0
1437,L11437,L,299.7,308.4,1598,47.1,10,0,0,0,0,0,0
1438,M11438,M,299.7,310.7,1306,45.1,53,0,0,0,0,0,0
1439,L11439,L,299.7,309.1,1547,53.3,229,1,0,0,0,1,0
1440,M11440,M,299.7,309.7,1375,40.0,165,0,0,0,0,0,0
1441,H11441,H,299.7,309.4,1448,37.4,19,0,0,0,0,0,0
1442,L11442,L,299.7,308.4,1454,33.4,153,0,0,0,0,0,0
1443,M11443,M,299.8,309.7,1628,37.8,127,0,0,0,0,0,0
1444,L11444,L,299.8,311.1,1450,33.4,229,0,0,0,0,0,0
1445,H11445,H,299.8,310.8,1492,29.2,75,0,0,0,0,0,0
1446,L11446,L,299.8,310.0,1456,51.8,118,0,0,0,0,0,0
1447,M11447,M,299.8,310.9,1402,40.3,220,0,0,0,0,0,0
1448,H11448,H,299.8,308.8,1397,55.5,13,0,0,0,0,0,0
1449,H11449,H,299.9,309.5,1531,35.0,177,0,0,0,0,0,0
1450,M11450,M,299.8,310.2,1497,37.4,122,0,0,0,0,0,0
1451,L11451,L,299.9,309.7,1576,35.3,24,0,0,0,0,0,0
1452,M11452,M,299.9,309.6,1476,36.2,182,0,0,0,0,0,0
1453,H11453,H,299.8,308.6,1479,45.2,178,0,0,0,0,0,0
1454,M11454,M,299.8,307.8,1577,43.4,105,0,0,0,0,0,0
1455,L11455,L,299.7,310.6,1463,45.3,105,0,0,0,0,0,0
1456,H11456,H,299.8,310.0,1356,48.1,102,0,0,0,0,0,0
1457,M11457,M,299.8,310.7,1585,46.6,217,0,0,0,0,0,0
1458,M11458,M,299.8,309.4,1432,33.9,9,0,0,0,0,0,0
1459,L11459,L,299.8,309.1,1507,36.9,13,0,0,0,0,0,0
1460,M11460,M,299.8,309.8,1437,40.7,132,0,0,0,0,0,0
1461,L11461,L,299.9,310.8,1403,62.4,184,1,0,0,1,1,0
1462,M11462,M,300.0,309.7,1310,44.6,21,0,0,0,0,0,0
1463,L11463,L,300.0,310.8,1534,40.6,74,0,0,0,0,0,0
1464,M11464,M,300.0,309.0,1161,44.0,28,0,0,0,0,0,0
1465,H11465,H,300.0,309.9,1630,36.4,134,0,0,0,0,0,0
1466,L11466,L,300.0,309.9,1603,41.6,243,0,0,0,0,0,0
1467,H11467,H,299.9,311.2,1409,45.7,145,0,0,0,0,0,0
1468,L11468,L,300.0,310.2,1659,39.8,158,0,0,0,0,0,0
1469,H11469,H,300.1,311.8,1706,35.5,170,0,0,0,0,0,0
1470,M11470,M,300.1,308.7,1473,39.5,211,0,0,0,0,0,0
1471,M11471,M,300.0,310.1,1541,38.1,248,0,0,0,0,0,0
1472,M11472,M,300.0,310.2,1514,31.9,34,0,0,0,0,0,0
1473,H11473,H,300.0,310.6,1651,36.6,70,0,0,0,0,0,0
1474,L11474,L,300.0,309.2,1361,31.6,93,0,0,0,0,0,0
1475,L11475,L,299.9,311.6,1477,32.6,3,0,0,0,0,0,0
1476,M11476,M,299.9,309.9,1592,33.2,50,0,0,0,0,0,0
1477,H11477,H,299.8,308.7,1581,45.7,93,0,0,0,0,0,0
1478,M11478,M,299.9,309.8,1496,48.9,29,0,0,0,0,0,0
1479,M11479,M,299.8,309.5,1639,30.8,93,0,0,0,0,0,0
1480,L11480,L,299.8,312.6,1523,49.5,180,0,0,0,0,0,0
1481,H11481,H,299.8,310.9,1511,33.2,209,0,0,0,0,0,0
1482,L11482,L,299.8,309.8,1570,44.5,234,0,0,0,0,0,0
1483,M11483,M,299.7,309.6,1494,41.6,109,0,0,0,0,0,0
1484,L11484,L,299.7,310.6,1505,43.8,73,0,0,0,0,0,0
1485,L11485,L,299.6,310.6,1421,33.0,141,0,0,0,0,0,0
1486,L11486,L,299.7,306.7,1793,29.1,163,0,0,0,0,0,0
1487,L11487,L,299.6,310.3,1453,35.2,86,0,0,0,0,0,0
1488,M11488,M,299.7,309.7,1573,42.6,139,0,0,0,0,0,0
1489,L11489,L,299.8,308.4,1691,51.7,75,1,0,0,1,0,0
1490,L11490,L,299.8,310.7,1366,33.8,161,0,0,0,0,0,0
1491,L11491,L,299.8,312.0,1561,39.4,25,0,0,0,0,0,0
1492,L11492,L,299.9,310.4,1502,35.5,133,0,0,0,0,0,0
1493,L11493,L,299.9,311.0,1679,39.9,100,0,0,0,0,0,0
1494,L11494,L,299.9,311.7,1409,28.4,114,0,0,0,0,0,0
1495,M11495,M,299.9,309.0,1425,49.0,180,0,0,0,0,0,0
1496,M11496,M,299.9,308.0,1495,40.1,142,0,0,0,0,0,0
1497,M11497,M,299.9,310.6,1451,45.5,105,0,0,0,0,0,0
1498,L11498,L,299.9,309.7,1454,38.6,102,0,0,0,0,0,0
1499,L11499,L,299.9,308.5,1703,41.1,146,0,0,0,0,0,0
1500,H11500,H,299.9,309.8,1513,46.8,103,0,0,0,0,0,0
1501,M11501,M,299.9,310.7,1422,40.8,174,0,0,0,0,0,0
1502,L11502,L,299.9,309.8,1461,41.0,214,0,0,0,0,0,0
1503,L11503,L,299.8,309.1,1540,35.2,227,0,0,0,0,0,0
1504,L11504,L,299.8,309.6,1534,36.8,76,0,0,0,0,0,0
1505,L11505,L,299.9,309.8,1442,33.9,94,0,0,0,0,0,0
1506,L11506,L,300.0,308.0,1337,35.6,188,1,0,1,0,0,0
1507,M11507,M,299.9,309.8,1495,47.5,228,0,0,0,0,0,0
1508,M11508,M,299.9,308.5,1492,50.9,217,0,0,0,0,0,0
1509,M11509,M,299.9,310.5,1435,32.5,106,0,0,0,0,0,0
1510,M11510,M,299.9,308.4,1628,42.4,111,0,0,0,0,0,0
1511,H11511,H,299.9,310.9,1557,38.1,51,0,0,0,0,0,0
1512,M11512,M,299.9,309.5,1513,48.4,17,0,0,0,0,0,0
1513,H11513,H,299.9,309.4,1464,40.8,187,0,0,0,0,0,0
1514,L11514,L,299.9,310.2,1673,40.0,174,0,0,0,0,0,0
1515,L11515,L,299.8,309.0,1385,35.5,56,0,0,0,0,0,0
1516,L11516,L,299.8,310.1,1450,30.8,32,0,0,0,0,0,0
1517,M11517,M,299.9,309.1,1455,44.6,103,0,0,0,0,0,0
1518,H11518,H,299.9,309.3,1530,42.1,159,0,0,0,0,0,0
1519,L11519,L,299.9,310.3,1566,42.3,131,0,0,0,0,0,0
1520,H11520,H,299.9,308.7,1366,36.4,168,0,0,0,0,0,0
1521,L11521,L,299.9,308.6,1432,39.1,18,0,0,0,0,0,0
1522,H11522,H,299.9,310.2,1545,44.7,6,0,0,0,0,0,0
1523,L11523,L,299.9,309.9,1433,45.9,238,0,0,0,0,0,0
1524,L11524,L,299.9,310.1,1460,32.9,226,0,0,0,0,0,0
1525,L11525,L,300.0,310.3,1517,36.2,25,0,0,0,0,0,0
1526,L11526,L,300.0,310.0,1402,31.7,235,0,0,0,0,0,0
1527,L11527,L,299.9,310.5,1528,41.2,86,0,0,0,0,0,0
1528,L11528,L,299.9,310.0,1561,45.3,97,0,0,0,0,0,0
1529,H11529,H,299.8,307.8,1504,38.3,178,0,0,0,0,0,0
1530,M11530,M,299.9,308.1,1643,36.0,183,0,0,0,0,0,0
1531,L11531,L,299.9,311.9,1573,38.0,198,0,0,0,0,0,0
1532,M11532,M,299.9,309.9,1496,53.8,202,0,0,0,0,0,0
1533,M11533,M,299.9,310.8,1468,47.2,178,0,0,0,0,0,0
1534,L11534,L,299.8,309.5,1675,44.4,135,0,0,0,0,0,0
1535,L11535,L,299.9,309.9,1434,41.9,140,0,0,0,0,0,0
1536,L11536,L,299.9,309.4,1473,39.9,31,0,0,0,0,0,0
1537,L11537,L,299.9,312.3,1459,34.6,232,0,0,0,0,0,0
1538,M11538,M,299.9,310.1,1540,33.6,33,0,0,0,0,0,0
1539,L11539,L,299.9,309.4,1726,36.6,145,0,0,0,0,0,0
1540,M11540,M,299.9,308.2,1525,34.3,206,0,0,0,0,0,0
1541,M11541,M,299.8,311.8,1468,36.4,54,0,0,0,0,0,0
1542,L11542,L,299.8,309.6,1519,39.4,42,0,0,0,0,0,0
1543,M11543,M,299.7,310.5,1369,39.8,151,0,0,0,0,0,0
1544,L11544,L,299.7,310.6,1481,36.3,238,0,0,0,0,0,0
1545,H11545,H,299.8,309.4,1670,43.0,148,0,0,0,0,0,0
1546,L11546,L,299.7,310.4,1566,38.9,145,0,0,0,0,0,0
1547,H11547,H,299.7,309.1,1623,41.3,141,0,0,0,0,0,0
1548,M11548,M,299.7,308.7,1601,35.5,249,0,0,0,0,0,0
1549,L11549,L,299.6,310.8,1429,44.2,180,0,0,0,0,0,0
1550,M11550,M,299.7,309.5,1691,36.8,18,0,0,0,0,0,0
1551,H11551,H,299.7,310.2,1322,49.7,204,0,0,0,0,0,0
1552,M11552,M,299.7,310.1,1533,38.7,56,0,0,0,0,0,0
1553,H11553,H,299.7,310.3,1294,39.4,191,0,0,0,0,0,0
1554,H11554,H,299.7,308.1,1329,43.6,79,1,0,1,0,0,0
1555,L11555,L,299.7,309.1,1594,44.9,1,0,0,0,0,0,0
1556,L11556,L,299.7,309.4,1431,45.5,184,0,0,0,0,0,0
1557,M11557,M,299.7,308.9,1624,50.7,161,0,0,0,0,0,0
1558,L11558,L,299.7,310.1,1283,44.0,48,0,0,0,0,0,0
1559,H11559,H,299.8,311.0,1491,39.6,89,0,0,0,0,0,0
1560,H11560,H,299.8,311.1,1378,36.8,181,0,0,0,0,0,0
1561,L11561,L,299.8,309.4,1467,39.2,250,0,0,0,0,0,0
1562,L11562,L,299.8,310.1,1655,48.9,21,0,0,0,0,0,0
1563,M11563,M,299.8,310.2,1679,31.7,211,0,0,0,0,0,0
1564,L11564,L,299.8,310.4,1551,35.1,220,0,0,0,0,0,0
1565,H11565,H,299.8,308.9,1341,38.7,209,0,0,0,0,0,0
1566,L11566,L,299.8,311.6,1379,35.0,220,0,0,0,0,0,0
1567,M11567,M,299.8,310.7,1516,37.5,233,0,0,0,0,0,0
1568,L11568,L,299.7,310.7,1419,50.8,171,0,0,0,0,0,0
1569,M11569,M,299.7,310.9,1566,38.2,90,0,0,0,0,0,0
1570,L11570,L,299.7,310.2,1668,42.5,162,0,0,0,0,0,0
1571,M11571,M,299.7,308.7,1402,30.1,28,0,0,0,0,0,0
1572,L11572,L,299.8,309.7,1410,33.4,5,0,0,0,0,0,0
1573,M11573,M,299.7,308.0,1382,45.6,243,0,0,0,0,0,0
1574,H11574,H,299.7,310.1,1475,50.0,164,0,0,0,0,0,0
1575,L11575,L,299.6,309.4,1505,41.3,122,0,0,0,0,0,0
1576,L11576,L,299.6,309.5,1502,38.2,216,0,0,0,0,0,0
1577,L11577,L,299.6,310.8,1590,43.0,84,0,0,0,0,0,0
1578,M11578,M,299.7,309.2,1539,24.4,185,0,0,0,0,0,0
1579,M11579,M,299.7,309.4,1494,41.4,191,0,0,0,0,0,0
1580,M11580,M,299.7,309.7,1504,33.7,158,0,0,0,0,0,0
1581,L11581,L,299.7,307.9,1509,44.8,122,0,0,0,0,0,0
1582,L11582,L,299.7,309.5,1494,26.8,103,0,0,0,0,0,0
1583,M11583,M,299.7,307.2,1432,36.2,177,0,0,0,0,0,0
1584,L11584,L,299.7,309.1,1380,39.8,207,0,0,0,0,0,0
1585,H11585,H,299.6,310.5,1514,35.4,187,0,0,0,0,0,0
1586,L11586,L,299.7,310.1,1450,37.7,13,0,0,0,0,0,0
1587,M11587,M,299.7,309.1,1553,45.4,69,0,0,0,0,0,0
1588,L11588,L,299.7,309.8,1507,39.9,138,0,0,0,0,0,0
1589,L11589,L,299.7,308.6,1501,34.4,154,0,0,0,0,0,0
1590,M11590,M,299.7,309.7,1598,45.6,101,0,0,0,0,0,0
1591,M11591,M,299.7,312.6,1360,41.5,68,0,0,0,0,0,0
1592,H11592,H,299.7,311.6,1677,41.8,78,0,0,0,0,0,0
1593,L11593,L,299.7,309.7,1282,34.6,37,0,0,0,0,0,0
1594,L11594,L,299.7,309.9,1645,24.7,61,0,0,0,0,0,0
1595,M11595,M,299.7,308.7,1520,34.6,180,0,0,0,0,0,0
1596,M11596,M,299.6,308.8,1448,34.0,79,0,0,0,0,0,0
1597,L11597,L,299.7,310.0,1353,36.3,145,0,0,0,0,0,0
1598,L11598,L,299.7,309.2,1440,34.9,116,0,0,0,0,0,0
1599,L11599,L,299.7,310.6,1484,40.7,224,0,0,0,0,0,0
1600,H11600,H,299.8,311.4,1519,45.3,226,0,0,0,0,0,0
1601,L11601,L,299.8,310.1,1645,46.5,125,0,0,0,0,0,0
1602,L11602,L,299.8,309.9,1507,45.0,246,1,0,0,0,1,0
1603,L11603,L,299.8,308.2,1532,34.6,179,0,0,0,0,0,0
1604,L11604,L,299.8,310.5,1535,40.4,23,0,0,0,0,0,0
1605,L11605,L,299.9,308.7,1467,49.4,98,0,0,0,0,0,0
1606,M11606,M,299.9,309.5,1481,30.5,134,0,0,0,0,0,0
1607,L11607,L,299.9,310.9,1489,48.1,13,0,0,0,0,0,0
1608,H11608,H,300.0,311.0,1563,34.0,177,0,0,0,0,0,0
1609,L11609,L,299.9,309.5,1409,41.8,93,0,0,0,0,0,0
1610,M11610,M,300.0,309.6,1449,42.5,23,0,0,0,0,0,0
1611,H11611,H,299.9,309.2,1536,41.1,206,0,0,0,0,0,0
1612,M11612,M,299.8,308.6,1392,53.4,12,0,0,0,0,0,0
1613,M11613,M,299.9,309.2,1511,38.2,146,0,0,0,0,0,0
1614,L11614,L,299.9,308.2,1445,30.2,28,0,0,0,0,0,0
1615,L11615,L,299.9,310.5,1551,42.1,21,0,0,0,0,0,0
1616,M11616,M,299.8,310.2,1637,39.0,1,0,0,0,0,0,0
1617,H11617,H,299.9,310.4,1446,43.3,102,0,0,0,0,0,0
1618,M11618,M,299.9,309.0,1576,45.3,204,1,1,0,0,0,0
1619,M11619,M,299.9,308.7,1520,39.8,35,0,0,0,0,0,0
1620,M11620,M,299.9,310.0,1462,42.6,37,0,0,0,0,0,0
1621,L11621,L,300.0,310.0,1501,40.9,17,0,0,0,0,0,0
1622,L11622,L,300.1,309.9,1630,50.8,50,0,0,0,0,0,0
1623,M11623,M,300.1,309.8,1483,37.8,142,0,0,0,0,0,0
1624,H11624,H,300.2,311.9,1631,35.9,127,0,0,0,0,0,0
1625,L11625,L,300.2,310.6,1488,45.3,226,0,0,0,0,0,0
1626,M11626,M,300.1,312.1,1359,34.4,179,0,0,0,0,0,0
1627,L11627,L,300.1,311.3,1485,42.4,16,0,0,0,0,0,0
1628,M11628,M,300.1,311.8,1351,39.0,111,0,0,0,0,0,0
1629,L11629,L,300.1,309.0,1468,39.4,76,0,0,0,0,0,0
1630,L11630,L,300.1,310.7,1464,54.6,21,0,0,0,0,0,0
1631,M11631,M,300.1,309.7,1682,47.4,122,0,0,0,0,0,0
1632,L11632,L,300.2,308.5,1661,46.1,181,0,0,0,0,0,0
1633,M11633,M,300.1,311.6,1509,43.2,179,0,0,0,0,0,0
1634,M11634,M,300.1,309.8,1621,35.9,231,0,0,0,0,0,0
1635,H11635,H,300.1,309.1,1460,41.6,127,0,0,0,0,0,0
1636,L11636,L,300.1,309.7,1357,43.5,212,0,0,0,0,0,0
1637,L11637,L,300.1,309.3,1553,41.2,89,0,0,0,0,0,0
1638,L11638,L,300.1,309.4,1536,40.6,173,0,0,0,0,0,0
1639,H11639,H,300.1,309.8,1406,37.6,131,0,0,0,0,0,0
1640,H11640,H,300.0,311.8,1411,41.6,6,0,0,0,0,0,0
1641,M11641,M,300.1,309.4,1594,36.8,137,0,0,0,0,0,0
1642,H11642,H,300.0,311.7,1332,44.2,14,0,0,0,0,0,0
1643,M11643,M,300.1,310.9,1556,27.9,153,0,0,0,0,0,0
1644,M11644,M,300.0,310.4,1469,48.2,207,0,0,0,0,0,0
1645,L11645,L,300.1,310.9,1556,32.1,39,0,0,0,0,0,0
1646,M11646,M,300.1,310.1,1599,33.6,225,0,0,0,0,0,0
1647,L11647,L,300.1,311.4,1413,42.5,188,0,0,0,0,0,0
1648,H11648,H,300.2,310.7,1386,43.2,208,0,0,0,0,0,0
1649,M11649,M,300.1,308.5,1647,52.5,101,1,0,0,1,0,0
1650,M11650,M,300.0,310.3,1494,41.8,143,0,0,0,0,0,0
1651,L11651,L,300.1,310.8,1533,39.8,97,0,0,0,0,0,0
1652,L11652,L,300.1,309.8,1591,41.1,250,0,0,0,0,0,0
1653,L11653,L,300.1,310.2,1404,49.5,119,0,0,0,0,0,0
1654,L11654,L,300.1,309.5,1590,54.5,220,1,0,0,1,1,0
1655,L11655,L,300.1,308.7,1564,38.9,244,0,0,0,0,0,0
1656,H11656,H,300.2,308.6,1647,43.3,17,0,0,0,0,0,0
1657,M11657,M,300.1,308.5,1645,39.6,202,0,0,0,0,0,0
1658,L11658,L,300.1,310.8,1506,39.4,203,0,0,0,0,0,0
1659,L11659,L,300.1,307.6,1575,51.3,228,1,0,0,0,1,0
1660,L11660,L,300.1,309.4,1504,34.4,1,0,0,0,0,0,0
1661,M11661,M,300.1,309.3,1515,26.0,181,0,0,0,0,0,0
1662,M11662,M,300.0,309.7,1387,41.9,119,0,0,0,0,0,0
1663,H11663,H,300.0,308.2,1478,47.2,145,0,0,0,0,0,0
1664,L11664,L,300.1,310.5,1321,41.3,53,0,0,0,0,0,0
1665,H11665,H,300.1,308.9,1486,43.0,165,0,0,0,0,0,0
1666,H11666,H,300.1,311.3,1632,44.5,96,0,0,0,0,0,0
1667,L11667,L,300.1,309.5,1578,40.7,72,0,0,0,0,0,0
1668,H11668,H,300.1,310.0,1511,43.3,142,0,0,0,0,0,0
1669,L11669,L,300.2,310.2,1480,43.2,191,0,0,0,0,0,0
1670,H11670,H,300.2,310.4,1446,28.2,91,0,0,0,0,0,0
1671,L11671,L,300.2,310.2,1408,40.7,7,0,0,0,0,0,0
1672,H11672,H,300.2,309.7,1582,30.6,173,0,0,0,0,0,0
1673,H11673,H,300.1,310.5,1346,39.8,99,0,0,0,0,0,0
1674,H11674,H,300.0,310.5,1344,37.0,38,0,0,0,0,0,0
1675,M11675,M,300.0,309.3,1590,46.2,179,0,0,0,0,0,0
1676,L11676,L,300.0,310.4,1521,41.5,135,0,0,0,0,0,0
1677,L11677,L,299.9,311.1,1504,42.8,105,0,0,0,0,0,0
1678,L11678,L,299.9,310.6,1521,38.9,177,0,0,0,0,0,0
1679,L11679,L,299.9,310.8,1701,46.3,49,0,0,0,0,0,0
1680,M11680,M,299.9,310.0,1506,30.4,82,0,0,0,0,0,0
1681,L11681,L,299.9,309.0,1529,34.6,195,0,0,0,0,0,0
1682,H11682,H,299.9,309.1,1706,47.7,26,0,0,0,0,0,0
1683,M11683,M,299.8,310.1,1494,37.4,76,0,0,0,0,0,0
1684,H11684,H,299.8,310.8,1673,27.1,37,0,0,0,0,0,0
1685,L11685,L,299.9,312.7,1289,48.7,20,0,0,0,0,0,0
1686,H11686,H,299.8,310.8,1384,46.5,217,0,0,0,0,0,0
1687,H11687,H,299.8,308.6,1433,44.3,44,0,0,0,0,0,0
1688,L11688,L,299.8,309.1,1558,40.6,185,0,0,0,0,0,0
1689,M11689,M,299.7,312.0,1677,50.0,150,0,0,0,0,0,0
1690,M11690,M,299.8,309.6,1441,47.6,181,0,0,0,0,0,0
1691,L11691,L,299.8,309.9,1598,49.3,29,0,0,0,0,0,0
1692,M11692,M,299.8,308.8,1724,44.2,222,0,0,0,0,0,0
1693,L11693,L,299.9,311.4,1656,40.7,94,0,0,0,0,0,0
1694,L11694,L,299.9,310.4,1460,37.6,143,0,0,0,0,0,0
1695,L11695,L,299.9,309.2,1587,32.4,51,0,0,0,0,0,0
1696,L11696,L,299.9,308.9,1534,43.0,250,0,0,0,0,0,0
1697,L11697,L,299.9,310.2,1434,43.5,105,0,0,0,0,0,0
1698,L11698,L,299.9,309.9,1543,37.9,40,0,0,0,0,0,0
1699,H11699,H,299.9,310.7,1453,43.7,198,0,0,0,0,0,0
1700,M11700,M,299.9,310.4,1512,38.0,80,0,0,0,0,0,0
1701,H11701,H,299.8,309.5,1362,45.2,23,0,0,0,0,0,0
1702,L11702,L,299.8,309.3,1324,34.7,147,0,0,0,0,0,0
1703,L11703,L,299.8,309.7,1471,33.7,102,0,0,0,0,0,0
1704,M11704,M,299.8,309.3,1532,38.6,154,0,0,0,0,0,0
1705,L11705,L,299.9,309.7,1387,45.0,1,0,0,0,0,0,0
1706,L11706,L,299.9,309.9,1553,33.0,59,0,0,0,0,0,0
1707,M11707,M,299.8,308.9,1504,46.3,50,0,0,0,0,0,0
1708,L11708,L,299.8,310.4,1565,30.1,128,0,0,0,0,0,0
1709,M11709,M,299.7,309.4,1595,38.5,225,0,0,0,0,0,0
1710,M11710,M,299.8,308.9,1634,31.5,90,0,0,0,0,0,0
1711,L11711,L,299.8,309.4,1560,24.3,100,0,0,0,0,0,0
1712,L11712,L,299.8,310.0,1470,42.2,113,0,0,0,0,0,0
1713,M11713,M,299.8,309.9,1519,38.9,5,0,0,0,0,0,0
1714,L11714,L,299.7,310.1,1733,31.6,165,0,0,0,0,0,0
1715,L11715,L,299.7,310.6,1599,36.9,53,0,0,0,0,0,0
1716,H11716,H,299.7,311.0,1507,42.7,187,0,0,0,0,0,0
1717,L11717,L,299.7,310.0,1485,37.8,26,0,0,0,0,0,0
1718,M11718,M,299.7,308.6,1440,38.8,239,0,0,0,0,0,0
1719,H11719,H,299.7,309.5,1381,37.6,79,0,0,0,0,0,0
1720,L11720,L,299.7,308.7,1671,36.5,189,0,0,0,0,0,0
1721,L11721,L,299.7,311.4,1548,36.4,62,0,0,0,0,0,0
1722,L11722,L,299.7,311.7,1373,36.3,98,0,0,0,0,0,0
1723,L11723,L,299.7,310.4,1487,35.5,90,0,0,0,0,0,0
1724,L11724,L,299.7,310.6,1627,33.9,34,0,0,0,0,0,0
1725,M11725,M,299.7,309.9,1455,37.7,57,0,0,0,0,0,0
1726,L11726,L,299.7,310.0,1419,36.2,246,0,0,0,0,0,0
1727,M11727,M,299.7,308.1,1536,33.6,188,0,0,0,0,0,0
1728,H11728,H,299.8,309.7,1566,44.6,35,0,0,0,0,0,0
1729,H11729,H,299.7,308.9,1455,47.4,101,0,0,0,0,0,0
1730,M11730,M,299.8,310.1,1440,40.0,91,0,0,0,0,0,0
1731,L11731,L,299.9,309.9,1546,40.4,55,0,0,0,0,0,0
1732,M11732,M,299.9,311.9,1388,35.8,66,0,0,0,0,0,0
1733,M11733,M,299.9,310.8,1446,46.4,56,0,0,0,0,0,0
1734,L11734,L,299.9,310.2,1488,50.4,168,0,0,0,0,0,0
1735,L11735,L,299.9,309.6,1574,39.0,30,0,0,0,0,0,0
1736,H11736,H,299.8,311.5,1457,36.9,130,0,0,0,0,0,0
1737,L11737,L,299.8,309.8,1556,42.0,165,0,0,0,0,0,0
1738,L11738,L,299.9,310.2,1617,40.8,180,0,0,0,0,0,0
1739,L11739,L,299.8,309.9,1449,37.0,51,0,0,0,0,0,0
1740,L11740,L,299.8,309.4,1822,42.8,151,0,0,0,0,0,0
1741,H11741,H,299.8,309.8,1642,45.6,153,0,0,0,0,0,0
1742,M11742,M,299.8,307.8,1527,35.3,104,0,0,0,0,0,0
1743,M11743,M,299.8,308.2,1482,55.3,110,0,0,0,0,0,0
1744,L11744,L,299.8,310.1,1444,30.8,91,0,0,0,0,0,0
1745,L11745,L,299.8,311.3,1666,34.9,200,0,0,0,0,0,0
1746,L11746,L,299.8,310.1,1521,41.4,36,0,0,0,0,0,0
1747,L11747,L,299.8,309.1,1356,53.5,116,0,0,0,0,0,0
1748,L11748,L,299.8,308.3,1329,36.6,218,1,0,1,0,0,0
1749,M11749,M,299.8,310.6,1511,33.6,175,0,0,0,0,0,0
1750,L11750,L,299.8,309.2,1513,43.3,66,0,0,0,0,0,0
1751,M11751,M,299.9,310.5,1408,38.5,168,0,0,0,0,0,0
1752,L11752,L,299.9,310.3,1349,44.0,48,0,0,0,0,0,0
1753,L11753,L,299.9,310.4,1304,39.6,27,0,0,0,0,0,0
1754,L11754,L,300.0,310.0,1424,34.9,31,0,0,0,0,0,0
1755,H11755,H,300.0,310.4,1464,54.1,98,0,0,0,0,0,0
1756,H11756,H,300.1,309.9,1569,22.3,198,0,0,0,0,0,0
1757,H11757,H,300.1,309.5,1487,50.9,70,0,0,0,0,0,0
1758,L11758,L,300.0,309.0,1606,45.6,212,0,0,0,0,0,0
1759,L11759,L,300.1,307.7,1561,35.5,31,0,0,0,0,0,0
1760,M11760,M,300.1,309.9,1551,51.2,165,0,0,0,0,0,0
1761,L11761,L,300.1,311.6,1598,31.8,147,0,0,0,0,0,0
1762,H11762,H,300.1,310.8,1361,46.0,135,0,0,0,0,0,0
1763,L11763,L,300.1,310.3,1446,27.5,67,0,0,0,0,0,0
1764,L11764,L,300.1,309.3,1740,33.1,153,0,0,0,0,0,0
1765,L11765,L,300.1,311.0,1309,33.1,206,0,0,0,0,0,0
1766,L11766,L,300.1,310.0,1470,35.5,69,0,0,0,0,0,0
1767,M11767,M,300.1,311.7,1548,40.1,47,0,0,0,0,0,0
1768,L11768,L,300.1,309.1,1312,35.0,95,0,0,0,0,0,0
1769,L11769,L,300.0,309.3,1425,27.8,196,0,0,0,0,0,0
1770,L11770,L,300.1,309.2,1700,42.8,107,0,0,0,0,0,0
1771,L11771,L,300.1,308.6,1517,40.3,45,0,0,0,0,0,0
1772,M11772,M,300.1,309.1,1443,42.5,185,0,0,0,0,0,0
1773,H11773,H,300.0,310.1,1521,41.0,197,0,0,0,0,0,0
1774,H11774,H,300.0,309.2,1442,45.7,66,0,0,0,0,0,0
1775,M11775,M,300.0,306.1,1671,39.5,28,0,0,0,0,0,0
1776,L11776,L,300.1,311.1,1401,46.1,82,0,0,0,0,0,0
1777,M11777,M,300.0,308.3,1448,35.3,137,0,0,0,0,0,0
1778,L11778,L,300.1,310.7,1351,35.7,70,0,0,0,0,0,0
1779,L11779,L,300.1,310.1,1470,48.3,236,1,0,0,0,1,0
1780,H11780,H,300.1,312.2,1483,48.1,192,0,0,0,0,0,0
1781,L11781,L,300.1,311.1,1620,43.4,64,0,0,0,0,0,0
1782,H11782,H,300.0,309.5,1398,34.7,144,0,0,0,0,0,0
1783,L11783,L,300.1,309.4,1548,34.2,21,0,0,0,0,0,0
1784,M11784,M,300.0,311.5,1509,48.0,99,0,0,0,0,0,0
1785,M11785,M,300.0,308.5,1311,47.6,13,1,0,1,0,0,0
1786,H11786,H,300.0,310.2,1427,39.6,5,0,0,0,0,0,0
1787,M11787,M,299.9,309.8,1423,54.1,157,0,0,0,0,0,0
1788,M11788,M,299.9,309.5,1668,42.8,237,0,0,0,0,0,0
1789,L11789,L,299.9,310.2,1555,33.4,46,0,0,0,0,0,0
1790,M11790,M,299.9,310.1,1514,38.3,224,0,0,0,0,0,0
1791,L11791,L,299.9,310.4,1070,40.0,147,0,0,0,0,0,0
1792,M11792,M,299.9,310.0,1309,40.5,143,0,0,0,0,0,0
1793,M11793,M,300.0,310.4,1573,47.5,195,0,0,0,0,0,0
1794,M11794,M,300.0,310.1,1578,34.3,33,0,0,0,0,0,0
1795,L11795,L,300.0,309.3,1426,32.0,0,0,0,0,0,0,0
1796,L11796,L,300.0,310.0,1503,43.6,204,0,0,0,0,0,0
1797,M11797,M,300.0,309.2,1496,37.0,175,0,0,0,0,0,0
1798,L11798,L,300.0,309.2,1517,54.5,7,0,0,0,0,0,0
1799,L11799,L,300.0,309.7,1463,45.7,21,0,0,0,0,0,0
1800,L11800,L,300.0,309.9,1582,36.8,67,0,0,0,0,0,0
1801,H11801,H,300.0,310.0,1611,47.3,33,0,0,0,0,0,0
1802,M11802,M,300.0,310.9,1404,44.4,187,0,0,0,0,0,0
1803,L11803,L,300.0,309.5,1381,43.8,172,0,0,0,0,0,0
1804,L11804,L,300.0,310.2,1420,39.3,36,0,0,0,0,0,0
1805,L11805,L,300.0,310.2,1505,42.5,120,0,0,0,0,0,0
1806,M11806,M,300.0,309.4,1536,27.4,22,0,0,0,0,0,0
1807,M11807,M,300.1,310.2,1579,47.9,83,0,0,0,0,0,0
1808,L11808,L,300.1,311.1,1597,19.4,116,1,0,0,1,0,0
1809,L11809,L,300.1,310.2,1536,37.3,23,0,0,0,0,0,0
1810,L11810,L,300.0,310.2,1523,30.4,218,0,0,0,0,0,0
1811,M11811,M,300.0,309.3,1665,37.0,140,0,0,0,0,0,0
1812,M11812,M,300.0,312.0,1501,39.6,68,0,0,0,0,0,0
1813,L11813,L,299.9,309.3,1559,32.8,79,0,0,0,0,0,0
1814,L11814,L,299.9,308.2,1532,23.4,59,0,0,0,0,0,0
1815,L11815,L,299.9,310.8,1483,41.2,37,0,0,0,0,0,0
1816,H11816,H,299.9,309.8,1483,52.5,175,0,0,0,0,0,0
1817,L11817,L,299.9,309.6,1632,37.9,220,0,0,0,0,0,0
1818,M11818,M,299.9,309.3,1491,45.8,153,0,0,0,0,0,0
1819,M11819,M,299.9,311.8,1465,49.0,213,1,1,0,0,0,0
1820,L11820,L,299.9,310.2,1426,28.6,215,0,0,0,0,0,0
1821,L11821,L,299.9,310.4,1542,37.3,76,0,0,0,0,0,0
1822,L11822,L,299.9,310.0,1449,32.3,234,0,0,0,0,0,0
1823,M11823,M,299.9,310.2,1533,35.2,84,0,0,0,0,0,0
1824,M11824,M,299.9,311.3,1518,50.2,128,0,0,0,0,0,0
1825,M11825,M,299.9,309.6,1457,41.3,3,0,0,0,0,0,0
1826,M11826,M,299.8,308.4,1360,44.7,194,1,0,1,0,0,0
1827,L11827,L,299.8,310.7,1397,39.7,113,0,0,0,0,0,0
1828,H11828,H,299.8,310.3,1413,32.7,214,0,0,0,0,0,0
1829,M11829,M,299.8,309.9,1400,44.1,79,0,0,0,0,0,0
1830,L11830,L,299.8,310.2,1546,47.5,108,0,0,0,0,0,0
1831,H11831,H,299.7,309.3,1713,41.9,140,0,0,0,0,0,0
1832,M11832,M,299.8,309.8,1449,42.9,166,0,0,0,0,0,0
1833,M11833,M,299.8,309.7,1462,32.6,30,0,0,0,0,0,0
1834,M11834,M,299.8,309.2,1442,44.2,151,0,0,0,0,0,0
1835,H11835,H,299.8,311.0,1586,48.1,238,0,0,0,0,0,0
1836,M11836,M,299.8,308.4,1543,42.4,127,0,0,0,0,0,0
1837,L11837,L,299.8,312.2,1498,29.2,249,0,0,0,0,0,0
1838,L11838,L,299.8,310.7,1379,49.8,78,0,0,0,0,0,0
1839,H11839,H,299.9,308.1,1403,34.3,4,0,0,0,0,0,0
1840,L11840,L,299.9,309.7,1518,42.3,126,0,0,0,0,0,0
1841,L11841,L,299.8,309.7,1522,45.7,176,0,0,0,0,0,0
1842,L11842,L,299.8,310.2,1498,46.5,85,0,0,0,0,0,0
1843,L11843,L,299.7,308.7,1566,29.2,85,0,0,0,0,0,0
1844,M11844,M,299.7,309.8,1378,40.7,138,0,0,0,0,0,0
1845,H11845,H,299.8,309.6,1530,40.3,23,0,0,0,0,0,0
1846,L11846,L,299.8,309.0,1525,48.6,44,0,0,0,0,0,0
1847,L11847,L,299.8,308.9,1404,42.8,201,0,0,0,0,0,0
1848,L11848,L,299.7,310.6,1440,48.7,110,0,0,0,0,0,0
1849,H11849,H,299.7,308.0,1569,43.2,33,0,0,0,0,0,0
1850,M11850,M,299.7,310.2,1386,39.6,138,0,0,0,0,0,0
1851,L11851,L,299.7,310.5,1746,41.2,184,0,0,0,0,0,0
1852,H11852,H,299.7,309.5,1556,49.1,234,0,0,0,0,0,0
1853,H11853,H,299.7,309.7,1494,32.2,156,0,0,0,0,0,0
1854,H11854,H,299.7,310.9,1475,45.4,149,0,0,0,0,0,0
1855,H11855,H,299.7,309.0,1579,36.2,160,0,0,0,0,0,0
1856,L11856,L,299.7,309.1,1459,34.9,248,0,0,0,0,0,0
1857,M11857,M,299.8,309.3,1463,46.1,199,0,0,0,0,0,0
1858,L11858,L,299.7,310.9,1645,34.7,121,0,0,0,0,0,0
1859,H11859,H,299.7,311.0,1453,42.3,176,0,0,0,0,0,0
1860,M11860,M,299.7,308.3,1514,37.1,223,0,0,0,0,0,0
1861,M11861,M,299.6,310.6,1424,25.9,231,0,0,0,0,0,0
1862,M11862,M,299.6,310.4,1526,42.9,108,0,0,0,0,0,0
1863,L11863,L,299.6,311.2,1558,40.8,22,0,0,0,0,0,0
1864,M11864,M,299.6,310.0,1668,28.5,196,0,0,0,0,0,0
1865,H11865,H,299.6,309.6,1406,35.8,222,0,0,0,0,0,0
1866,H11866,H,299.6,310.8,1355,29.2,28,0,0,0,0,0,0
1867,L11867,L,299.7,310.4,1473,44.4,5,0,0,0,0,0,0
1868,L11868,L,299.7,311.9,1438,48.3,51,0,0,0,0,0,0
1869,L11869,L,299.7,310.7,1498,45.1,88,0,0,0,0,0,0
1870,M11870,M,299.6,309.8,1552,45.9,88,0,0,0,0,0,0
1871,H11871,H,299.4,308.2,1727,36.9,222,0,0,0,0,0,0
1872,L11872,L,299.4,308.9,1455,43.3,121,0,0,0,0,0,0
1873,M11873,M,299.4,307.9,1279,39.9,141,1,0,1,0,0,0
1874,H11874,H,299.4,309.1,1476,41.1,16,0,0,0,0,0,0
1875,M11875,M,299.3,310.3,1535,45.7,207,0,0,0,0,0,0
1876,M11876,M,299.4,309.4,1403,47.1,27,0,0,0,0,0,0
1877,M11877,M,299.4,310.5,1523,37.7,8,0,0,0,0,0,0
1878,M11878,M,299.4,309.8,1514,31.6,114,0,0,0,0,0,0
1879,L11879,L,299.5,309.1,1526,38.9,123,0,0,0,0,0,0
1880,M11880,M,299.5,309.6,1579,38.7,193,0,0,0,0,0,0
1881,M11881,M,299.5,310.0,1492,41.7,3,0,0,0,0,0,0
1882,H11882,H,299.5,309.7,1555,45.0,147,0,0,0,0,0,0
1883,M11883,M,299.5,309.6,1320,28.5,168,0,0,0,0,0,0
1884,M11884,M,299.5,308.7,1404,36.0,35,0,0,0,0,0,0
1885,L11885,L,299.4,309.0,1466,34.2,228,0,0,0,0,0,0
1886,L11886,L,299.4,311.7,1399,47.5,133,0,0,0,0,0,0
1887,L11887,L,299.4,310.7,1501,38.7,243,0,0,0,0,0,0
1888,L11888,L,299.5,308.0,1466,36.9,64,0,0,0,0,0,0
1889,M11889,M,299.4,307.1,1454,43.2,236,0,0,0,0,0,0
1890,H11890,H,299.4,309.5,1588,36.4,177,0,0,0,0,0,0
1891,L11891,L,299.5,310.3,1508,39.9,191,0,0,0,0,0,0
1892,L11892,L,299.5,308.9,1392,50.9,2,0,0,0,0,0,0
1893,H11893,H,299.5,310.5,1440,50.7,243,0,0,0,0,0,0
1894,L11894,L,299.4,309.5,1575,37.6,36,0,0,0,0,0,0
1895,M11895,M,299.4,309.2,1520,38.9,108,0,0,0,0,0,0
1896,M11896,M,299.5,310.2,1620,36.3,233,0,0,0,0,0,0
1897,M11897,M,299.5,308.9,1585,28.4,249,0,0,0,0,0,0
1898,L11898,L,299.5,309.2,1461,46.2,2,0,0,0,0,0,0
1899,L11899,L,299.5,310.1,1644,54.5,234,1,0,0,1,1,0
1900,M11900,M,299.4,309.4,1652,37.3,160,0,0,0,0,0,0
1901,M11901,M,299.5,311.4,1321,35.1,186,0,0,0,0,0,0
1902,L11902,L,299.5,310.2,1503,38.4,250,0,0,0,0,0,0
1903,M11903,M,299.6,310.2,1445,40.5,142,0,0,0,0,0,0
1904,L11904,L,299.5,309.5,1474,33.2,247,0,0,0,0,0,0
1905,M11905,M,299.6,310.5,1418,37.2,55,0,0,0,0,0,0
1906,L11906,L,299.5,309.2,1406,46.1,60,0,0,0,0,0,0
1907,H11907,H,299.5,309.8,1590,40.8,67,0,0,0,0,0,0
1908,L11908,L,299.6,308.7,1383,47.6,78,0,0,0,0,0,0
1909,L11909,L,299.5,310.5,1509,42.2,70,0,0,0,0,0,0
1910,L11910,L,299.5,309.8,1365,33.5,110,0,0,0,0,0,0
1911,L11911,L,299.4,311.4,1627,36.5,195,0,0,0,0,0,0
1912,H11912,H,299.4,311.8,1503,41.5,189,0,0,0,0,0,0
1913,H11913,H,299.4,310.2,1575,33.3,194,0,0,0,0,0,0
1914,L11914,L,299.5,309.5,1520,32.5,22,0,0,0,0,0,0
1915,L11915,L,299.5,308.5,1475,32.8,13,0,0,0,0,0,0
1916,M11916,M,299.5,310.4,1507,43.1,133,0,0,0,0,0,0
1917,H11917,H,299.5,309.7,1651,37.8,32,0,0,0,0,0,0
1918,M11918,M,299.5,310.0,1410,47.1,8,0,0,0,0,0,0
1919,L11919,L,299.4,311.2,1245,34.6,139,0,0,0,0,0,0
1920,L11920,L,299.5,308.7,1421,25.3,241,0,0,0,0,0,0
1921,M11921,M,299.5,308.6,1379,39.2,226,0,0,0,0,0,0
1922,L11922,L,299.5,309.3,1597,49.9,116,0,0,0,0,0,0
1923,M11923,M,299.5,310.3,1482,40.2,94,0,0,0,0,0,0
1924,L11924,L,299.5,310.0,1583,31.8,178,0,0,0,0,0,0
1925,M11925,M,299.5,308.6,1503,30.3,2,0,0,0,0,0,0
1926,L11926,L,299.4,310.1,1501,47.2,183,0,0,0,0,0,0
1927,M11927,M,299.3,308.1,1516,35.2,45,0,0,0,0,0,0
1928,L11928,L,299.3,308.4,1648,49.3,35,0,0,0,0,0,0
1929,M11929,M,299.3,309.2,1519,43.9,140,0,0,0,0,0,0
1930,L11930,L,299.3,308.7,1611,35.4,12,0,0,0,0,0,0
1931,M11931,M,299.2,310.1,1605,47.0,185,0,0,0,0,0,0
1932,M11932,M,299.2,309.5,1484,34.5,225,0,0,0,0,0,0
1933,M11933,M,299.2,310.9,1493,31.3,84,0,0,0,0,0,0
1934,M11934,M,299.1,308.9,1462,34.8,161,0,0,0,0,0,0
1935,M11935,M,299.2,309.1,1628,44.6,233,0,0,0,0,0,0
1936,H11936,H,299.3,310.5,1406,46.8,42,0,0,0,0,0,0
1937,L11937,L,299.3,309.2,1428,37.6,127,0,0,0,0,0,0
1938,H11938,H,299.4,310.9,1472,28.8,155,0,0,0,0,0,0
1939,L11939,L,299.3,309.9,1385,30.7,183,0,0,0,0,0,0
1940,L11940,L,299.3,306.9,1441,33.6,46,0,0,0,0,0,0
1941,L11941,L,299.2,310.4,1614,32.2,162,0,0,0,0,0,0
1942,L11942,L,299.3,310.2,1565,41.6,205,0,0,0,0,0,0
1943,M11943,M,299.3,310.2,1458,51.6,209,0,0,0,0,0,0
1944,M11944,M,299.2,307.3,1580,44.8,18,0,0,0,0,0,0
1945,M11945,M,299.2,308.5,1708,33.2,82,0,0,0,0,0,0
1946,M11946,M,299.2,308.6,1531,35.8,96,0,0,0,0,0,0
1947,L11947,L,299.2,308.4,1642,37.0,178,0,0,0,0,0,0
1948,L11948,L,299.2,310.9,1585,42.3,98,0,0,0,0,0,0
1949,L11949,L,299.2,309.2,1471,49.4,147,0,0,0,0,0,0
1950,L11950,L,299.2,309.2,1520,37.2,28,0,0,0,0,0,0
1951,L11951,L,299.2,309.7,1553,49.2,127,0,0,0,0,0,0
1952,L11952,L,299.2,309.7,1426,52.6,71,0,0,0,0,0,0
1953,M11953,M,299.2,305.9,1239,37.9,216,1,0,1,0,0,0
1954,M11954,M,299.2,308.5,1417,37.7,208,0,0,0,0,0,0
1955,H11955,H,299.1,307.7,1284,37.8,64,1,0,1,0,0,0
1956,H11956,H,299.2,309.6,1425,40.4,37,0,0,0,0,0,0
1957,M11957,M,299.1,308.8,1329,37.9,176,0,0,0,0,0,0
1958,L11958,L,299.1,309.1,1588,45.3,123,0,0,0,0,0,0
1959,M11959,M,299.1,307.1,1382,30.7,244,0,0,0,0,0,0
1960,M11960,M,299.2,308.9,1554,36.8,93,0,0,0,0,0,0
1961,L11961,L,299.3,310.4,1577,42.0,155,0,0,0,0,0,0
1962,L11962,L,299.3,310.7,1570,45.2,32,0,0,0,0,0,0
1963,H11963,H,299.3,310.0,1313,53.2,12,0,0,0,0,0,0
1964,L11964,L,299.3,307.9,1612,32.3,215,0,0,0,0,0,0
1965,M11965,M,299.3,310.5,1542,36.1,171,0,0,0,0,0,0
1966,M11966,M,299.3,310.0,1580,26.4,100,0,0,0,0,0,0
1967,L11967,L,299.3,309.2,1683,33.3,213,0,0,0,0,0,0
1968,L11968,L,299.3,307.3,1579,29.4,179,0,0,0,0,0,0
1969,L11969,L,299.3,310.3,1382,36.9,126,0,0,0,0,0,0
1970,L11970,L,299.3,308.7,1565,38.6,76,0,0,0,0,0,0
1971,L11971,L,299.3,309.6,1350,42.8,231,0,0,0,0,0,0
1972,H11972,H,299.2,309.3,1494,38.2,203,0,0,0,0,0,0
1973,L11973,L,299.2,310.7,1450,42.8,120,0,0,0,0,0,0
1974,M11974,M,299.3,309.2,1501,40.7,168,0,0,0,0,0,0
1975,L11975,L,299.3,309.3,1349,33.8,48,0,0,0,0,0,0
1976,H11976,H,299.3,310.9,1361,29.9,109,0,0,0,0,0,0
1977,L11977,L,299.4,308.7,1455,43.5,134,0,0,0,0,0,0
1978,L11978,L,299.3,310.1,1478,49.9,35,0,0,0,0,0,0
1979,H11979,H,299.3,309.1,1457,55.2,92,0,0,0,0,0,0
1980,H11980,H,299.3,308.3,1645,45.6,220,0,0,0,0,0,0
1981,L11981,L,299.4,309.4,1542,48.7,153,0,0,0,0,0,0
1982,H11982,H,299.3,310.0,1540,42.8,154,0,0,0,0,0,0
1983,L11983,L,299.3,310.6,1462,41.8,23,0,0,0,0,0,0
1984,L11984,L,299.3,310.8,1361,40.7,222,1,1,0,0,0,0
1985,L11985,L,299.3,309.0,1500,39.4,198,0,0,0,0,0,0
1986,L11986,L,299.3,308.3,1681,43.6,80,0,0,0,0,0,0
1987,M11987,M,299.3,309.0,1522,36.9,240,0,0,0,0,0,0
1988,L11988,L,299.3,308.1,1611,39.1,160,0,0,0,0,0,0
1989,L11989,L,299.3,309.0,1624,32.9,97,0,0,0,0,0,0
1990,M11990,M,299.2,308.9,1556,42.8,249,0,0,0,0,0,0
1991,M11991,M,299.3,310.0,1522,34.2,145,0,0,0,0,0,0
1992,L11992,L,299.3,307.1,1401,40.2,104,0,0,0,0,0,0
1993,M11993,M,299.3,308.6,1479,43.0,4,0,0,0,0,0,0
1994,L11994,L,299.3,308.6,1464,43.5,128,0,0,0,0,0,0
1995,M11995,M,299.3,310.5,1533,44.6,70,0,0,0,0,0,0
1996,M11996,M,299.2,308.1,1359,38.7,121,0,0,0,0,0,0
1997,H11997,H,299.2,309.4,1446,42.9,225,0,0,0,0,0,0
1998,L11998,L,299.2,309.1,1540,37.1,2,0,0,0,0,0,0
1999,L11999,L,299.3,310.3,1430,28.2,35,1,0,0,0,0,1
2000,L12000,L,299.3,309.9,1408,43.2,162,0,0,0,0,0,0
2001,L12001,L,299.4,309.5,1421,41.8,178,0,0,0,0,0,0
2002,L12002,L,299.4,308.8,1473,46.1,120,0,0,0,0,0,0
2003,H12003,H,299.3,307.5,1262,39.8,139,1,0,1,0,0,0
2004,L12004,L,299.3,309.6,1425,30.4,14,0,0,0,0,0,0
2005,L12005,L,299.4,309.9,1595,39.5,131,0,0,0,0,0,0
2006,M12006,M,299.3,307.8,1532,45.3,183,0,0,0,0,0,0
2007,L12007,L,299.4,308.1,1542,42.9,224,0,0,0,0,0,0
2008,M12008,M,299.5,309.7,1317,39.1,15,0,0,0,0,0,0
2009,L12009,L,299.5,309.9,1459,30.0,220,0,0,0,0,0,0
2010,L12010,L,299.6,308.6,1488,33.8,133,0,0,0,0,0,0
2011,L12011,L,299.6,309.0,1546,42.9,62,0,0,0,0,0,0
2012,L12012,L,299.6,307.8,1611,30.0,240,0,0,0,0,0,0
2013,H12013,H,299.6,311.0,1595,38.1,228,0,0,0,0,0,0
2014,L12014,L,299.7,308.4,1441,40.2,22,0,0,0,0,0,0
2015,M12015,M,299.7,310.2,1444,46.9,76,0,0,0,0,0,0
2016,L12016,L,299.7,309.7,1641,43.7,171,0,0,0,0,0,0
2017,L12017,L,299.8,311.1,1464,45.8,0,0,0,0,0,0,0
2018,H12018,H,299.7,308.9,1392,41.8,184,0,0,0,0,0,0
2019,L12019,L,299.7,309.8,1479,34.9,75,0,0,0,0,0,0
2020,M12020,M,299.7,308.0,1635,36.3,26,0,0,0,0,0,0
2021,H12021,H,299.7,307.7,1410,34.4,24,0,0,0,0,0,0
2022,M12022,M,299.7,310.3,1457,43.5,85,0,0,0,0,0,0
2023,H12023,H,299.6,307.8,1414,35.8,61,0,0,0,0,0,0
2024,L12024,L,299.7,309.4,1596,37.6,225,0,0,0,0,0,0
2025,L12025,L,299.7,310.7,1529,40.1,145,0,0,0,0,0,0
2026,L12026,L,299.6,310.4,1593,49.8,232,1,0,0,0,1,0
2027,M12027,M,299.6,308.9,1657,43.9,207,0,0,0,0,0,0
2028,H12028,H,299.6,308.0,1349,35.4,92,1,0,1,0,0,0
2029,L12029,L,299.6,310.1,1424,40.9,29,0,0,0,0,0,0
2030,M12030,M,299.6,311.0,1457,49.9,157,0,0,0,0,0,0
2031,L12031,L,299.6,308.9,1507,43.7,83,0,0,0,0,0,0
2032,M12032,M,299.6,308.8,1551,30.4,174,0,0,0,0,0,0
2033,L12033,L,299.6,309.1,1451,34.5,149,0,0,0,0,0,0
2034,H12034,H,299.6,310.1,1431,34.0,124,0,0,0,0,0,0
2035,M12035,M,299.6,310.8,1596,48.6,169,0,0,0,0,0,0
2036,L12036,L,299.6,308.3,1555,47.5,33,0,0,0,0,0,0
2037,L12037,L,299.6,308.1,1532,36.2,190,0,0,0,0,0,0
2038,L12038,L,299.6,312.0,1285,36.1,3,0,0,0,0,0,0
2039,L12039,L,299.6,309.4,1621,40.3,241,0,0,0,0,0,0
2040,L12040,L,299.5,309.7,1518,40.4,30,0,0,0,0,0,0
2041,H12041,H,299.4,308.8,1484,34.2,50,0,0,0,0,0,0
2042,M12042,M,299.5,310.0,1418,38.5,49,0,0,0,0,0,0
2043,M12043,M,299.6,310.6,1437,31.3,13,0,0,0,0,0,0
2044,L12044,L,299.7,310.0,1411,47.6,7,0,0,0,0,0,0
2045,H12045,H,299.7,311.5,1300,29.4,100,0,0,0,0,0,0
2046,M12046,M,299.6,309.3,1418,29.4,68,0,0,0,0,0,0
2047,L12047,L,299.5,309.3,1340,42.6,135,0,0,0,0,0,0
2048,M12048,M,299.5,309.7,1494,32.6,138,0,0,0,0,0,0
2049,M12049,M,299.5,309.9,1385,37.0,247,0,0,0,0,0,0
2050,L12050,L,299.5,309.8,1573,40.4,28,0,0,0,0,0,0
2051,L12051,L,299.6,308.3,1334,44.1,182,0,0,0,0,0,0
2052,L12052,L,299.6,309.9,1619,38.7,212,0,0,0,0,0,0
2053,L12053,L,299.5,309.2,1584,50.7,166,0,0,0,0,0,0
2054,H12054,H,299.5,308.9,1393,40.0,140,0,0,0,0,0,0
2055,H12055,H,299.5,309.5,1491,47.1,63,0,0,0,0,0,0
2056,M12056,M,299.5,308.6,1415,41.7,48,0,0,0,0,0,0
2057,L12057,L,299.6,308.4,1558,52.8,18,0,0,0,0,0,0
2058,L12058,L,299.5,306.9,1680,46.4,126,0,0,0,0,0,0
2059,M12059,M,299.5,311.3,1618,40.3,194,0,0,0,0,0,0
2060,M12060,M,299.6,310.1,1431,43.8,225,0,0,0,0,0,0
2061,L12061,L,299.5,309.4,1511,38.4,229,0,0,0,0,0,0
2062,M12062,M,299.5,308.8,1652,38.4,82,0,0,0,0,0,0
2063,H12063,H,299.5,306.6,1552,32.2,95,0,0,0,0,0,0
2064,L12064,L,299.5,308.8,1601,35.2,238,0,0,0,0,0,0
2065,L12065,L,299.6,310.3,1565,52.4,227,1,0,0,0,1,0
2066,M12066,M,299.6,310.5,1508,32.8,114,0,0,0,0,0,0
2067,L12067,L,299.6,310.2,1493,36.1,102,0,0,0,0,0,0
2068,L12068,L,299.6,309.7,1379,39.4,179,0,0,0,0,0,0
2069,L12069,L,299.6,310.9,1423,39.6,116,0,0,0,0,0,0
2070,L12070,L,299.5,309.2,1410,42.3,77,0,0,0,0,0,0
2071,M12071,M,299.5,310.6,1465,37.2,70,0,0,0,0,0,0
2072,M12072,M,299.5,309.2,1510,42.7,19,0,0,0,0,0,0
2073,L12073,L,299.6,308.7,1489,46.9,95,0,0,0,0,0,0
2074,H12074,H,299.6,308.6,1522,47.6,109,0,0,0,0,0,0
2075,H12075,H,299.7,308.6,1566,38.4,181,0,0,0,0,0,0
2076,H12076,H,299.7,310.3,1458,43.7,248,0,0,0,0,0,0
2077,L12077,L,299.7,309.0,1574,33.1,94,0,0,0,0,0,0
2078,L12078,L,299.7,308.7,1614,35.7,85,0,0,0,0,0,0
2079,H12079,H,299.6,310.4,1542,33.0,132,0,0,0,0,0,0
2080,M12080,M,299.6,309.9,1446,39.7,94,0,0,0,0,0,0
2081,L12081,L,299.5,310.5,1595,34.8,78,0,0,0,0,0,0
2082,L12082,L,299.5,310.0,1548,30.9,235,0,0,0,0,0,0
2083,L12083,L,299.5,308.8,1562,37.7,189,0,0,0,0,0,0
2084,H12084,H,299.5,309.6,1654,29.6,144,0,0,0,0,0,0
2085,M12085,M,299.5,309.6,1571,48.0,247,0,0,0,0,0,0
2086,L12086,L,299.5,308.6,1657,36.7,180,0,0,0,0,0,0
2087,L12087,L,299.5,308.3,1485,45.9,36,0,0,0,0,0,0
2088,M12088,M,299.4,308.7,1457,37.0,18,0,0,0,0,0,0
2089,H12089,H,299.3,311.4,1615,32.8,137,0,0,0,0,0,0
2090,L12090,L,299.3,308.9,1401,47.1,43,0,0,0,0,0,0
2091,M12091,M,299.4,310.6,1689,40.5,225,0,0,0,0,0,0
2092,H12092,H,299.4,308.9,1630,51.3,176,0,0,0,0,0,0
2093,L12093,L,299.4,310.3,1509,37.2,88,0,0,0,0,0,0
2094,M12094,M,299.3,310.2,1620,37.3,36,0,0,0,0,0,0
2095,L12095,L,299.4,310.3,1566,46.0,57,0,0,0,0,0,0
2096,M12096,M,299.4,309.8,1371,46.1,219,0,0,0,0,0,0
2097,M12097,M,299.3,310.7,1418,40.9,127,0,0,0,0,0,0
2098,M12098,M,299.3,309.7,1529,60.0,142,1,0,0,1,0,0
2099,M12099,M,299.3,311.0,1516,38.3,147,0,0,0,0,0,0
2100,L12100,L,299.4,307.7,1631,32.4,182,0,0,0,0,0,0
2101,H12101,H,299.3,309.7,1530,34.0,140,0,0,0,0,0,0
2102,M12102,M,299.3,309.6,1373,38.4,147,0,0,0,0,0,0
2103,L12103,L,299.3,308.4,1445,49.1,42,0,0,0,0,0,0
2104,M12104,M,299.3,309.9,1574,38.9,222,0,0,0,0,0,0
2105,M12105,M,299.4,307.9,1318,49.4,209,1,0,1,0,0,0
2106,L12106,L,299.3,308.7,1359,42.6,168,0,0,0,0,0,0
2107,H12107,H,299.4,307.4,1463,46.5,47,0,0,0,0,0,0
2108,H12108,H,299.3,310.9,1593,42.3,55,0,0,0,0,0,0
2109,L12109,L,299.3,309.1,1478,42.3,219,0,0,0,0,0,0
2110,H12110,H,299.3,311.5,1546,44.5,110,0,0,0,0,0,0
2111,L12111,L,299.4,310.2,1500,36.6,195,0,0,0,0,0,0
2112,L12112,L,299.4,309.9,1486,36.7,215,0,0,0,0,0,0
2113,L12113,L,299.3,308.8,1435,42.1,171,0,0,0,0,0,0
2114,H12114,H,299.3,308.3,1584,51.6,236,0,0,0,0,0,0
2115,M12115,M,299.4,309.9,1375,30.8,200,0,0,0,0,0,0
2116,L12116,L,299.4,309.3,1477,27.8,174,0,0,0,0,0,0
2117,L12117,L,299.3,308.0,1615,38.4,177,0,0,0,0,0,0
2118,M12118,M,299.3,307.8,1424,46.2,243,0,0,0,0,0,0
2119,L12119,L,299.3,308.3,1344,40.3,31,0,0,0,0,0,0
2120,H12120,H,299.4,311.2,1288,33.0,250,0,0,0,0,0,0
2121,H12121,H,299.5,311.7,1567,40.5,223,0,0,0,0,0,0
2122,M12122,M,299.5,309.7,1573,29.6,53,0,0,0,0,0,0
2123,H12123,H,299.6,309.7,1466,43.8,166,0,0,0,0,0,0
2124,L12124,L,299.6,309.2,1373,38.1,212,0,0,0,0,0,0
2125,H12125,H,299.6,308.7,1485,39.5,185,0,0,0,0,0,0
2126,M12126,M,299.7,311.0,1618,42.6,235,0,0,0,0,0,0
2127,M12127,M,299.7,311.6,1373,41.2,233,0,0,0,0,0,0
2128,L12128,L,299.7,308.8,1606,36.8,60,0,0,0,0,0,0
2129,H12129,H,299.6,309.5,1330,46.2,230,0,0,0,0,0,0
2130,L12130,L,299.6,309.1,1386,44.8,109,0,0,0,0,0,0
2131,L12131,L,299.6,309.2,1511,29.4,218,0,0,0,0,0,0
2132,L12132,L,299.7,310.9,1595,38.6,110,0,0,0,0,0,0
2133,M12133,M,299.7,308.4,1647,33.5,99,0,0,0,0,0,0
2134,M12134,M,299.7,310.1,1599,32.4,199,0,0,0,0,0,0
2135,M12135,M,299.6,310.3,1655,43.2,210,0,0,0,0,0,0
2136,H12136,H,299.5,309.4,1518,37.5,220,0,0,0,0,0,0
2137,L12137,L,299.5,310.4,1438,39.1,146,0,0,0,0,0,0
2138,M12138,M,299.5,309.7,1618,36.0,68,0,0,0,0,0,0
2139,L12139,L,299.5,310.8,1636,42.2,149,0,0,0,0,0,0
2140,H12140,H,299.6,308.1,1593,44.1,162,0,0,0,0,0,0
2141,H12141,H,299.6,309.3,1561,53.0,137,0,0,0,0,0,0
2142,M12142,M,299.6,309.6,1639,38.9,142,0,0,0,0,0,0
2143,M12143,M,299.6,307.0,1534,31.3,1,0,0,0,0,0,0
2144,L12144,L,299.6,308.5,1498,37.0,244,0,0,0,0,0,0
2145,L12145,L,299.6,308.8,1573,45.1,233,0,0,0,0,0,0
2146,H12146,H,299.6,310.5,1548,35.4,149,0,0,0,0,0,0
2147,L12147,L,299.6,308.9,1589,31.1,111,0,0,0,0,0,0
2148,L12148,L,299.6,308.8,1487,35.5,98,0,0,0,0,0,0
2149,L12149,L,299.7,310.5,1591,36.8,102,0,0,0,0,0,0
2150,H12150,H,299.7,308.1,1586,33.5,210,0,0,0,0,0,0
2151,L12151,L,299.6,307.5,1521,41.3,238,0,0,0,0,0,0
2152,L12152,L,299.6,309.3,1425,39.5,11,0,0,0,0,0,0
2153,M12153,M,299.6,308.1,1624,44.7,124,0,0,0,0,0,0
2154,H12154,H,299.5,308.1,1379,37.3,225,1,0,1,0,0,0
2155,L12155,L,299.5,310.1,1404,43.3,189,0,0,0,0,0,0
2156,L12156,L,299.5,310.4,1517,37.0,44,0,0,0,0,0,0
2157,L12157,L,299.5,310.3,1249,33.2,185,0,0,0,0,0,0
2158,L12158,L,299.4,310.5,1654,36.7,147,0,0,0,0,0,0
2159,L12159,L,299.4,310.7,1501,30.3,178,0,0,0,0,0,0
2160,M12160,M,299.4,307.2,1654,50.7,6,0,0,0,0,0,0
2161,M12161,M,299.4,309.8,1680,40.9,151,0,0,0,0,0,0
2162,M12162,M,299.4,308.8,1485,35.2,66,0,0,0,0,0,0
2163,L12163,L,299.4,308.7,1635,37.7,69,0,0,0,0,0,0
2164,H12164,H,299.5,310.1,1394,25.3,96,0,0,0,0,0,0
2165,L12165,L,299.4,307.7,1543,48.6,52,0,0,0,0,0,0
2166,H12166,H,299.4,307.7,1453,48.0,161,0,0,0,0,0,0
2167,M12167,M,299.4,310.1,1570,40.6,160,0,0,0,0,0,0
2168,L12168,L,299.4,309.9,1588,41.9,92,0,0,0,0,0,0
2169,M12169,M,299.5,309.6,1484,32.4,150,0,0,0,0,0,0
2170,L12170,L,299.4,308.6,1554,32.8,57,0,0,0,0,0,0
2171,M12171,M,299.4,310.2,1594,29.8,195,0,0,0,0,0,0
2172,L12172,L,299.4,310.0,1519,39.0,68,0,0,0,0,0,0
2173,L12173,L,299.4,309.5,1754,46.4,225,0,0,0,0,0,0
2174,H12174,H,299.4,308.3,1486,37.7,207,0,0,0,0,0,0
2175,L12175,L,299.5,309.1,1666,42.1,167,0,0,0,0,0,0
2176,H12176,H,299.5,310.3,1615,45.9,46,0,0,0,0,0,0
2177,L12177,L,299.4,310.8,1314,30.3,42,0,0,0,0,0,0
2178,M12178,M,299.4,309.1,1649,51.1,188,0,0,0,0,0,0
2179,M12179,M,299.4,309.1,1607,46.9,169,0,0,0,0,0,0
2180,M12180,M,299.3,309.2,1511,43.1,61,0,0,0,0,0,0
2181,L12181,L,299.4,309.7,1537,45.5,194,0,0,0,0,0,0
2182,L12182,L,299.4,308.8,1549,45.8,54,0,0,0,0,0,0
2183,L12183,L,299.4,306.5,1638,41.8,106,0,0,0,0,0,0
2184,L12184,L,299.5,310.7,1459,48.6,48,0,0,0,0,0,0
2185,M12185,M,299.5,311.3,1659,37.3,105,0,0,0,0,0,0
2186,H12186,H,299.5,308.9,1392,42.8,176,0,0,0,0,0,0
2187,H12187,H,299.5,308.4,1324,47.9,77,0,0,0,0,0,0
2188,M12188,M,299.4,309.2,1559,23.9,118,0,0,0,0,0,0
2189,M12189,M,299.4,309.2,1626,42.6,160,0,0,0,0,0,0
2190,M12190,M,299.5,310.5,1482,44.3,27,0,0,0,0,0,0
2191,L12191,L,299.5,309.5,1274,29.7,56,0,0,0,0,0,0
2192,H12192,H,299.4,308.6,1351,41.7,168,0,0,0,0,0,0
2193,M12193,M,299.3,308.0,1544,35.2,119,0,0,0,0,0,0
2194,M12194,M,299.3,310.1,1499,42.4,119,0,0,0,0,0,0
2195,L12195,L,299.2,309.8,1628,39.4,206,0,0,0,0,0,0
2196,L12196,L,299.3,310.4,1507,34.3,3,0,0,0,0,0,0
2197,L12197,L,299.4,308.4,1426,46.7,19,0,0,0,0,0,0
2198,H12198,H,299.4,311.2,1531,37.5,116,0,0,0,0,0,0
2199,M12199,M,299.4,307.6,1602,41.6,88,0,0,0,0,0,0
2200,L12200,L,299.3,310.0,1635,47.9,162,0,0,0,0,0,0
2201,H12201,H,299.4,307.5,1489,34.5,243,0,0,0,0,0,0
2202,L12202,L,299.4,308.6,1507,40.0,249,0,0,0,0,0,0
2203,L12203,L,299.3,310.9,1578,37.0,52,0,0,0,0,0,0
2204,L12204,L,299.3,310.1,1425,38.4,38,0,0,0,0,0,0
2205,M12205,M,299.2,308.7,1574,52.9,52,0,0,0,0,0,0
2206,H12206,H,299.2,308.7,1477,42.7,120,0,0,0,0,0,0
2207,L12207,L,299.2,309.3,1492,41.9,85,0,0,0,0,0,0
2208,H12208,H,299.2,309.7,1500,43.1,98,0,0,0,0,0,0
2209,L12209,L,299.2,310.5,1513,42.6,117,0,0,0,0,0,0
2210,H12210,H,299.3,308.8,1691,29.0,245,0,0,0,0,0,0
2211,M12211,M,299.2,307.6,1453,53.8,238,1,0,0,0,1,0
2212,H12212,H,299.3,309.5,1458,31.2,91,0,0,0,0,0,0
2213,L12213,L,299.3,308.8,1645,50.4,137,0,0,0,0,0,0
2214,H12214,H,299.3,308.0,1544,43.7,207,0,0,0,0,0,0
2215,M12215,M,299.3,309.6,1577,41.1,112,0,0,0,0,0,0
2216,L12216,L,299.3,309.1,1397,38.2,214,0,0,0,0,0,0
2217,H12217,H,299.3,309.6,1525,55.6,82,0,0,0,0,0,0
2218,L12218,L,299.3,308.5,1581,43.6,64,0,0,0,0,0,0
2219,H12219,H,299.3,309.8,1433,40.1,0,0,0,0,0,0,0
2220,L12220,L,299.3,307.9,1563,36.8,180,0,0,0,0,0,0
2221,M12221,M,299.4,308.5,1480,36.1,173,0,0,0,0,0,0
2222,M12222,M,299.4,309.1,1435,40.3,249,0,0,0,0,0,0
2223,L12223,L,299.4,311.1,1601,34.4,153,0,0,0,0,0,0
2224,L12224,L,299.3,310.1,1614,44.1,225,0,0,0,0,0,0
2225,L12225,L,299.3,310.4,1513,36.1,129,0,0,0,0,0,0
2226,L12226,L,299.3,310.7,1545,46.0,27,0,0,0,0,0,0
2227,L12227,L,299.3,312.9,1632,45.9,83,0,0,0,0,0,0
2228,M12228,M,299.2,309.2,1460,39.7,233,0,0,0,0,0,0
2229,L12229,L,299.2,310.6,1535,43.5,238,0,0,0,0,0,0
2230,L12230,L,299.1,310.1,1461,43.8,154,0,0,0,0,0,0
2231,M12231,M,299.1,310.1,1398,31.2,27,0,0,0,0,0,0
2232,L12232,L,299.1,310.9,1461,50.4,123,0,0,0,0,0,0
2233,H12233,H,299.1,308.6,1388,38.5,30,0,0,0,0,0,0
2234,H12234,H,299.0,308.5,1543,44.2,174,0,0,0,0,0,0
2235,M12235,M,299.0,309.3,1423,44.3,134,0,0,0,0,0,0
2236,M12236,M,299.0,308.8,1360,25.1,71,0,0,0,0,0,0
2237,H12237,H,298.9,309.2,1574,36.1,223,0,0,0,0,0,0
2238,L12238,L,298.8,310.4,1568,45.0,202,0,0,0,0,0,0
2239,L12239,L,298.9,308.4,1467,40.4,47,0,0,0,0,0,0
2240,L12240,L,298.8,308.5,1570,44.1,25,0,0,0,0,0,0
2241,M12241,M,298.8,309.0,1419,40.6,182,0,0,0,0,0,0
2242,L12242,L,298.8,308.6,1463,47.4,88,0,0,0,0,0,0
2243,M12243,M,298.8,306.9,1541,40.7,134,0,0,0,0,0,0
2244,H12244,H,298.8,308.2,1603,48.5,211,1,1,0,0,0,0
2245,H12245,H,298.8,309.5,1462,34.1,104,0,0,0,0,0,0
2246,M12246,M,298.8,310.3,1440,39.2,56,0,0,0,0,0,0
2247,L12247,L,298.8,307.6,1598,36.4,114,0,0,0,0,0,0
2248,H12248,H,298.8,307.6,1561,42.3,185,0,0,0,0,0,0
2249,M12249,M,298.7,308.7,1515,38.3,221,0,0,0,0,0,0
2250,L12250,L,298.7,306.6,1618,38.6,119,0,0,0,0,0,0
2251,L12251,L,298.7,308.2,1695,35.8,0,0,0,0,0,0,0
2252,H12252,H,298.6,306.9,1537,37.2,81,0,0,0,0,0,0
2253,M12253,M,298.6,310.0,1441,39.9,199,0,0,0,0,0,0
2254,H12254,H,298.5,307.8,1550,27.9,28,0,0,0,0,0,0
2255,H12255,H,298.5,310.2,1418,26.2,231,0,0,0,0,0,0
2256,M12256,M,298.6,309.7,1624,40.4,149,0,0,0,0,0,0
2257,M12257,M,298.5,307.9,1430,23.4,223,0,0,0,0,0,0
2258,L12258,L,298.5,307.4,1481,38.8,167,0,0,0,0,0,0
2259,L12259,L,298.5,308.3,1416,37.7,189,0,0,0,0,0,0
2260,L12260,L,298.6,308.5,1518,43.3,13,0,0,0,0,0,0
2261,M12261,M,298.5,308.9,1522,36.0,247,0,0,0,0,0,0
2262,M12262,M,298.5,307.7,1574,49.4,129,0,0,0,0,0,0
2263,H12263,H,298.5,309.3,1512,45.1,162,0,0,0,0,0,0
2264,L12264,L,298.5,308.8,1505,30.9,70,0,0,0,0,0,0
2265,M12265,M,298.4,308.1,1443,38.3,194,0,0,0,0,0,0
2266,M12266,M,298.4,307.7,1471,49.2,124,0,0,0,0,0,0
2267,M12267,M,298.5,308.3,1361,35.8,78,0,0,0,0,0,0
2268,M12268,M,298.5,307.7,1639,39.7,106,0,0,0,0,0,0
2269,L12269,L,298.4,308.5,1491,48.4,97,0,0,0,0,0,0
2270,M12270,M,298.4,308.5,1664,36.8,149,0,0,0,0,0,0
2271,L12271,L,298.5,308.8,1488,46.7,17,0,0,0,0,0,0
2272,L12272,L,298.6,310.3,1310,34.5,45,0,0,0,0,0,0
2273,L12273,L,298.6,308.5,1455,22.7,81,1,0,0,1,0,0
2274,M12274,M,298.6,309.6,1500,47.4,190,0,0,0,0,0,0
2275,H12275,H,298.6,308.8,1507,42.6,122,0,0,0,0,0,0
2276,M12276,M,298.6,308.3,1568,43.0,97,0,0,0,0,0,0
2277,M12277,M,298.6,308.4,1517,33.4,163,0,0,0,0,0,0
2278,M12278,M,298.6,308.5,1466,33.9,45,0,0,0,0,0,0
2279,M12279,M,298.7,308.9,1409,46.9,102,0,0,0,0,0,0
2280,L12280,L,298.7,307.8,1459,41.5,238,0,0,0,0,0,0
2281,L12281,L,298.6,307.2,1560,39.3,229,0,0,0,0,0,0
2282,L12282,L,298.7,309.3,1586,41.3,36,0,0,0,0,0,0
2283,L12283,L,298.7,309.6,1433,49.1,243,1,0,0,0,1,0
2284,L12284,L,298.7,309.5,1601,44.3,17,0,0,0,0,0,0
2285,L12285,L,298.7,308.8,1557,37.2,170,0,0,0,0,0,0
2286,L12286,L,298.8,309.6,1411,31.6,103,0,0,0,0,0,0
2287,H12287,H,298.8,309.5,1525,43.5,156,0,0,0,0,0,0
2288,L12288,L,298.7,309.5,1537,34.5,203,0,0,0,0,0,0
2289,L12289,L,298.7,307.9,1394,32.9,145,0,0,0,0,0,0
2290,L12290,L,298.8,307.7,1364,47.9,222,0,0,0,0,0,0
2291,M12291,M,298.8,308.4,1547,45.2,142,0,0,0,0,0,0
2292,L12292,L,298.8,308.8,1455,42.3,186,0,0,0,0,0,0
2293,L12293,L,298.8,308.6,1651,32.6,231,0,0,0,0,0,0
2294,M12294,M,298.8,307.0,1672,50.7,121,0,0,0,0,0,0
2295,L12295,L,298.8,310.5,1547,46.2,93,0,0,0,0,0,0
2296,L12296,L,298.8,308.6,1595,38.2,99,0,0,0,0,0,0
2297,L12297,L,298.9,309.0,1398,36.9,27,0,0,0,0,0,0
2298,L12298,L,298.9,310.1,1367,40.5,180,0,0,0,0,0,0
2299,L12299,L,299.0,306.6,1486,37.1,14,0,0,0,0,0,0
2300,L12300,L,299.0,308.5,1371,53.3,127,0,0,0,0,0,0
2301,H12301,H,299.0,308.6,1531,37.7,42,0,0,0,0,0,0
2302,M12302,M,299.0,308.7,1422,33.6,32,0,0,0,0,0,0
2303,M12303,M,299.0,308.9,1519,49.5,129,0,0,0,0,0,0
2304,L12304,L,299.0,310.5,1483,36.6,186,0,0,0,0,0,0
2305,H12305,H,299.0,309.7,1564,44.7,7,0,0,0,0,0,0
2306,L12306,L,299.1,310.0,1533,44.1,111,0,0,0,0,0,0
2307,L12307,L,299.2,309.2,1460,39.6,32,0,0,0,0,0,0
2308,M12308,M,299.1,307.7,1363,34.2,162,0,0,0,0,0,0
2309,L12309,L,299.1,307.0,1516,39.7,145,0,0,0,0,0,0
2310,L12310,L,299.1,307.5,1326,33.0,89,1,0,1,0,0,0
2311,M12311,M,299.0,309.4,1625,39.9,239,0,0,0,0,0,0
2312,H12312,H,299.1,309.1,1553,44.6,148,0,0,0,0,0,0
2313,L12313,L,299.1,308.9,1584,50.3,191,0,0,0,0,0,0
2314,M12314,M,299.1,308.7,1403,33.5,155,0,0,0,0,0,0
2315,H12315,H,299.0,311.0,1536,38.5,211,0,0,0,0,0,0
2316,L12316,L,298.9,308.1,1433,36.9,115,0,0,0,0,0,0
2317,L12317,L,299.0,309.9,1515,41.6,172,0,0,0,0,0,0
2318,L12318,L,298.9,308.9,1400,30.9,19,0,0,0,0,0,0
2319,L12319,L,298.9,308.9,1492,34.4,122,0,0,0,0,0,0
2320,L12320,L,298.9,310.1,1362,29.8,131,0,0,0,0,0,0
2321,H12321,H,299.0,310.5,1484,31.4,35,0,0,0,0,0,0
2322,M12322,M,299.0,308.8,1336,36.0,245,0,0,0,0,0,0
2323,M12323,M,298.9,309.7,1675,50.0,97,0,0,0,0,0,0
2324,L12324,L,298.9,309.3,1516,42.1,236,0,0,0,0,0,0
2325,H12325,H,299.0,309.0,1501,40.4,76,0,0,0,0,0,0
2326,H12326,H,299.0,309.2,1568,48.1,222,0,0,0,0,0,0
2327,H12327,H,299.0,308.3,1370,42.3,179,0,0,0,0,0,0
2328,L12328,L,299.0,308.7,1422,42.9,125,0,0,0,0,0,0
2329,M12329,M,299.0,308.4,1553,37.2,38,0,0,0,0,0,0
2330,L12330,L,298.9,309.8,1516,36.2,70,0,0,0,0,0,0
2331,L12331,L,299.0,308.9,1428,32.1,208,0,0,0,0,0,0
2332,L12332,L,298.9,307.6,1565,36.4,105,0,0,0,0,0,0
2333,M12333,M,298.9,308.2,1530,38.3,139,0,0,0,0,0,0
2334,M12334,M,298.8,305.6,1551,42.1,248,0,0,0,0,0,0
2335,L12335,L,298.7,308.3,1539,39.8,54,0,0,0,0,0,0
2336,L12336,L,298.8,308.8,1432,37.8,250,0,0,0,0,0,0
2337,L12337,L,298.8,308.7,1492,34.5,117,0,0,0,0,0,0
2338,L12338,L,298.8,310.8,1314,42.4,93,0,0,0,0,0,0
2339,L12339,L,298.7,309.3,1449,37.0,175,0,0,0,0,0,0
2340,L12340,L,298.8,309.3,1475,42.1,97,0,0,0,0,0,0
2341,M12341,M,298.9,307.2,1563,28.5,213,0,0,0,0,0,0
2342,L12342,L,298.8,308.5,1551,42.0,212,0,0,0,0,0,0
2343,L12343,L,298.8,308.3,1425,44.5,8,0,0,0,0,0,0
2344,L12344,L,298.8,308.0,1423,43.7,139,0,0,0,0,0,0
2345,H12345,H,298.9,308.1,1631,38.8,208,0,0,0,0,0,0
2346,M12346,M,298.9,307.1,1471,45.5,207,0,0,0,0,0,0
2347,M12347,M,298.8,307.5,1511,32.4,68,0,0,0,0,0,0
2348,L12348,L,298.8,309.7,1579,39.5,82,0,0,0,0,0,0
2349,M12349,M,298.9,308.7,1492,38.8,184,0,0,0,0,0,0
2350,L12350,L,298.9,308.4,1485,46.2,27,0,0,0,0,0,0
2351,M12351,M,298.9,308.8,1468,27.9,16,0,0,0,0,0,0
2352,H12352,H,298.9,310.1,1449,33.7,21,0,0,0,0,0,0
2353,M12353,M,298.9,308.9,1514,50.5,162,0,0,0,0,0,0
2354,H12354,H,298.9,309.4,1318,25.4,112,0,0,0,0,0,0
2355,M12355,M,298.9,308.0,1464,44.9,186,0,0,0,0,0,0
2356,L12356,L,298.8,308.2,1554,35.8,206,0,0,0,0,0,0
2357,H12357,H,298.9,309.2,1542,41.5,146,0,0,0,0,0,0
2358,L12358,L,298.8,310.7,1641,48.5,238,1,0,0,0,1,0
2359,M12359,M,298.8,310.3,1584,41.8,177,0,0,0,0,0,0
2360,L12360,L,298.8,309.4,1541,48.6,153,0,0,0,0,0,0
2361,L12361,L,298.8,309.0,1503,37.0,107,0,0,0,0,0,0
2362,L12362,L,298.9,310.3,1454,37.8,59,0,0,0,0,0,0
2363,L12363,L,298.9,309.7,1550,44.7,43,0,0,0,0,0,0
2364,L12364,L,298.9,306.6,1532,37.4,183,0,0,0,0,0,0
2365,M12365,M,298.9,307.9,1463,43.6,226,0,0,0,0,0,0
2366,L12366,L,298.9,309.3,1413,47.1,42,0,0,0,0,0,0
2367,L12367,L,298.9,307.1,1495,45.2,150,0,0,0,0,0,0
2368,M12368,M,298.9,308.0,1616,30.5,201,0,0,0,0,0,0
2369,L12369,L,298.9,308.2,1511,38.0,149,0,0,0,0,0,0
2370,M12370,M,298.9,308.7,1503,41.7,174,0,0,0,0,0,0
2371,M12371,M,298.9,308.6,1542,38.5,54,0,0,0,0,0,0
2372,H12372,H,298.9,308.6,1548,40.5,10,0,0,0,0,0,0
2373,M12373,M,299.0,309.8,1525,41.8,54,0,0,0,0,0,0
2374,L12374,L,299.0,308.8,1496,36.8,153,0,0,0,0,0,0
2375,M12375,M,299.0,308.6,1449,38.8,128,0,0,0,0,0,0
2376,L12376,L,299.0,307.7,1600,32.9,243,0,0,0,0,0,0
2377,L12377,L,299.0,310.1,1457,37.1,227,0,0,0,0,0,0
2378,M12378,M,299.1,308.4,1657,30.8,244,0,0,0,0,0,0
2379,L12379,L,299.1,308.0,1515,40.7,189,0,0,0,0,0,0
2380,M12380,M,299.1,309.3,1505,38.8,249,0,0,0,0,0,0
2381,H12381,H,299.1,308.4,1576,34.5,148,0,0,0,0,0,0
2382,H12382,H,299.1,308.6,1435,50.7,7,0,0,0,0,0,0
2383,H12383,H,299.2,309.4,1557,38.5,147,0,0,0,0,0,0
2384,L12384,L,299.2,308.9,1512,41.7,172,0,0,0,0,0,0
2385,L12385,L,299.2,311.5,1541,36.2,80,0,0,0,0,0,0
2386,M12386,M,299.2,309.1,1432,37.5,78,0,0,0,0,0,0
2387,L12387,L,299.2,309.8,1431,41.9,212,0,0,0,0,0,0
2388,M12388,M,299.2,307.3,1317,38.0,64,1,0,1,0,0,0
2389,M12389,M,299.2,308.3,1454,40.0,59,0,0,0,0,0,0
2390,M12390,M,299.2,308.1,1449,44.8,194,0,0,0,0,0,0
2391,L12391,L,299.1,308.1,1433,36.9,94,0,0,0,0,0,0
2392,L12392,L,299.0,309.5,1488,32.0,55,0,0,0,0,0,0
2393,L12393,L,299.0,310.0,1506,30.8,127,0,0,0,0,0,0
2394,L12394,L,299.0,309.3,1550,48.6,121,0,0,0,0,0,0
2395,H12395,H,299.0,308.8,1557,45.6,30,0,0,0,0,0,0
2396,L12396,L,299.0,308.3,1565,43.9,84,0,0,0,0,0,0
2397,L12397,L,298.9,310.0,1569,37.4,86,0,0,0,0,0,0
2398,L12398,L,298.9,311.0,1528,32.0,125,0,0,0,0,0,0
2399,M12399,M,299.0,309.1,1506,38.3,80,0,0,0,0,0,0
2400,M12400,M,299.0,310.0,1593,39.4,21,0,0,0,0,0,0
2401,L12401,L,299.1,309.4,1569,33.2,189,0,0,0,0,0,0
2402,L12402,L,299.1,309.8,1352,31.2,55,0,0,0,0,0,0
2403,L12403,L,299.1,308.0,1483,29.6,85,0,0,0,0,0,0
2404,L12404,L,299.1,308.6,1320,43.9,227,0,0,0,0,0,0
2405,M12405,M,299.1,309.5,1318,32.8,122,0,0,0,0,0,0
2406,M12406,M,299.1,310.3,1449,41.9,199,0,0,0,0,0,0
2407,L12407,L,299.1,308.2,1487,37.6,110,0,0,0,0,0,0
2408,L12408,L,299.1,307.0,1458,43.5,7,0,0,0,0,0,0
2409,H12409,H,299.1,308.6,1322,42.0,61,0,0,0,0,0,0
2410,L12410,L,299.1,310.1,1578,38.6,77,0,0,0,0,0,0
2411,M12411,M,299.1,307.5,1429,40.8,229,0,0,0,0,0,0
2412,L12412,L,299.1,307.9,1549,39.3,151,0,0,0,0,0,0
2413,L12413,L,299.1,309.2,1432,36.3,21,0,0,0,0,0,0
2414,L12414,L,299.1,309.0,1450,45.9,14,0,0,0,0,0,0
2415,M12415,M,299.1,309.7,1543,37.5,211,0,0,0,0,0,0
2416,H12416,H,299.1,307.9,1465,39.5,218,0,0,0,0,0,0
2417,L12417,L,299.2,308.8,1517,31.5,155,0,0,0,0,0,0
2418,L12418,L,299.1,310.3,1528,41.6,149,0,0,0,0,0,0
2419,L12419,L,299.1,307.9,1357,36.3,30,0,0,0,0,0,0
2420,L12420,L,299.2,310.7,1548,37.1,200,0,0,0,0,0,0
2421,L12421,L,299.2,308.2,1406,35.0,247,0,0,0,0,0,0
2422,L12422,L,299.3,310.1,1389,39.3,189,0,0,0,0,0,0
2423,M12423,M,299.3,309.0,1427,28.0,86,0,0,0,0,0,0
2424,L12424,L,299.3,308.2,1581,44.1,68,0,0,0,0,0,0
2425,L12425,L,299.3,308.8,1340,39.8,108,0,0,0,0,0,0
2426,H12426,H,299.3,309.8,1565,37.2,166,0,0,0,0,0,0
2427,L12427,L,299.3,309.3,1534,30.7,80,0,0,0,0,0,0
2428,H12428,H,299.3,310.4,1507,42.6,39,0,0,0,0,0,0
2429,L12429,L,299.3,310.8,1525,36.2,68,0,0,0,0,0,0
2430,H12430,H,299.4,308.2,1471,47.8,182,0,0,0,0,0,0
2431,M12431,M,299.3,308.1,1568,42.9,70,0,0,0,0,0,0
2432,H12432,H,299.3,308.0,1457,49.2,63,0,0,0,0,0,0
2433,H12433,H,299.4,308.5,1338,40.8,7,0,0,0,0,0,0
2434,L12434,L,299.4,310.5,1492,46.5,70,0,0,0,0,0,0
2435,H12435,H,299.4,310.0,1580,42.8,85,0,0,0,0,0,0
2436,L12436,L,299.4,308.9,1549,37.3,43,0,0,0,0,0,0
2437,L12437,L,299.4,309.3,1681,41.1,37,0,0,0,0,0,0
2438,L12438,L,299.4,310.8,1475,35.0,116,0,0,0,0,0,0
2439,M12439,M,299.4,311.3,1484,52.4,148,0,0,0,0,0,0
2440,L12440,L,299.4,309.6,1477,39.4,3,0,0,0,0,0,0
2441,M12441,M,299.3,306.7,1422,40.2,159,0,0,0,0,0,0
2442,M12442,M,299.2,309.5,1453,42.3,54,0,0,0,0,0,0
2443,M12443,M,299.2,310.1,1396,33.5,92,0,0,0,0,0,0
2444,H12444,H,299.2,309.4,1271,47.9,187,0,0,0,0,0,0
2445,L12445,L,299.2,309.9,1442,33.8,58,0,0,0,0,0,0
2446,L12446,L,299.2,309.5,1502,32.5,93,0,0,0,0,0,0
2447,L12447,L,299.2,308.0,1563,39.0,66,0,0,0,0,0,0
2448,L12448,L,299.3,308.4,1442,32.3,4,0,0,0,0,0,0
2449,L12449,L,299.3,309.0,1444,49.4,82,0,0,0,0,0,0
2450,L12450,L,299.3,310.4,1603,38.6,71,0,0,0,0,0,0
2451,L12451,L,299.3,308.5,1367,20.7,126,1,0,0,1,0,0
2452,H12452,H,299.2,309.7,1484,41.2,36,0,0,0,0,0,0
2453,M12453,M,299.2,309.5,1596,43.3,222,0,0,0,0,0,0
2454,L12454,L,299.2,310.8,1429,37.5,26,0,0,0,0,0,0
2455,M12455,M,299.2,309.2,1347,31.9,12,0,0,0,0,0,0
2456,L12456,L,299.3,307.6,1671,39.4,233,0,0,0,0,0,0
2457,L12457,L,299.4,310.0,1580,37.1,133,0,0,0,0,0,0
2458,M12458,M,299.3,311.4,1583,34.1,64,0,0,0,0,0,0
2459,L12459,L,299.2,310.0,1491,33.6,157,0,0,0,0,0,0
2460,L12460,L,299.3,308.5,1564,40.9,202,0,0,0,0,0,0
2461,H12461,H,299.3,308.2,1251,45.4,179,0,0,0,0,0,0
2462,H12462,H,299.2,308.3,1456,42.8,40,0,0,0,0,0,0
2463,M12463,M,299.2,311.2,1595,29.6,222,0,0,0,0,0,0
2464,M12464,M,299.2,308.8,1360,43.7,207,0,0,0,0,0,0
2465,M12465,M,299.1,308.5,1467,44.6,14,0,0,0,0,0,0
2466,L12466,L,299.2,309.0,1532,48.4,132,0,0,0,0,0,0
2467,L12467,L,299.1,308.8,1422,34.3,14,0,0,0,0,0,0
2468,L12468,L,299.1,310.7,1501,39.7,0,0,0,0,0,0,0
2469,L12469,L,299.1,308.1,1539,43.4,14,0,0,0,0,0,0
2470,M12470,M,299.2,310.3,1530,36.8,227,0,0,0,0,0,0
2471,L12471,L,299.1,309.2,1460,43.3,187,0,0,0,0,0,0
2472,H12472,H,299.1,310.3,1417,39.9,47,0,0,0,0,0,0
2473,H12473,H,299.1,310.7,1540,34.9,181,0,0,0,0,0,0
2474,M12474,M,299.1,309.2,1534,35.4,230,0,0,0,0,0,0
2475,M12475,M,299.1,308.8,1529,47.5,182,0,0,0,0,0,0
2476,H12476,H,299.1,309.2,1511,34.0,71,0,0,0,0,0,0
2477,L12477,L,299.2,309.1,1534,33.0,116,0,0,0,0,0,0
2478,M12478,M,299.2,307.6,1588,42.1,213,0,0,0,0,0,0
2479,L12479,L,299.2,310.8,1531,39.8,26,0,0,0,0,0,0
2480,M12480,M,299.2,309.4,1510,32.1,250,0,0,0,0,0,0
2481,L12481,L,299.3,308.1,1447,36.9,225,0,0,0,0,0,0
2482,H12482,H,299.4,307.3,1639,35.1,157,0,0,0,0,0,0
2483,H12483,H,299.3,307.0,1388,36.1,203,0,0,0,0,0,0
2484,L12484,L,299.3,310.1,1480,55.1,249,1,0,0,0,1,0
2485,L12485,L,299.3,308.7,1449,38.2,59,0,0,0,0,0,0
2486,H12486,H,299.3,308.8,1317,34.7,65,0,0,0,0,0,0
2487,L12487,L,299.2,309.7,1535,52.1,173,0,0,0,0,0,0
2488,H12488,H,299.2,308.7,1480,45.3,242,0,0,0,0,0,0
2489,M12489,M,299.3,309.8,1503,44.3,51,0,0,0,0,0,0
2490,L12490,L,299.3,309.4,1482,35.0,229,0,0,0,0,0,0
2491,L12491,L,299.2,309.1,1575,47.1,213,0,0,0,0,0,0
2492,L12492,L,299.3,307.7,1588,44.9,242,0,0,0,0,0,0
2493,M12493,M,299.3,308.5,1390,40.9,80,0,0,0,0,0,0
2494,L12494,L,299.3,309.9,1677,29.7,34,0,0,0,0,0,0
2495,M12495,M,299.3,308.7,1476,39.9,243,0,0,0,0,0,0
2496,L12496,L,299.3,310.5,1559,50.4,120,0,0,0,0,0,0
2497,M12497,M,299.3,311.6,1518,41.3,41,0,0,0,0,0,0
2498,H12498,H,299.3,310.0,1511,37.7,183,0,0,0,0,0,0
2499,H12499,H,299.3,310.8,1556,38.6,44,0,0,0,0,0,0
2500,L12500,L,299.2,310.0,1632,39.0,51,0,0,0,0,0,0
2501,H12501,H,299.2,308.7,1578,35.2,150,0,0,0,0,0,0
2502,M12502,M,299.2,309.4,1476,39.8,156,0,0,0,0,0,0
2503,M12503,M,299.3,311.3,1492,48.7,28,0,0,0,0,0,0
2504,H12504,H,299.3,308.8,1444,48.0,56,0,0,0,0,0,0
2505,L12505,L,299.3,308.2,1572,35.5,241,0,0,0,0,0,0
2506,L12506,L,299.3,308.2,1559,47.7,18,0,0,0,0,0,0
2507,H12507,H,299.3,309.1,1466,44.6,208,0,0,0,0,0,0
2508,L12508,L,299.3,308.3,1633,43.8,7,0,0,0,0,0,0
2509,H12509,H,299.4,311.0,1607,42.6,177,0,0,0,0,0,0
2510,H12510,H,299.4,309.6,1682,34.4,134,0,0,0,0,0,0
2511,L12511,L,299.4,310.3,1421,37.6,246,0,0,0,0,0,0
2512,H12512,H,299.4,309.1,1490,45.0,138,0,0,0,0,0,0
2513,L12513,L,299.3,308.2,1480,32.8,194,0,0,0,0,0,0
2514,M12514,M,299.3,308.0,1760,33.8,65,0,0,0,0,0,0
2515,M12515,M,299.3,308.4,1501,41.8,82,0,0,0,0,0,0
2516,H12516,H,299.3,309.6,1627,35.3,155,0,0,0,0,0,0
2517,L12517,L,299.3,309.9,1603,44.9,183,0,0,0,0,0,0
2518,L12518,L,299.4,310.0,1492,35.5,27,0,0,0,0,0,0
2519,M12519,M,299.4,307.9,1506,41.5,88,0,0,0,0,0,0
2520,M12520,M,299.4,309.4,1552,42.0,74,0,0,0,0,0,0
2521,M12521,M,299.4,308.4,1626,37.1,39,0,0,0,0,0,0
2522,L12522,L,299.5,309.9,1483,38.6,234,0,0,0,0,0,0
2523,L12523,L,299.5,309.9,1449,35.9,129,0,0,0,0,0,0
2524,L12524,L,299.5,308.3,1593,39.9,75,0,0,0,0,0,0
2525,H12525,H,299.4,310.4,1385,34.2,188,0,0,0,0,0,0
2526,L12526,L,299.4,311.8,1525,38.7,232,0,0,0,0,0,0
2527,L12527,L,299.4,310.3,1606,44.5,229,0,0,0,0,0,0
2528,H12528,H,299.4,309.3,1543,33.2,75,0,0,0,0,0,0
2529,L12529,L,299.5,309.2,1443,37.1,113,0,0,0,0,0,0
2530,H12530,H,299.4,309.2,1400,43.1,152,0,0,0,0,0,0
2531,M12531,M,299.4,308.6,1619,27.5,228,0,0,0,0,0,0
2532,H12532,H,299.4,309.7,1482,51.1,94,0,0,0,0,0,0
2533,L12533,L,299.5,308.3,1410,46.3,53,0,0,0,0,0,0
2534,L12534,L,299.5,307.6,1614,30.8,144,0,0,0,0,0,0
2535,M12535,M,299.5,309.7,1580,27.4,175,0,0,0,0,0,0
2536,H12536,H,299.5,309.5,1395,40.2,139,0,0,0,0,0,0
2537,M12537,M,299.4,308.8,1751,33.3,188,0,0,0,0,0,0
2538,L12538,L,299.4,308.1,1446,45.8,221,0,0,0,0,0,0
2539,M12539,M,299.5,309.8,1578,42.4,1,0,0,0,0,0,0
2540,M12540,M,299.4,308.4,1699,40.7,79,0,0,0,0,0,0
2541,M12541,M,299.4,309.3,1589,36.6,64,0,0,0,0,0,0
2542,M12542,M,299.4,311.2,1526,49.6,51,0,0,0,0,0,0
2543,H12543,H,299.4,310.0,1357,44.5,33,0,0,0,0,0,0
2544,M12544,M,299.4,308.0,1704,43.6,44,0,0,0,0,0,0
2545,L12545,L,299.4,308.1,1587,47.2,239,1,0,0,0,1,0
2546,L12546,L,299.4,309.5,1359,33.9,128,0,0,0,0,0,0
2547,L12547,L,299.4,308.1,1654,47.7,242,1,0,0,0,1,0
2548,L12548,L,299.4,307.4,1506,38.4,99,0,0,0,0,0,0
2549,L12549,L,299.4,309.9,1472,42.0,51,0,0,0,0,0,0
2550,L12550,L,299.4,309.7,1443,39.1,66,0,0,0,0,0,0
2551,L12551,L,299.4,309.8,1517,28.7,97,0,0,0,0,0,0
2552,L12552,L,299.3,309.6,1581,45.7,75,0,0,0,0,0,0
2553,H12553,H,299.4,309.3,1451,29.1,55,0,0,0,0,0,0
2554,H12554,H,299.4,308.8,1513,34.2,185,0,0,0,0,0,0
2555,L12555,L,299.4,309.9,1838,37.3,108,0,0,0,0,0,0
2556,H12556,H,299.4,310.9,1548,28.3,218,0,0,0,0,0,0
2557,M12557,M,299.3,308.8,1597,33.4,49,0,0,0,0,0,0
2558,L12558,L,299.5,308.4,1404,41.5,100,0,0,0,0,0,0
2559,L12559,L,299.4,308.3,1364,37.9,118,0,0,0,0,0,0
2560,M12560,M,299.5,308.7,1646,38.4,152,0,0,0,0,0,0
2561,M12561,M,299.5,309.7,1618,34.5,139,0,0,0,0,0,0
2562,M12562,M,299.4,307.3,1671,40.3,114,0,0,0,0,0,0
2563,L12563,L,299.4,309.8,1492,38.0,224,0,0,0,0,0,0
2564,L12564,L,299.3,310.0,1625,30.2,72,0,0,0,0,0,0
2565,L12565,L,299.3,307.5,1245,38.8,192,1,0,1,0,0,0
2566,L12566,L,299.3,308.3,1554,32.5,55,0,0,0,0,0,0
2567,L12567,L,299.3,309.3,1603,45.4,49,0,0,0,0,0,0
2568,L12568,L,299.3,309.2,1431,37.7,214,0,0,0,0,0,0
2569,H12569,H,299.4,309.9,1606,55.1,155,1,0,0,1,0,0
2570,H12570,H,299.4,309.3,1482,45.8,2,0,0,0,0,0,0
2571,L12571,L,299.4,310.7,1492,39.2,165,0,0,0,0,0,0
2572,H12572,H,299.4,309.1,1474,43.5,63,0,0,0,0,0,0
2573,L12573,L,299.4,308.4,1658,27.5,53,0,0,0,0,0,0
2574,L12574,L,299.4,308.3,1455,45.8,35,0,0,0,0,0,0
2575,L12575,L,299.4,310.1,1442,35.1,247,0,0,0,0,0,0
2576,M12576,M,299.3,309.4,1414,40.5,171,0,0,0,0,0,0
2577,H12577,H,299.3,309.9,1463,35.6,43,0,0,0,0,0,0
2578,M12578,M,299.3,310.0,1520,36.3,196,0,0,0,0,0,0
2579,L12579,L,299.4,307.4,1564,38.9,118,0,0,0,0,0,0
2580,M12580,M,299.5,308.3,1425,40.5,92,0,0,0,0,0,0
2581,L12581,L,299.5,308.5,1537,39.8,180,0,0,0,0,0,0
2582,H12582,H,299.5,308.7,1561,40.0,140,0,0,0,0,0,0
2583,M12583,M,299.4,309.0,1407,30.2,171,0,0,0,0,0,0
2584,L12584,L,299.5,310.5,1506,54.0,131,0,0,0,0,0,0
2585,M12585,M,299.5,310.7,1492,41.4,69,0,0,0,0,0,0
2586,M12586,M,299.5,309.2,1507,42.6,178,0,0,0,0,0,0
2587,L12587,L,299.5,309.2,1447,38.0,101,0,0,0,0,0,0
2588,M12588,M,299.5,308.8,1486,34.8,197,0,0,0,0,0,0
2589,L12589,L,299.5,309.6,1503,40.9,10,0,0,0,0,0,0
2590,M12590,M,299.4,309.6,1686,41.7,218,0,0,0,0,0,0
2591,H12591,H,299.4,310.2,1504,47.8,181,0,0,0,0,0,0
2592,H12592,H,299.4,310.2,1634,52.5,109,0,0,0,0,0,0
2593,M12593,M,299.3,307.0,1641,48.9,189,0,0,0,0,0,0
2594,M12594,M,299.3,309.2,1368,29.4,186,0,0,0,0,0,0
2595,L12595,L,299.3,310.7,1471,37.2,226,0,0,0,0,0,0
2596,M12596,M,299.3,308.8,1642,42.0,60,0,0,0,0,0,0
2597,L12597,L,299.2,310.3,1518,37.6,167,0,0,0,0,0,0
2598,L12598,L,299.2,308.9,1488,39.7,131,0,0,0,0,0,0
2599,L12599,L,299.3,309.4,1575,27.1,154,0,0,0,0,0,0
2600,L12600,L,299.3,308.1,1607,45.5,15,0,0,0,0,0,0
2601,M12601,M,299.3,308.2,1497,28.7,209,0,0,0,0,0,0
2602,L12602,L,299.4,310.1,1472,30.6,6,0,0,0,0,0,0
2603,M12603,M,299.4,310.3,1264,33.9,10,0,0,0,0,0,0
2604,L12604,L,299.4,309.5,1505,39.4,199,0,0,0,0,0,0
2605,L12605,L,299.4,308.2,1462,30.3,250,0,0,0,0,0,0
2606,M12606,M,299.5,309.5,1399,33.6,63,0,0,0,0,0,0
2607,L12607,L,299.5,310.7,1479,46.9,179,0,0,0,0,0,0
2608,L12608,L,299.4,311.1,1458,39.3,127,0,0,0,0,0,0
2609,M12609,M,299.4,309.1,1517,42.6,5,0,0,0,0,0,0
2610,L12610,L,299.3,307.7,1472,32.6,119,0,0,0,0,0,0
2611,H12611,H,299.3,310.1,1545,39.7,47,0,0,0,0,0,0
2612,L12612,L,299.3,309.0,1517,39.2,68,0,0,0,0,0,0
2613,L12613,L,299.3,310.2,1627,35.2,120,0,0,0,0,0,0
2614,M12614,M,299.2,309.5,1447,39.7,5,0,0,0,0,0,0
2615,L12615,L,299.2,308.3,1678,28.6,229,0,0,0,0,0,0
2616,L12616,L,299.3,309.3,1607,42.6,188,0,0,0,0,0,0
2617,L12617,L,299.2,310.5,1649,37.6,193,0,0,0,0,0,0
2618,L12618,L,299.3,309.1,1525,38.5,222,0,0,0,0,0,0
2619,H12619,H,299.2,308.2,1472,45.1,230,0,0,0,0,0,0
2620,L12620,L,299.3,307.7,1446,42.6,223,0,0,0,0,0,0
2621,M12621,M,299.3,308.5,1675,38.1,200,0,0,0,0,0,0
2622,H12622,H,299.3,308.9,1610,33.3,206,0,0,0,0,0,0
2623,L12623,L,299.2,310.0,1399,48.0,84,0,0,0,0,0,0
2624,H12624,H,299.2,308.1,1598,32.0,109,0,0,0,0,0,0
2625,L12625,L,299.2,310.8,1417,43.8,180,0,0,0,0,0,0
2626,H12626,H,299.2,307.9,1532,30.4,27,0,0,0,0,0,0
2627,L12627,L,299.2,311.5,1583,45.5,108,0,0,0,0,0,0
2628,M12628,M,299.1,310.9,1646,46.1,218,0,0,0,0,0,0
2629,L12629,L,299.2,309.3,1524,28.5,132,0,0,0,0,0,0
2630,L12630,L,299.2,307.5,1487,42.7,80,0,0,0,0,0,0
2631,M12631,M,299.3,309.2,1504,42.2,100,0,0,0,0,0,0
2632,M12632,M,299.2,308.9,1607,44.2,57,0,0,0,0,0,0
2633,L12633,L,299.2,307.9,1579,42.2,23,0,0,0,0,0,0
2634,L12634,L,299.3,309.6,1498,34.2,158,0,0,0,0,0,0
2635,M12635,M,299.2,308.4,1314,38.7,226,0,0,0,0,0,0
2636,M12636,M,299.1,308.4,1257,50.0,168,0,0,0,0,0,0
2637,H12637,H,299.2,309.0,1523,33.4,232,0,0,0,0,0,0
2638,M12638,M,299.1,308.5,1382,41.9,245,0,0,0,0,0,0
2639,H12639,H,299.0,311.1,1447,46.9,67,0,0,0,0,0,0
2640,M12640,M,299.1,308.6,1477,34.1,211,0,0,0,0,0,0
2641,L12641,L,299.1,309.5,1708,31.5,106,0,0,0,0,0,0
2642,L12642,L,299.1,309.2,1512,32.4,208,0,0,0,0,0,0
2643,M12643,M,299.1,309.4,1572,42.4,173,0,0,0,0,0,0
2644,M12644,M,298.9,309.4,1550,32.4,9,0,0,0,0,0,0
2645,L12645,L,298.9,309.8,1258,39.2,164,0,0,0,0,0,0
2646,L12646,L,298.9,309.2,1460,48.2,148,0,0,0,0,0,0
2647,H12647,H,299.0,309.2,1378,39.7,20,0,0,0,0,0,0
2648,M12648,M,299.0,309.1,1673,35.3,123,0,0,0,0,0,0
2649,L12649,L,299.0,308.8,1318,40.8,112,0,0,0,0,0,0
2650,L12650,L,299.0,308.1,1458,39.6,207,0,0,0,0,0,0
2651,L12651,L,299.0,308.9,1474,42.7,96,0,0,0,0,0,0
2652,L12652,L,298.9,309.2,1401,49.7,137,0,0,0,0,0,0
2653,L12653,L,298.9,309.3,1510,42.4,235,0,0,0,0,0,0
2654,L12654,L,298.8,309.0,1496,52.2,81,0,0,0,0,0,0
2655,M12655,M,298.8,308.6,1516,42.7,96,0,0,0,0,0,0
2656,L12656,L,298.8,308.7,1550,35.4,92,0,0,0,0,0,0
2657,H12657,H,298.8,308.2,1524,53.7,94,0,0,0,0,0,0
2658,H12658,H,298.8,309.1,1538,39.3,23,0,0,0,0,0,0
2659,L12659,L,298.8,308.5,1611,33.7,123,0,0,0,0,0,0
2660,M12660,M,298.8,309.0,1335,53.9,139,0,0,0,0,0,0
2661,L12661,L,298.8,309.8,1570,35.6,147,0,0,0,0,0,0
2662,H12662,H,298.8,308.1,1395,35.4,197,0,0,0,0,0,0
2663,L12663,L,298.8,309.4,1436,36.7,135,0,0,0,0,0,0
2664,M12664,M,298.8,308.9,1512,41.0,77,0,0,0,0,0,0
2665,M12665,M,298.9,311.0,1541,45.6,132,0,0,0,0,0,0
2666,L12666,L,298.9,308.6,1553,24.1,53,0,0,0,0,0,0
2667,L12667,L,298.9,309.6,1405,45.6,35,0,0,0,0,0,0
2668,M12668,M,299.0,309.0,1663,36.7,245,0,0,0,0,0,0
2669,M12669,M,298.9,307.5,1458,37.5,111,0,0,0,0,0,0
2670,L12670,L,299.0,308.5,1428,50.3,165,0,0,0,0,0,0
2671,M12671,M,298.9,309.8,1373,41.3,130,0,0,0,0,0,0
2672,L12672,L,298.9,308.5,1363,42.7,163,0,0,0,0,0,0
2673,M12673,M,298.8,306.6,1360,39.7,21,1,0,1,0,0,0
2674,L12674,L,298.9,308.8,1531,44.6,7,0,0,0,0,0,0
2675,H12675,H,298.8,307.7,1560,49.7,188,0,0,0,0,0,0
2676,L12676,L,298.8,309.0,1414,25.1,125,0,0,0,0,0,0
2677,L12677,L,298.8,310.4,1386,46.5,77,0,0,0,0,0,0
2678,L12678,L,298.8,309.6,1479,49.3,6,0,0,0,0,0,0
2679,L12679,L,298.8,310.3,1510,43.0,67,0,0,0,0,0,0
2680,M12680,M,298.8,308.2,1526,35.9,61,0,0,0,0,0,0
2681,L12681,L,298.7,308.6,1404,33.1,146,0,0,0,0,0,0
2682,H12682,H,298.9,307.8,1483,54.2,106,0,0,0,0,0,0
2683,L12683,L,298.9,308.2,1657,34.6,174,0,0,0,0,0,0
2684,L12684,L,298.8,307.8,1381,49.1,23,0,0,0,0,0,0
2685,L12685,L,298.7,307.4,1497,42.3,207,0,0,0,0,0,0
2686,L12686,L,298.6,310.0,1550,52.3,133,0,0,0,0,0,0
2687,L12687,L,298.7,306.6,1403,38.1,235,0,0,0,0,0,0
2688,L12688,L,298.7,310.1,1561,30.4,135,0,0,0,0,0,0
2689,L12689,L,298.7,310.0,1366,40.0,152,0,0,0,0,0,0
2690,L12690,L,298.7,309.2,1563,31.1,223,0,0,0,0,0,0
2691,M12691,M,298.7,307.6,1504,56.1,88,0,0,0,0,0,0
2692,M12692,M,298.7,307.1,1358,43.8,201,1,0,1,0,0,0
2693,L12693,L,298.7,308.1,1569,44.7,106,0,0,0,0,0,0
2694,L12694,L,298.7,309.3,1410,44.7,40,0,0,0,0,0,0
2695,H12695,H,298.7,308.7,1485,35.8,185,0,0,0,0,0,0
2696,M12696,M,298.8,307.7,1563,39.2,208,0,0,0,0,0,0
2697,M12697,M,298.8,309.9,1404,40.7,187,0,0,0,0,0,0
2698,L12698,L,298.8,310.5,1447,51.7,109,0,0,0,0,0,0
2699,M12699,M,298.8,308.6,1613,33.1,130,0,0,0,0,0,0
2700,M12700,M,298.8,309.0,1293,35.6,8,0,0,0,0,0,0
2701,M12701,M,298.9,307.4,1642,37.8,179,0,0,0,0,0,0
2702,H12702,H,298.9,308.5,1354,36.0,185,0,0,0,0,0,0
2703,L12703,L,298.8,309.3,1430,31.2,187,0,0,0,0,0,0
2704,L12704,L,298.8,309.1,1528,23.8,81,0,0,0,0,0,0
2705,M12705,M,298.8,308.3,1560,29.0,176,0,0,0,0,0,0
2706,H12706,H,298.7,308.4,1530,46.6,93,0,0,0,0,0,0
2707,L12707,L,298.7,308.3,1505,40.0,132,0,0,0,0,0,0
2708,L12708,L,298.7,308.4,1456,45.0,189,0,0,0,0,0,0
2709,L12709,L,298.8,309.2,1656,36.5,115,0,0,0,0,0,0
2710,L12710,L,298.7,306.8,1577,39.4,159,0,0,0,0,0,0
2711,M12711,M,298.7,308.6,1618,49.7,244,1,0,0,0,1,0
2712,M12712,M,298.8,309.1,1458,49.3,26,0,0,0,0,0,0
2713,L12713,L,298.8,308.3,1267,45.7,212,0,0,0,0,0,0
2714,L12714,L,298.8,308.3,1602,41.2,151,0,0,0,0,0,0
2715,L12715,L,298.8,308.4,1536,43.1,165,0,0,0,0,0,0
2716,L12716,L,298.8,308.4,1518,42.2,194,0,0,0,0,0,0
2717,M12717,M,298.9,308.9,1443,39.0,143,0,0,0,0,0,0
2718,H12718,H,298.8,309.0,1465,37.6,142,0,0,0,0,0,0
2719,H12719,H,298.9,306.8,1440,46.7,24,0,0,0,0,0,0
2720,L12720,L,298.8,309.5,1505,32.2,199,0,0,0,0,0,0
2721,H12721,H,298.8,308.5,1386,48.9,232,0,0,0,0,0,0
2722,M12722,M,298.8,310.7,1576,38.3,3,0,0,0,0,0,0
2723,M12723,M,298.8,307.6,1704,32.1,31,0,0,0,0,0,0
2724,L12724,L,298.9,308.0,1440,36.7,172,0,0,0,0,0,0
2725,L12725,L,299.0,308.8,1341,34.8,183,0,0,0,0,0,0
2726,L12726,L,298.9,309.4,1490,36.5,250,0,0,0,0,0,0
2727,L12727,L,299.0,307.1,1532,36.4,34,0,0,0,0,0,0
2728,L12728,L,299.0,308.1,1545,36.2,180,0,0,0,0,0,0
2729,L12729,L,299.0,309.6,1660,38.2,29,0,0,0,0,0,0
2730,L12730,L,299.1,308.2,1582,39.6,102,0,0,0,0,0,0
2731,M12731,M,299.2,310.5,1319,44.6,111,0,0,0,0,0,0
2732,L12732,L,299.2,308.7,1376,38.5,48,0,0,0,0,0,0
2733,L12733,L,299.2,308.3,1541,42.0,93,0,0,0,0,0,0
2734,H12734,H,299.1,309.7,1455,40.0,208,0,0,0,0,0,0
2735,H12735,H,299.1,310.7,1652,43.2,82,0,0,0,0,0,0
2736,M12736,M,299.0,309.5,1406,40.3,179,0,0,0,0,0,0
2737,H12737,H,299.0,310.3,1596,36.1,222,0,0,0,0,0,0
2738,M12738,M,298.9,310.6,1435,34.5,208,0,0,0,0,0,0
2739,H12739,H,298.9,308.0,1526,41.3,247,0,0,0,0,0,0
2740,L12740,L,298.9,309.9,1417,47.6,129,0,0,0,0,0,0
2741,L12741,L,298.9,307.4,1556,38.6,186,0,0,0,0,0,0
2742,L12742,L,298.9,309.3,1607,35.8,164,0,0,0,0,0,0
2743,L12743,L,299.0,308.9,1525,38.5,239,0,0,0,0,0,0
2744,L12744,L,298.9,310.2,1691,36.6,28,0,0,0,0,0,0
2745,M12745,M,298.9,310.1,1428,36.0,157,0,0,0,0,0,0
2746,M12746,M,298.9,309.5,1510,31.3,117,0,0,0,0,0,0
2747,M12747,M,299.0,309.3,1585,38.5,234,0,0,0,0,0,0
2748,L12748,L,299.0,309.5,1405,41.4,21,0,0,0,0,0,0
2749,H12749,H,299.0,309.1,1506,33.5,101,0,0,0,0,0,0
2750,M12750,M,298.9,308.9,1566,34.7,202,0,0,0,0,0,0
2751,L12751,L,298.9,310.4,1593,34.3,224,0,0,0,0,0,0
2752,M12752,M,298.9,310.5,1614,31.7,18,0,0,0,0,0,0
2753,L12753,L,298.9,308.8,1413,34.3,66,0,0,0,0,0,0
2754,L12754,L,298.8,309.1,1529,38.8,231,0,0,0,0,0,0
2755,H12755,H,298.8,308.9,1369,31.9,85,0,0,0,0,0,0
2756,L12756,L,298.9,307.3,1428,39.2,17,0,0,0,0,0,0
2757,L12757,L,298.9,308.6,1483,35.8,108,0,0,0,0,0,0
2758,H12758,H,298.9,310.5,1614,34.4,221,1,1,0,0,0,0
2759,M12759,M,298.9,308.2,1553,42.3,192,0,0,0,0,0,0
2760,L12760,L,298.9,311.0,1504,36.2,211,0,0,0,0,0,0
2761,L12761,L,298.9,310.1,1545,37.2,112,0,0,0,0,0,0
2762,L12762,L,299.0,309.4,1552,47.8,132,0,0,0,0,0,0
2763,M12763,M,299.0,309.6,1537,34.5,203,0,0,0,0,0,0
2764,L12764,L,298.9,308.0,1442,49.4,138,0,0,0,0,0,0
2765,L12765,L,298.9,308.7,1404,37.9,215,0,0,0,0,0,0
2766,H12766,H,298.9,310.4,1478,33.2,57,0,0,0,0,0,0
2767,M12767,M,299.0,308.4,1421,36.7,17,0,0,0,0,0,0
2768,L12768,L,299.0,310.1,1562,40.4,71,0,0,0,0,0,0
2769,M12769,M,299.0,307.7,1653,47.5,92,0,0,0,0,0,0
2770,M12770,M,299.0,307.8,1556,44.8,183,0,0,0,0,0,0
2771,L12771,L,299.0,310.9,1319,40.4,149,0,0,0,0,0,0
2772,L12772,L,299.0,309.0,1437,47.6,55,0,0,0,0,0,0
2773,H12773,H,299.0,308.5,1502,28.7,236,0,0,0,0,0,0
2774,L12774,L,299.0,310.3,1357,41.5,193,0,0,0,0,0,0
2775,M12775,M,298.9,310.1,1503,41.9,22,0,0,0,0,0,0
2776,L12776,L,298.9,309.8,1547,41.9,15,0,0,0,0,0,0
2777,L12777,L,298.9,308.3,1641,30.3,43,0,0,0,0,0,0
2778,L12778,L,298.9,308.6,1682,33.9,71,0,0,0,0,0,0
2779,L12779,L,298.9,309.2,1381,39.0,195,0,0,0,0,0,0
2780,L12780,L,298.9,309.6,1488,46.7,13,0,0,0,0,0,0
2781,L12781,L,298.9,308.4,1490,51.5,136,0,0,0,0,0,0
2782,H12782,H,298.9,309.1,1429,36.0,74,0,0,0,0,0,0
2783,H12783,H,298.9,309.2,1510,32.1,239,0,0,0,0,0,0
2784,M12784,M,298.9,310.2,1492,44.9,229,0,0,0,0,0,0
2785,H12785,H,298.9,309.6,1561,55.7,107,1,0,0,1,0,0
2786,L12786,L,298.8,307.3,1636,46.6,242,1,0,0,0,1,0
2787,H12787,H,298.7,308.5,1513,35.5,143,0,0,0,0,0,0
2788,L12788,L,298.7,307.8,1451,57.2,140,0,0,0,0,0,0
2789,H12789,H,298.8,309.3,1397,44.1,35,0,0,0,0,0,0
2790,H12790,H,298.8,309.7,1704,35.3,43,0,0,0,0,0,0
2791,M12791,M,298.7,308.8,1591,51.6,99,0,0,0,0,0,0
2792,H12792,H,298.8,308.5,1540,34.8,80,0,0,0,0,0,0
2793,M12793,M,298.8,308.9,1483,36.3,13,0,0,0,0,0,0
2794,L12794,L,298.8,309.0,1661,44.4,92,0,0,0,0,0,0
2795,L12795,L,298.9,308.2,1484,39.9,249,0,0,0,0,0,0
2796,M12796,M,298.8,307.6,1329,40.2,16,0,0,0,0,0,0
2797,L12797,L,298.9,306.8,1527,40.2,192,0,0,0,0,0,0
2798,M12798,M,299.0,310.2,1377,46.7,211,0,0,0,0,0,0
2799,H12799,H,299.0,309.5,1527,26.1,96,0,0,0,0,0,0
2800,L12800,L,298.9,309.3,1634,41.7,125,0,0,0,0,0,0
2801,M12801,M,298.9,310.1,1333,38.3,53,0,0,0,0,0,0
2802,H12802,H,298.9,307.6,1410,35.5,125,0,0,0,0,0,0
2803,H12803,H,298.9,307.1,1586,35.5,129,0,0,0,0,0,0
2804,H12804,H,298.9,309.3,1450,24.2,144,0,0,0,0,0,0
2805,M12805,M,299.0,309.3,1542,35.2,22,0,0,0,0,0,0
2806,H12806,H,298.9,307.2,1542,47.7,213,0,0,0,0,0,0
2807,M12807,M,298.9,309.3,1589,45.0,128,0,0,0,0,0,0
2808,L12808,L,298.9,308.5,1435,38.9,11,0,0,0,0,0,0
2809,L12809,L,298.9,308.1,1245,31.5,140,0,0,0,0,0,0
2810,M12810,M,298.9,308.5,1540,44.9,205,0,0,0,0,0,0
2811,L12811,L,298.9,306.5,1343,47.9,201,1,0,1,0,0,0
2812,M12812,M,299.0,308.4,1594,46.2,11,0,0,0,0,0,0
2813,M12813,M,298.9,308.2,1496,34.2,56,0,0,0,0,0,0
2814,L12814,L,298.9,309.4,1470,34.8,85,0,0,0,0,0,0
2815,M12815,M,298.8,308.7,1569,49.9,17,0,0,0,0,0,0
2816,M12816,M,298.8,309.4,1326,32.7,102,0,0,0,0,0,0
2817,L12817,L,298.8,306.2,1480,42.9,82,0,0,0,0,0,0
2818,L12818,L,298.8,308.0,1545,29.3,93,0,0,0,0,0,0
2819,L12819,L,298.9,309.4,1525,38.2,142,0,0,0,0,0,0
2820,L12820,L,298.9,308.6,1451,43.5,166,0,0,0,0,0,0
2821,H12821,H,298.9,309.7,1452,39.8,77,0,0,0,0,0,0
2822,L12822,L,298.8,307.0,1654,43.1,72,0,0,0,0,0,0
2823,M12823,M,298.8,309.5,1591,32.6,196,0,0,0,0,0,0
2824,L12824,L,298.8,308.1,1434,35.1,160,0,0,0,0,0,0
2825,L12825,L,298.8,308.1,1635,42.9,175,0,0,0,0,0,0
2826,H12826,H,298.8,309.8,1576,44.2,132,0,0,0,0,0,0
2827,M12827,M,298.8,309.9,1549,41.3,87,0,0,0,0,0,0
2828,L12828,L,298.7,309.7,1553,45.7,7,0,0,0,0,0,0
2829,L12829,L,298.6,310.6,1385,30.1,146,0,0,0,0,0,0
2830,L12830,L,298.5,309.8,1651,37.2,179,0,0,0,0,0,0
2831,L12831,L,298.4,307.7,1595,50.9,11,0,0,0,0,0,0
2832,M12832,M,298.5,308.6,1525,47.7,71,0,0,0,0,0,0
2833,L12833,L,298.4,308.1,1524,43.8,135,0,0,0,0,0,0
2834,L12834,L,298.4,310.4,1491,39.1,54,0,0,0,0,0,0
2835,L12835,L,298.4,309.5,1443,46.2,229,0,0,0,0,0,0
2836,H12836,H,298.2,308.0,1553,42.6,211,0,0,0,0,0,0
2837,H12837,H,298.3,309.2,1420,30.9,121,0,0,0,0,0,0
2838,L12838,L,298.2,307.0,1515,46.0,92,0,0,0,0,0,0
2839,M12839,M,298.2,308.5,1510,34.8,232,0,0,0,0,0,0
2840,L12840,L,298.1,307.2,1539,44.6,161,0,0,0,0,0,0
2841,L12841,L,298.2,306.5,1594,30.3,81,0,0,0,0,0,0
2842,M12842,M,298.2,309.0,1540,49.6,192,0,0,0,0,0,0
2843,H12843,H,298.2,309.1,1569,38.4,202,0,0,0,0,0,0
2844,H12844,H,298.1,308.6,1306,33.3,46,0,0,0,0,0,0
2845,M12845,M,298.2,308.0,1546,35.9,107,0,0,0,0,0,0
2846,L12846,L,298.2,306.9,1508,38.0,34,0,0,0,0,0,0
2847,M12847,M,298.2,307.0,1537,40.0,242,0,0,0,0,0,0
2848,L12848,L,298.2,307.2,1447,47.9,243,1,0,0,0,1,0
2849,M12849,M,298.1,307.8,1615,40.4,159,0,0,0,0,0,0
2850,L12850,L,298.1,309.1,1525,27.0,178,0,0,0,0,0,0
2851,M12851,M,298.1,309.1,1426,32.6,105,0,0,0,0,0,0
2852,L12852,L,298.1,306.5,1443,56.5,207,1,0,0,0,1,0
2853,L12853,L,298.0,307.3,1590,40.8,133,0,0,0,0,0,0
2854,H12854,H,298.0,307.2,1491,45.7,136,0,0,0,0,0,0
2855,L12855,L,297.9,305.4,1500,38.1,39,0,0,0,0,0,0
2856,M12856,M,297.9,308.5,1480,34.0,213,0,0,0,0,0,0
2857,L12857,L,297.9,307.7,1601,37.1,175,0,0,0,0,0,0
2858,L12858,L,297.9,307.8,1548,40.8,199,0,0,0,0,0,0
2859,L12859,L,297.9,309.3,1381,37.2,247,0,0,0,0,0,0
2860,L12860,L,297.9,308.0,1402,51.5,95,0,0,0,0,0,0
2861,H12861,H,297.9,307.5,1500,36.3,153,0,0,0,0,0,0
2862,L12862,L,298.0,308.5,1436,33.7,245,0,0,0,0,0,0
2863,H12863,H,298.0,309.0,1284,44.9,81,0,0,0,0,0,0
2864,M12864,M,298.0,308.3,1425,45.6,36,0,0,0,0,0,0
2865,L12865,L,298.1,308.8,1472,40.2,179,0,0,0,0,0,0
2866,M12866,M,298.1,308.0,1460,36.4,139,0,0,0,0,0,0
2867,M12867,M,298.0,307.9,1572,28.6,165,0,0,0,0,0,0
2868,M12868,M,298.1,308.2,1277,47.3,225,0,0,0,0,0,0
2869,L12869,L,298.1,307.4,1423,45.2,195,0,0,0,0,0,0
2870,L12870,L,298.2,307.6,1580,37.4,15,0,0,0,0,0,0
2871,H12871,H,298.3,309.7,1433,40.4,188,0,0,0,0,0,0
2872,H12872,H,298.4,310.4,1379,38.6,23,0,0,0,0,0,0
2873,H12873,H,298.4,310.0,1432,49.8,205,0,0,0,0,0,0
2874,L12874,L,298.5,307.1,1545,33.8,144,0,0,0,0,0,0
2875,M12875,M,298.6,307.1,1475,36.3,114,0,0,0,0,0,0
2876,L12876,L,298.6,307.4,1428,35.7,94,0,0,0,0,0,0
2877,L12877,L,298.5,308.6,1548,41.9,3,0,0,0,0,0,0
2878,L12878,L,298.5,305.7,1537,40.3,49,0,0,0,0,0,0
2879,M12879,M,298.5,307.9,1374,41.2,107,0,0,0,0,0,0
2880,L12880,L,298.5,309.9,1509,34.7,225,0,0,0,0,0,0
2881,L12881,L,298.4,309.4,1370,48.9,101,0,0,0,0,0,0
2882,H12882,H,298.4,307.9,1617,37.3,229,0,0,0,0,0,0
2883,L12883,L,298.3,307.9,1623,47.1,130,0,0,0,0,0,0
2884,L12884,L,298.4,308.9,1471,58.8,7,1,0,0,1,0,0
2885,L12885,L,298.4,309.4,1606,34.8,11,0,0,0,0,0,0
2886,H12886,H,298.5,308.0,1424,42.1,162,0,0,0,0,0,0
2887,M12887,M,298.5,308.3,1486,39.2,65,0,0,0,0,0,0
2888,L12888,L,298.5,308.0,1442,52.2,180,0,0,0,0,0,0
2889,H12889,H,298.4,307.1,1498,38.3,92,0,0,0,0,0,0
2890,H12890,H,298.4,308.2,1507,41.5,214,0,0,0,0,0,0
2891,L12891,L,298.4,308.1,1500,41.4,160,0,0,0,0,0,0
2892,M12892,M,298.4,307.1,1491,39.4,113,0,0,0,0,0,0
2893,M12893,M,298.4,309.0,1513,44.5,17,0,0,0,0,0,0
2894,M12894,M,298.4,308.9,1626,40.6,103,0,0,0,0,0,0
2895,L12895,L,298.5,309.1,1299,42.9,185,0,0,0,0,0,0
2896,H12896,H,298.4,307.7,1692,41.3,85,0,0,0,0,0,0
2897,M12897,M,298.3,306.4,1465,36.4,205,0,0,0,0,0,0
2898,L12898,L,298.3,308.8,1492,38.4,92,0,0,0,0,0,0
2899,L12899,L,298.3,307.7,1633,43.3,44,0,0,0,0,0,0
2900,L12900,L,298.4,307.5,1561,43.3,142,0,0,0,0,0,0
2901,L12901,L,298.4,307.1,1554,47.5,142,0,0,0,0,0,0
2902,M12902,M,298.4,308.1,1625,51.2,44,0,0,0,0,0,0
2903,L12903,L,298.4,310.0,1484,36.9,195,0,0,0,0,0,0
2904,L12904,L,298.4,307.9,1592,40.8,99,0,0,0,0,0,0
2905,M12905,M,298.4,307.4,1374,38.8,196,0,0,0,0,0,0
2906,L12906,L,298.4,309.1,1542,33.4,194,0,0,0,0,0,0
2907,H12907,H,298.4,308.6,1556,43.4,203,0,0,0,0,0,0
2908,L12908,L,298.4,306.3,1615,44.7,61,0,0,0,0,0,0
2909,L12909,L,298.4,309.0,1571,33.5,83,0,0,0,0,0,0
2910,L12910,L,298.4,310.5,1520,37.8,171,0,0,0,0,0,0
2911,L12911,L,298.3,305.7,1468,37.2,19,0,0,0,0,0,0
2912,L12912,L,298.4,307.1,1467,30.9,166,0,0,0,0,0,0
2913,M12913,M,298.3,305.5,1468,39.8,38,0,0,0,0,0,0
2914,H12914,H,298.4,308.3,1370,33.1,128,0,0,0,0,0,0
2915,L12915,L,298.3,309.3,1674,41.0,107,0,0,0,0,0,0
2916,M12916,M,298.3,308.4,1600,41.6,66,0,0,0,0,0,0
2917,M12917,M,298.3,309.7,1525,42.4,46,0,0,0,0,0,0
2918,H12918,H,298.3,309.2,1581,42.6,200,0,0,0,0,0,0
2919,L12919,L,298.3,310.0,1575,49.2,117,0,0,0,0,0,0
2920,L12920,L,298.4,309.6,1401,35.1,53,0,0,0,0,0,0
2921,L12921,L,298.4,308.0,1564,35.4,147,0,0,0,0,0,0
2922,M12922,M,298.4,308.4,1627,43.9,249,0,0,0,0,0,0
2923,H12923,H,298.3,307.4,1432,39.2,136,0,0,0,0,0,0
2924,L12924,L,298.3,308.1,1347,46.8,94,0,0,0,0,0,0
2925,L12925,L,298.3,308.3,1384,43.4,237,0,0,0,0,0,0
2926,H12926,H,298.2,308.2,1490,51.5,27,0,0,0,0,0,0
2927,H12927,H,298.2,309.6,1378,39.5,63,0,0,0,0,0,0
2928,H12928,H,298.2,307.9,1483,31.1,34,0,0,0,0,0,0
2929,M12929,M,298.2,307.3,1435,42.0,39,0,0,0,0,0,0
2930,L12930,L,298.2,307.3,1500,39.6,124,0,0,0,0,0,0
2931,M12931,M,298.2,308.9,1449,43.2,101,0,0,0,0,0,0
2932,M12932,M,298.3,306.9,1496,44.0,235,0,0,0,0,0,0
2933,L12933,L,298.2,308.0,1560,36.8,1,0,0,0,0,0,0
2934,M12934,M,298.2,309.6,1404,33.9,130,0,0,0,0,0,0
2935,M12935,M,298.3,308.6,1528,39.1,13,0,0,0,0,0,0
2936,L12936,L,298.3,308.2,1415,25.7,208,0,0,0,0,0,0
2937,M12937,M,298.3,308.2,1499,40.5,98,0,0,0,0,0,0
2938,M12938,M,298.2,307.2,1492,37.6,67,0,0,0,0,0,0
2939,H12939,H,298.2,307.3,1536,45.2,46,0,0,0,0,0,0
2940,L12940,L,298.2,308.0,1518,28.1,93,0,0,0,0,0,0
2941,L12941,L,298.1,308.4,1624,40.0,181,0,0,0,0,0,0
2942,M12942,M,298.1,309.0,1497,49.5,185,0,0,0,0,0,0
2943,L12943,L,298.0,308.1,1437,44.1,189,0,0,0,0,0,0
2944,M12944,M,298.0,309.4,1593,45.9,230,0,0,0,0,0,0
2945,M12945,M,298.0,309.6,1533,42.0,50,0,0,0,0,0,0
2946,L12946,L,298.0,308.8,1588,30.0,205,0,0,0,0,0,0
2947,M12947,M,298.1,309.3,1488,41.0,47,0,0,0,0,0,0
2948,M12948,M,298.1,307.1,1369,42.5,154,0,0,0,0,0,0
2949,L12949,L,298.1,307.0,1724,33.5,76,0,0,0,0,0,0
2950,H12950,H,298.1,308.6,1440,39.2,182,0,0,0,0,0,0
2951,H12951,H,298.1,306.7,1384,22.6,124,1,0,0,1,0,0
2952,M12952,M,298.1,307.8,1572,38.0,211,0,0,0,0,0,0
2953,M12953,M,298.1,308.8,1405,37.4,112,0,0,0,0,0,0
2954,L12954,L,298.1,309.5,1461,48.4,176,0,0,0,0,0,0
2955,H12955,H,298.0,307.8,1512,36.4,151,0,0,0,0,0,0
2956,M12956,M,298.0,307.3,1486,38.4,9,0,0,0,0,0,0
2957,M12957,M,298.0,308.3,1464,39.5,134,0,0,0,0,0,0
2958,H12958,H,297.9,306.9,1659,36.5,115,0,0,0,0,0,0
2959,L12959,L,298.0,307.8,1489,44.3,16,0,0,0,0,0,0
2960,H12960,H,298.0,307.9,1410,28.0,21,0,0,0,0,0,0
2961,L12961,L,297.9,307.9,1598,46.8,58,0,0,0,0,0,0
2962,L12962,L,297.9,308.0,1428,39.9,43,0,0,0,0,0,0
2963,L12963,L,297.9,307.0,1489,47.8,10,0,0,0,0,0,0
2964,H12964,H,297.9,307.1,1410,23.5,41,1,0,0,1,0,0
2965,H12965,H,297.9,307.1,1521,25.4,22,0,0,0,0,0,0
2966,M12966,M,297.9,306.3,1504,38.2,117,0,0,0,0,0,0
2967,M12967,M,297.9,308.3,1497,43.0,187,0,0,0,0,0,0
2968,M12968,M,297.9,308.8,1515,36.7,213,0,0,0,0,0,0
2969,H12969,H,297.9,308.7,1582,43.5,231,0,0,0,0,0,0
2970,L12970,L,297.9,307.6,1570,45.9,61,0,0,0,0,0,0
2971,L12971,L,298.0,307.2,1396,44.0,110,0,0,0,0,0,0
2972,L12972,L,298.0,308.7,1433,40.6,53,0,0,0,0,0,0
2973,M12973,M,298.0,308.6,1592,40.6,81,0,0,0,0,0,0
2974,M12974,M,298.0,308.3,1422,36.3,118,0,0,0,0,0,0
2975,L12975,L,298.1,309.9,1549,39.7,108,0,0,0,0,0,0
2976,L12976,L,298.0,308.0,1584,33.9,217,0,0,0,0,0,0
2977,H12977,H,298.0,307.8,1336,35.3,111,0,0,0,0,0,0
2978,L12978,L,298.1,307.7,1459,43.1,221,0,0,0,0,0,0
2979,M12979,M,298.0,306.5,1582,37.2,12,0,0,0,0,0,0
2980,H12980,H,298.0,308.6,1485,35.6,67,0,0,0,0,0,0
2981,L12981,L,297.9,307.8,1460,42.7,106,0,0,0,0,0,0
2982,L12982,L,297.9,308.4,1583,42.3,26,0,0,0,0,0,0
2983,M12983,M,297.9,309.7,1610,38.7,114,0,0,0,0,0,0
2984,H12984,H,297.9,307.5,1432,39.1,167,0,0,0,0,0,0
2985,M12985,M,297.9,305.6,1677,42.5,73,0,0,0,0,0,0
2986,H12986,H,298.0,308.5,1322,45.8,235,0,0,0,0,0,0
2987,L12987,L,297.9,308.1,1349,41.2,91,0,0,0,0,0,0
2988,M12988,M,297.9,307.2,1455,32.8,84,0,0,0,0,0,0
2989,M12989,M,298.0,308.4,1467,38.7,115,0,0,0,0,0,0
2990,H12990,H,298.0,308.8,1471,37.6,74,0,0,0,0,0,0
2991,L12991,L,298.0,307.1,1447,33.7,83,0,0,0,0,0,0
2992,H12992,H,298.0,307.7,1427,43.0,244,0,0,0,0,0,0
2993,M12993,M,298.0,309.5,1478,43.4,227,0,0,0,0,0,0
2994,L12994,L,298.1,307.3,1441,44.4,82,0,0,0,0,0,0
2995,L12995,L,298.0,308.1,1568,34.1,243,0,0,0,0,0,0
2996,H12996,H,298.1,305.4,1503,40.9,137,0,0,0,0,0,0
2997,L12997,L,298.0,306.5,1478,40.0,14,0,0,0,0,0,0
2998,L12998,L,297.9,308.1,1493,41.8,236,0,0,0,0,0,0
2999,L12999,L,297.9,309.1,1611,40.8,44,0,0,0,0,0,0
3000,H13000,H,297.9,306.5,1452,39.9,180,0,0,0,0,0,0
3001,M13001,M,297.8,307.9,1373,39.2,81,0,0,0,0,0,0
3002,M13002,M,297.8,307.4,1402,46.6,6,0,0,0,0,0,0
3003,L13003,L,297.7,308.7,1477,34.8,157,0,0,0,0,0,0
3004,M13004,M,297.8,306.6,1548,39.0,77,0,0,0,0,0,0
3005,M13005,M,297.8,308.2,1588,46.5,228,0,0,0,0,0,0
3006,H13006,H,297.7,307.0,1665,35.1,232,0,0,0,0,0,0
3007,H13007,H,297.6,307.9,1574,35.4,29,0,0,0,0,0,0
3008,L13008,L,297.7,307.7,1412,44.4,117,0,0,0,0,0,0
3009,M13009,M,297.6,307.4,1480,31.5,154,0,0,0,0,0,0
3010,L13010,L,297.6,308.1,1284,44.0,48,0,0,0,0,0,0
3011,M13011,M,297.6,307.6,1469,37.1,184,0,0,0,0,0,0
3012,L13012,L,297.6,307.5,1439,42.5,191,0,0,0,0,0,0
3013,L13013,L,297.5,307.2,1269,32.7,100,0,0,0,0,0,0
3014,L13014,L,297.6,307.7,1711,47.1,190,0,0,0,0,0,0
3015,M13015,M,297.5,307.8,1462,32.7,175,0,0,0,0,0,0
3016,L13016,L,297.5,306.5,1289,44.3,168,0,0,0,0,0,0
3017,M13017,M,297.5,307.2,1473,32.9,80,0,0,0,0,0,0
3018,L13018,L,297.5,306.5,1665,50.8,29,0,0,0,0,0,0
3019,L13019,L,297.5,307.4,1691,39.6,209,0,0,0,0,0,0
3020,M13020,M,297.4,306.9,1506,51.7,2,0,0,0,0,0,0
3021,L13021,L,297.5,308.3,1510,35.1,219,0,0,0,0,0,0
3022,L13022,L,297.5,308.1,1623,37.3,36,0,0,0,0,0,0
3023,M13023,M,297.5,306.6,1485,47.3,29,0,0,0,0,0,0
3024,L13024,L,297.5,307.5,1546,31.4,53,0,0,0,0,0,0
3025,L13025,L,297.5,308.2,1584,35.8,212,0,0,0,0,0,0
3026,L13026,L,297.5,307.3,1392,43.0,112,0,0,0,0,0,0
3027,H13027,H,297.4,306.7,1654,33.9,211,0,0,0,0,0,0
3028,M13028,M,297.4,306.3,1412,43.1,85,0,0,0,0,0,0
3029,M13029,M,297.4,308.2,1437,41.0,227,0,0,0,0,0,0
3030,M13030,M,297.4,308.3,1510,30.9,99,0,0,0,0,0,0
3031,L13031,L,297.3,307.1,1594,45.8,84,0,0,0,0,0,0
3032,L13032,L,297.4,308.2,1568,32.4,215,0,0,0,0,0,0
3033,M13033,M,297.4,304.4,1495,44.6,212,0,0,0,0,0,0
3034,L13034,L,297.4,308.7,1528,40.8,134,0,0,0,0,0,0
3035,L13035,L,297.4,307.2,1607,37.3,7,0,0,0,0,0,0
3036,L13036,L,297.3,307.5,1501,33.4,213,0,0,0,0,0,0
3037,L13037,L,297.4,307.0,1419,42.0,85,0,0,0,0,0,0
3038,H13038,H,297.3,308.7,1440,34.8,62,0,0,0,0,0,0
3039,L13039,L,297.2,306.2,1591,47.2,190,0,0,0,0,0,0
3040,M13040,M,297.3,308.7,1419,47.5,191,0,0,0,0,0,0
3041,L13041,L,297.2,307.6,1343,49.9,157,0,0,0,0,0,0
3042,H13042,H,297.2,307.8,1470,41.7,225,0,0,0,0,0,0
3043,L13043,L,297.2,306.9,1492,37.6,92,0,0,0,0,0,0
3044,L13044,L,297.2,305.9,1586,38.2,137,0,0,0,0,0,0
3045,M13045,M,297.2,308.1,1354,37.8,196,0,0,0,0,0,0
3046,M13046,M,297.3,307.6,1535,41.5,48,0,0,0,0,0,0
3047,L13047,L,297.2,308.6,1615,42.6,120,0,0,0,0,0,0
3048,L13048,L,297.3,307.1,1418,47.4,38,0,0,0,0,0,0
3049,L13049,L,297.2,306.8,1508,40.1,33,0,0,0,0,0,0
3050,L13050,L,297.3,308.7,1285,31.6,101,0,0,0,0,0,0
3051,L13051,L,297.3,309.2,1587,37.6,9,0,0,0,0,0,0
3052,L13052,L,297.4,307.4,1580,49.3,8,0,0,0,0,0,0
3053,L13053,L,297.4,306.7,1498,30.7,187,0,0,0,0,0,0
3054,L13054,L,297.4,308.2,1367,44.4,95,0,0,0,0,0,0
3055,M13055,M,297.4,307.1,1567,37.7,132,0,0,0,0,0,0
3056,H13056,H,297.4,308.0,1476,34.7,162,0,0,0,0,0,0
3057,M13057,M,297.3,307.0,1222,42.4,138,0,0,0,0,0,0
3058,L13058,L,297.3,308.9,1578,49.4,41,0,0,0,0,0,0
3059,L13059,L,297.3,306.6,1616,42.0,79,0,0,0,0,0,0
3060,H13060,H,297.3,307.8,1634,38.4,90,0,0,0,0,0,0
3061,L13061,L,297.2,306.7,1372,32.2,147,0,0,0,0,0,0
3062,L13062,L,297.1,306.8,1308,39.4,178,0,0,0,0,0,0
3063,M13063,M,297.1,306.7,1459,32.0,0,0,0,0,0,0,0
3064,M13064,M,297.1,307.8,1552,38.1,217,0,0,0,0,0,0
3065,M13065,M,297.1,308.0,1406,39.6,10,0,0,0,0,0,0
3066,L13066,L,297.1,307.6,1341,25.8,60,0,0,0,0,0,0
3067,L13067,L,297.1,307.0,1572,48.3,78,0,0,0,0,0,0
3068,H13068,H,297.1,307.2,1465,32.6,166,0,0,0,0,0,0
3069,L13069,L,297.1,308.0,1562,38.9,103,0,0,0,0,0,0
3070,M13070,M,297.1,308.1,1502,43.2,47,0,0,0,0,0,0
3071,M13071,M,297.1,304.5,1483,47.9,81,0,0,0,0,0,0
3072,M13072,M,297.1,306.9,1494,35.2,215,0,0,0,0,0,0
3073,L13073,L,297.2,307.0,1464,24.9,27,0,0,0,0,0,0
3074,L13074,L,297.2,307.9,1454,46.5,88,0,0,0,0,0,0
3075,M13075,M,297.2,307.1,1390,32.5,214,0,0,0,0,0,0
3076,H13076,H,297.2,307.9,1548,42.2,74,0,0,0,0,0,0
3077,H13077,H,297.2,306.2,1625,42.5,224,0,0,0,0,0,0
3078,L13078,L,297.2,307.5,1450,20.5,79,1,0,0,1,0,0
3079,L13079,L,297.3,308.2,1687,30.3,35,0,0,0,0,0,0
3080,H13080,H,297.3,305.8,1538,37.2,86,0,0,0,0,0,0
3081,M13081,M,297.2,309.7,1526,24.5,69,0,0,0,0,0,0
3082,H13082,H,297.2,308.4,1566,32.0,106,0,0,0,0,0,0
3083,L13083,L,297.2,307.2,1598,40.7,189,0,0,0,0,0,0
3084,M13084,M,297.2,306.4,1455,39.5,215,0,0,0,0,0,0
3085,M13085,M,297.2,307.1,1555,41.8,229,0,0,0,0,0,0
3086,M13086,M,297.3,307.3,1605,42.7,105,0,0,0,0,0,0
3087,L13087,L,297.3,307.8,1462,29.9,69,0,0,0,0,0,0
3088,L13088,L,297.3,308.8,1500,32.3,9,0,0,0,0,0,0
3089,M13089,M,297.4,306.9,1423,44.6,213,0,0,0,0,0,0
3090,L13090,L,297.4,308.0,1451,49.1,214,0,0,0,0,0,0
3091,L13091,L,297.4,306.1,1465,34.2,4,0,0,0,0,0,0
3092,H13092,H,297.4,307.0,1410,41.6,27,0,0,0,0,0,0
3093,L13093,L,297.4,307.8,1494,44.8,58,0,0,0,0,0,0
3094,H13094,H,297.4,308.1,1533,41.4,136,0,0,0,0,0,0
3095,L13095,L,297.3,306.6,1543,38.5,166,0,0,0,0,0,0
3096,M13096,M,297.3,306.9,1419,36.2,240,0,0,0,0,0,0
3097,H13097,H,297.3,308.8,1439,51.9,250,0,0,0,0,0,0
3098,L13098,L,297.4,308.6,1585,40.6,235,0,0,0,0,0,0
3099,L13099,L,297.4,307.6,1439,42.3,91,0,0,0,0,0,0
3100,L13100,L,297.4,305.2,1582,41.9,61,0,0,0,0,0,0
3101,L13101,L,297.4,309.9,1427,35.1,88,0,0,0,0,0,0
3102,M13102,M,297.4,307.4,1538,40.3,106,0,0,0,0,0,0
3103,H13103,H,297.4,307.1,1575,38.1,37,0,0,0,0,0,0
3104,L13104,L,297.5,307.0,1235,38.0,218,0,0,0,0,0,0
3105,L13105,L,297.5,307.9,1587,41.9,151,0,0,0,0,0,0
3106,L13106,L,297.5,307.9,1630,34.5,191,0,0,0,0,0,0
3107,M13107,M,297.5,308.4,1469,32.8,120,0,0,0,0,0,0
3108,L13108,L,297.5,306.5,1535,43.0,234,0,0,0,0,0,0
3109,M13109,M,297.5,307.1,1416,36.8,170,0,0,0,0,0,0
3110,M13110,M,297.5,309.5,1536,37.9,109,0,0,0,0,0,0
3111,M13111,M,297.5,307.7,1746,28.4,143,0,0,0,0,0,0
3112,L13112,L,297.5,307.3,1280,45.8,65,0,0,0,0,0,0
3113,M13113,M,297.5,306.5,1450,43.1,65,0,0,0,0,0,0
3114,L13114,L,297.4,307.9,1580,44.2,196,0,0,0,0,0,0
3115,L13115,L,297.5,308.5,1626,42.3,45,0,0,0,0,0,0
3116,H13116,H,297.5,308.3,1362,30.9,148,0,0,0,0,0,0
3117,M13117,M,297.5,307.2,1436,41.4,59,0,0,0,0,0,0
3118,L13118,L,297.4,307.8,1442,36.3,137,0,0,0,0,0,0
3119,L13119,L,297.4,309.0,1435,34.2,233,0,0,0,0,0,0
3120,L13120,L,297.4,308.5,1488,43.0,145,0,0,0,0,0,0
3121,L13121,L,297.4,306.7,1357,50.0,89,0,0,0,0,0,0
3122,L13122,L,297.4,304.8,1475,49.0,211,0,0,0,0,0,0
3123,L13123,L,297.4,307.7,1406,43.7,168,0,0,0,0,0,0
3124,L13124,L,297.4,308.2,1493,39.8,163,0,0,0,0,0,0
3125,M13125,M,297.5,306.4,1429,38.7,112,0,0,0,0,0,0
3126,M13126,M,297.5,307.5,1483,34.6,84,0,0,0,0,0,0
3127,M13127,M,297.5,307.3,1396,38.4,65,0,0,0,0,0,0
3128,L13128,L,297.5,307.6,1595,45.5,45,0,0,0,0,0,0
3129,H13129,H,297.5,306.9,1467,50.9,117,0,0,0,0,0,0
3130,H13130,H,297.5,308.8,1501,35.1,224,0,0,0,0,0,0
3131,H13131,H,297.5,307.6,1485,28.0,150,0,0,0,0,0,0
3132,H13132,H,297.5,306.6,1501,36.8,166,0,0,0,0,0,0
3133,H13133,H,297.4,308.3,1500,45.4,94,0,0,0,0,0,0
3134,M13134,M,297.5,306.2,1581,52.4,3,0,0,0,0,0,0
3135,L13135,L,297.4,308.7,1471,47.9,168,0,0,0,0,0,0
3136,M13136,M,297.4,308.4,1428,47.7,2,0,0,0,0,0,0
3137,M13137,M,297.4,308.8,1504,34.9,228,0,0,0,0,0,0
3138,M13138,M,297.4,307.2,1439,35.1,180,0,0,0,0,0,0
3139,M13139,M,297.4,306.9,1493,32.1,119,0,0,0,0,0,0
3140,L13140,L,297.4,307.4,1395,36.0,73,0,0,0,0,0,0
3141,L13141,L,297.3,307.3,1605,45.5,105,0,0,0,0,0,0
3142,H13142,H,297.3,306.6,1422,49.7,95,0,0,0,0,0,0
3143,M13143,M,297.3,306.7,1620,42.1,35,0,0,0,0,0,0
3144,M13144,M,297.3,307.0,1494,38.5,176,0,0,0,0,0,0
3145,L13145,L,297.3,306.2,1586,33.6,26,0,0,0,0,0,0
3146,L13146,L,297.4,308.0,1423,39.3,52,0,0,0,0,0,0
3147,H13147,H,297.4,307.4,1303,41.2,48,0,0,0,0,0,0
3148,M13148,M,297.4,307.1,1335,31.2,210,0,0,0,0,0,0
3149,M13149,M,297.4,306.3,1750,45.5,101,0,0,0,0,0,0
3150,L13150,L,297.5,306.3,1440,37.5,0,0,0,0,0,0,0
3151,M13151,M,297.6,309.5,1610,45.2,217,0,0,0,0,0,0
3152,L13152,L,297.5,306.9,1370,39.9,173,0,0,0,0,0,0
3153,M13153,M,297.5,308.1,1518,41.8,61,0,0,0,0,0,0
3154,L13154,L,297.5,307.7,1535,35.8,204,0,0,0,0,0,0
3155,L13155,L,297.6,304.8,1784,37.9,98,0,0,0,0,0,0
3156,M13156,M,297.5,309.3,1468,43.9,246,0,0,0,0,0,0
3157,H13157,H,297.5,308.2,1429,39.2,65,0,0,0,0,0,0
3158,L13158,L,297.4,306.7,1535,33.4,149,0,0,0,0,0,0
3159,H13159,H,297.4,307.4,1408,40.7,166,0,0,0,0,0,0
3160,L13160,L,297.5,306.3,1541,42.3,219,0,0,0,0,0,0
3161,L13161,L,297.4,309.2,1495,48.2,43,0,0,0,0,0,0
3162,L13162,L,297.4,306.5,1425,46.9,1,0,0,0,0,0,0
3163,L13163,L,297.3,306.8,1549,39.6,202,0,0,0,0,0,0
3164,M13164,M,297.3,306.6,1511,36.7,239,0,0,0,0,0,0
3165,L13165,L,297.4,307.5,1576,38.6,58,0,0,0,0,0,0
3166,L13166,L,297.4,308.7,1665,36.9,228,0,0,0,0,0,0
3167,H13167,H,297.4,309.2,1450,43.0,217,0,0,0,0,0,0
3168,L13168,L,297.4,307.0,1459,46.2,155,0,0,0,0,0,0
3169,M13169,M,297.5,307.8,1365,47.4,217,0,0,0,0,0,0
3170,L13170,L,297.5,307.6,1552,37.5,208,0,0,0,0,0,0
3171,M13171,M,297.4,306.5,1436,36.9,194,0,0,0,0,0,0
3172,L13172,L,297.4,309.8,1535,37.5,13,0,0,0,0,0,0
3173,L13173,L,297.3,308.7,1617,28.4,15,0,0,0,0,0,0
3174,L13174,L,297.3,307.5,1432,32.8,240,0,0,0,0,0,0
3175,L13175,L,297.3,308.9,1453,39.8,50,0,0,0,0,0,0
3176,L13176,L,297.3,308.5,1601,42.3,99,0,0,0,0,0,0
3177,M13177,M,297.3,307.3,1571,42.9,27,0,0,0,0,0,0
3178,H13178,H,297.2,307.5,1560,35.3,219,0,0,0,0,0,0
3179,H13179,H,297.2,308.7,1461,37.1,52,0,0,0,0,0,0
3180,M13180,M,297.2,306.3,1356,38.4,51,0,0,0,0,0,0
3181,L13181,L,297.3,308.9,1429,37.7,115,0,0,0,0,0,0
3182,L13182,L,297.4,307.1,1399,44.1,152,0,0,0,0,0,0
3183,L13183,L,297.4,308.9,1558,32.2,184,0,0,0,0,0,0
3184,L13184,L,297.4,307.4,1528,33.1,8,0,0,0,0,0,0
3185,M13185,M,297.4,307.8,1440,38.2,10,0,0,0,0,0,0
3186,M13186,M,297.4,307.4,1457,31.8,228,0,0,0,0,0,0
3187,L13187,L,297.4,306.9,1548,28.6,106,0,0,0,0,0,0
3188,L13188,L,297.4,307.2,1468,31.0,44,0,0,0,0,0,0
3189,H13189,H,297.3,308.7,1442,38.5,84,0,0,0,0,0,0
3190,M13190,M,297.4,305.1,1698,43.8,1,0,0,0,0,0,0
3191,L13191,L,297.4,306.2,1445,43.9,181,0,0,0,0,0,0
3192,H13192,H,297.4,306.7,1567,49.5,161,0,0,0,0,0,0
3193,H13193,H,297.4,306.3,1539,40.6,169,0,0,0,0,0,0
3194,L13194,L,297.4,308.9,1348,41.4,204,0,0,0,0,0,0
3195,L13195,L,297.4,308.6,1432,38.5,68,0,0,0,0,0,0
3196,M13196,M,297.4,308.0,1582,38.8,138,0,0,0,0,0,0
3197,H13197,H,297.4,306.7,1487,52.5,28,0,0,0,0,0,0
3198,H13198,H,297.4,308.7,1354,41.6,110,0,0,0,0,0,0
3199,L13199,L,297.4,305.8,1539,42.1,91,0,0,0,0,0,0
3200,L13200,L,297.4,309.5,1442,33.1,219,0,0,0,0,0,0
3201,M13201,M,297.4,306.7,1544,42.5,4,0,0,0,0,0,0
3202,M13202,M,297.3,307.1,1769,43.9,19,0,0,0,0,0,0
3203,L13203,L,297.3,306.9,1538,46.7,100,0,0,0,0,0,0
3204,H13204,H,297.3,306.2,1561,43.8,38,0,0,0,0,0,0
3205,M13205,M,297.3,309.3,1475,39.2,201,0,0,0,0,0,0
3206,H13206,H,297.3,308.0,1388,39.0,159,0,0,0,0,0,0
3207,H13207,H,297.3,308.5,1602,39.6,156,0,0,0,0,0,0
3208,M13208,M,297.3,306.0,1439,40.6,193,0,0,0,0,0,0
3209,L13209,L,297.2,307.4,1477,47.6,126,0,0,0,0,0,0
3210,M13210,M,297.2,307.7,1679,46.4,0,0,0,0,0,0,0
3211,L13211,L,297.1,307.4,1466,44.5,211,0,0,0,0,0,0
3212,M13212,M,297.2,306.0,1622,52.2,118,0,0,0,0,0,0
3213,L13213,L,297.2,308.3,1539,24.1,128,0,0,0,0,0,0
3214,M13214,M,297.2,307.3,1445,37.2,3,0,0,0,0,0,0
3215,L13215,L,297.2,306.2,1534,39.9,142,0,0,0,0,0,0
3216,L13216,L,297.2,305.3,1428,36.0,174,0,0,0,0,0,0
3217,L13217,L,297.2,307.8,1590,34.4,157,0,0,0,0,0,0
3218,L13218,L,297.2,309.7,1625,29.7,133,0,0,0,0,0,0
3219,M13219,M,297.3,306.2,1505,38.1,101,0,0,0,0,0,0
3220,M13220,M,297.3,307.5,1634,45.4,128,0,0,0,0,0,0
3221,M13221,M,297.3,308.4,1516,44.6,198,0,0,0,0,0,0
3222,L13222,L,297.3,306.1,1591,35.5,61,0,0,0,0,0,0
3223,L13223,L,297.4,306.9,1795,41.3,191,0,0,0,0,0,0
3224,L13224,L,297.4,306.5,1748,48.1,132,0,0,0,0,0,0
3225,L13225,L,297.4,308.4,1482,30.9,53,0,0,0,0,0,0
3226,H13226,H,297.5,308.8,1529,39.0,48,0,0,0,0,0,0
3227,L13227,L,297.4,307.6,1395,41.7,6,0,0,0,0,0,0
3228,L13228,L,297.4,306.5,1580,40.1,99,0,0,0,0,0,0
3229,L13229,L,297.3,306.9,1539,45.1,2,0,0,0,0,0,0
3230,L13230,L,297.4,306.8,1423,31.0,75,0,0,0,0,0,0
3231,M13231,M,297.3,306.3,1619,34.0,122,0,0,0,0,0,0
3232,M13232,M,297.3,307.2,1473,44.1,188,0,0,0,0,0,0
3233,L13233,L,297.3,307.9,1448,29.8,78,0,0,0,0,0,0
3234,L13234,L,297.4,307.9,1540,44.9,211,0,0,0,0,0,0
3235,L13235,L,297.4,307.4,1453,42.7,168,0,0,0,0,0,0
3236,L13236,L,297.3,307.4,1497,44.5,148,0,0,0,0,0,0
3237,L13237,L,297.3,307.2,1675,37.2,31,0,0,0,0,0,0
3238,H13238,H,297.2,305.9,1439,43.1,11,0,0,0,0,0,0
3239,M13239,M,297.2,307.4,1568,33.0,228,0,0,0,0,0,0
3240,M13240,M,297.2,306.6,1442,37.5,103,0,0,0,0,0,0
3241,L13241,L,297.1,305.8,1403,40.2,110,0,0,0,0,0,0
3242,L13242,L,297.2,307.6,1492,34.6,6,0,0,0,0,0,0
3243,M13243,M,297.2,306.5,1768,41.3,178,0,0,0,0,0,0
3244,M13244,M,297.2,307.4,1578,33.1,172,0,0,0,0,0,0
3245,M13245,M,297.3,308.1,1546,41.6,94,0,0,0,0,0,0
3246,L13246,L,297.3,306.4,1448,50.5,64,0,0,0,0,0,0
3247,M13247,M,297.3,307.4,1462,32.5,187,0,0,0,0,0,0
3248,L13248,L,297.3,305.5,1352,39.9,202,1,0,1,0,0,0
3249,H13249,H,297.2,308.8,1680,30.3,44,0,0,0,0,0,0
3250,M13250,M,297.3,305.9,1527,35.0,33,0,0,0,0,0,0
3251,M13251,M,297.3,306.8,1518,44.2,210,0,0,0,0,0,0
3252,L13252,L,297.3,308.6,1520,37.4,138,0,0,0,0,0,0
3253,M13253,M,297.2,307.0,1709,44.5,224,0,0,0,0,0,0
3254,L13254,L,297.1,305.9,1530,42.1,160,0,0,0,0,0,0
3255,L13255,L,297.0,307.7,1481,39.6,7,0,0,0,0,0,0
3256,L13256,L,297.1,307.8,1680,33.8,44,0,0,0,0,0,0
3257,M13257,M,297.1,306.4,1487,44.1,199,0,0,0,0,0,0
3258,L13258,L,297.1,306.5,1331,41.8,225,0,0,0,0,0,0
3259,L13259,L,297.1,306.7,1347,30.8,103,0,0,0,0,0,0
3260,H13260,H,297.2,307.0,1481,34.2,218,0,0,0,0,0,0
3261,L13261,L,297.2,305.3,1529,23.4,220,0,0,0,0,0,0
3262,M13262,M,297.2,307.0,1582,31.8,77,0,0,0,0,0,0
3263,L13263,L,297.1,308.9,1408,38.1,161,0,0,0,0,0,0
3264,L13264,L,297.2,306.3,1477,33.7,44,0,0,0,0,0,0
3265,M13265,M,297.3,306.7,1419,35.0,122,0,0,0,0,0,0
3266,L13266,L,297.3,306.1,1611,48.3,228,1,0,0,0,1,0
3267,L13267,L,297.3,307.9,1628,46.2,192,0,0,0,0,0,0
3268,M13268,M,297.3,308.5,1696,35.8,200,0,0,0,0,0,0
3269,M13269,M,297.3,308.5,1535,44.8,179,0,0,0,0,0,0
3270,M13270,M,297.3,306.1,1687,47.3,137,0,0,0,0,0,0
3271,L13271,L,297.4,307.9,1431,43.7,221,0,0,0,0,0,0
3272,L13272,L,297.4,308.8,1522,41.8,42,0,0,0,0,0,0
3273,M13273,M,297.3,307.8,1394,46.6,209,0,0,0,0,0,0
3274,M13274,M,297.3,307.8,1557,44.6,80,0,0,0,0,0,0
3275,H13275,H,297.3,306.9,1528,32.7,197,0,0,0,0,0,0
3276,H13276,H,297.4,307.6,1255,38.9,10,0,0,0,0,0,0
3277,H13277,H,297.4,308.6,1611,36.7,215,0,0,0,0,0,0
3278,L13278,L,297.4,307.7,1586,46.9,163,0,0,0,0,0,0
3279,L13279,L,297.4,306.1,1444,36.5,224,0,0,0,0,0,0
3280,M13280,M,297.4,306.9,1528,35.5,224,0,0,0,0,0,0
3281,L13281,L,297.2,308.4,1351,46.2,245,1,0,0,0,1,0
3282,L13282,L,297.2,307.5,1423,41.6,145,0,0,0,0,0,0
3283,H13283,H,297.3,307.4,1667,52.7,190,1,0,0,1,0,0
3284,H13284,H,297.2,306.7,1385,34.8,4,0,0,0,0,0,0
3285,L13285,L,297.2,308.4,1501,36.9,30,0,0,0,0,0,0
3286,L13286,L,297.2,308.8,1360,46.7,15,0,0,0,0,0,0
3287,L13287,L,297.2,308.5,1534,32.3,193,0,0,0,0,0,0
3288,H13288,H,297.2,308.7,1556,47.9,8,0,0,0,0,0,0
3289,H13289,H,297.3,306.9,1572,32.8,1,0,0,0,0,0,0
3290,L13290,L,297.2,306.7,1547,43.7,36,0,0,0,0,0,0
3291,L13291,L,297.2,307.0,1643,28.9,83,0,0,0,0,0,0
3292,H13292,H,297.2,307.2,1445,40.3,186,0,0,0,0,0,0
3293,L13293,L,297.2,308.6,1394,31.8,208,0,0,0,0,0,0
3294,M13294,M,297.1,308.3,1441,51.6,57,0,0,0,0,0,0
3295,H13295,H,297.1,307.6,1365,33.6,216,0,0,0,0,0,0
3296,L13296,L,297.2,305.7,1508,35.0,82,0,0,0,0,0,0
3297,M13297,M,297.1,305.4,1486,43.2,105,0,0,0,0,0,0
3298,L13298,L,297.1,307.4,1548,36.4,135,0,0,0,0,0,0
3299,L13299,L,297.2,308.0,1338,44.2,51,0,0,0,0,0,0
3300,H13300,H,297.2,307.1,1499,35.7,74,0,0,0,0,0,0
3301,L13301,L,297.2,309.1,1621,35.3,204,0,0,0,0,0,0
3302,H13302,H,297.1,306.1,1557,39.8,76,0,0,0,0,0,0
3303,M13303,M,297.1,305.9,1310,32.7,200,0,0,0,0,0,0
3304,L13304,L,297.1,306.4,1499,42.4,68,0,0,0,0,0,0
3305,L13305,L,297.2,306.5,1427,45.3,209,0,0,0,0,0,0
3306,L13306,L,297.2,307.7,1501,43.3,231,0,0,0,0,0,0
3307,L13307,L,297.2,306.8,1462,43.9,124,0,0,0,0,0,0
3308,L13308,L,297.2,305.6,1674,28.5,179,0,0,0,0,0,0
3309,L13309,L,297.2,308.1,1509,37.2,205,0,0,0,0,0,0
3310,L13310,L,297.3,305.5,1532,38.6,33,0,0,0,0,0,0
3311,M13311,M,297.3,306.2,1496,48.7,213,0,0,0,0,0,0
3312,M13312,M,297.3,305.7,1547,36.5,175,0,0,0,0,0,0
3313,M13313,M,297.3,307.5,1478,26.2,96,0,0,0,0,0,0
3314,L13314,L,297.4,307.6,1577,34.0,151,0,0,0,0,0,0
3315,L13315,L,297.4,309.3,1461,36.0,248,0,0,0,0,0,0
3316,M13316,M,297.4,308.4,1638,27.1,246,0,0,0,0,0,0
3317,L13317,L,297.5,308.9,1550,45.8,220,0,0,0,0,0,0
3318,L13318,L,297.5,307.8,1485,30.6,12,0,0,0,0,0,0
3319,H13319,H,297.5,306.5,1584,42.7,248,0,0,0,0,0,0
3320,M13320,M,297.5,307.6,1549,33.4,49,0,0,0,0,0,0
3321,M13321,M,297.5,308.1,1583,49.0,90,0,0,0,0,0,0
3322,L13322,L,297.4,308.2,1509,38.3,192,0,0,0,0,0,0
3323,M13323,M,297.4,307.0,1476,37.1,198,0,0,0,0,0,0
3324,M13324,M,297.4,307.9,1514,43.2,3,0,0,0,0,0,0
3325,M13325,M,297.4,306.5,1450,34.0,63,0,0,0,0,0,0
3326,M13326,M,297.3,306.2,1598,43.5,73,0,0,0,0,0,0
3327,H13327,H,297.4,306.3,1647,37.1,231,0,0,0,0,0,0
3328,M13328,M,297.5,307.5,1558,36.4,226,0,0,0,0,0,0
3329,L13329,L,297.5,306.3,1642,39.5,246,0,0,0,0,0,0
3330,M13330,M,297.5,307.0,1613,33.5,166,0,0,0,0,0,0
3331,M13331,M,297.5,308.4,1473,38.9,250,0,0,0,0,0,0
3332,M13332,M,297.5,306.4,1584,42.0,190,0,0,0,0,0,0
3333,L13333,L,297.5,307.0,1372,26.1,185,0,0,0,0,0,0
3334,L13334,L,297.5,307.5,1519,46.5,248,1,0,0,0,1,0
3335,H13335,H,297.4,307.7,1382,44.9,15,0,0,0,0,0,0
3336,M13336,M,297.5,307.0,1489,28.9,218,0,0,0,0,0,0
3337,H13337,H,297.4,308.2,1356,27.9,83,0,0,0,0,0,0
3338,M13338,M,297.4,308.0,1609,45.1,189,0,0,0,0,0,0
3339,M13339,M,297.4,308.5,1461,44.6,137,0,0,0,0,0,0
3340,M13340,M,297.4,307.3,1591,43.7,108,0,0,0,0,0,0
3341,H13341,H,297.4,306.9,1492,31.4,61,0,0,0,0,0,0
3342,M13342,M,297.5,306.8,1316,51.0,160,0,0,0,0,0,0
3343,M13343,M,297.4,307.7,1452,35.5,198,0,0,0,0,0,0
3344,L13344,L,297.4,307.1,1447,41.4,169,0,0,0,0,0,0
3345,L13345,L,297.5,306.9,1499,41.5,43,0,0,0,0,0,0
3346,M13346,M,297.5,307.1,1651,49.6,173,0,0,0,0,0,0
3347,L13347,L,297.5,306.8,1667,40.8,85,0,0,0,0,0,0
3348,L13348,L,297.5,307.7,1477,42.5,234,0,0,0,0,0,0
3349,L13349,L,297.6,306.2,1374,39.5,80,1,0,1,0,0,0
3350,L13350,L,297.6,307.9,1426,32.8,200,0,0,0,0,0,0
3351,L13351,L,297.6,308.3,1548,26.1,121,0,0,0,0,0,0
3352,L13352,L,297.6,307.0,1489,40.2,103,0,0,0,0,0,0
3353,H13353,H,297.6,309.5,1342,31.5,201,0,0,0,0,0,0
3354,M13354,M,297.6,307.6,1450,42.1,227,0,0,0,0,0,0
3355,L13355,L,297.6,306.0,1631,40.9,222,0,0,0,0,0,0
3356,L13356,L,297.6,307.3,1529,40.7,158,0,0,0,0,0,0
3357,M13357,M,297.5,307.6,1505,33.7,132,0,0,0,0,0,0
3358,L13358,L,297.5,307.9,1461,46.2,119,0,0,0,0,0,0
3359,H13359,H,297.5,307.2,1454,42.8,145,0,0,0,0,0,0
3360,M13360,M,297.4,306.4,1554,32.9,133,0,0,0,0,0,0
3361,M13361,M,297.4,306.3,1514,52.4,105,0,0,0,0,0,0
3362,L13362,L,297.4,306.7,1577,38.7,177,0,0,0,0,0,0
3363,M13363,M,297.4,306.8,1555,32.0,126,0,0,0,0,0,0
3364,L13364,L,297.3,306.2,1502,35.4,27,0,0,0,0,0,0
3365,H13365,H,297.3,306.6,1538,30.9,106,0,0,0,0,0,0
3366,M13366,M,297.4,308.0,1441,48.2,23,0,0,0,0,0,0
3367,L13367,L,297.4,309.0,1495,46.5,196,0,0,0,0,0,0
3368,L13368,L,297.4,308.2,1634,44.4,27,0,0,0,0,0,0
3369,L13369,L,297.5,308.8,1501,43.3,185,0,0,0,0,0,0
3370,M13370,M,297.5,308.5,1478,47.5,194,0,0,0,0,0,0
3371,L13371,L,297.6,308.5,1521,38.5,145,0,0,0,0,0,0
3372,M13372,M,297.6,307.3,1383,42.5,3,0,0,0,0,0,0
3373,L13373,L,297.6,307.7,1522,35.1,103,0,0,0,0,0,0
3374,M13374,M,297.6,307.2,1670,39.1,176,0,0,0,0,0,0
3375,H13375,H,297.6,307.4,1419,42.7,127,0,0,0,0,0,0
3376,M13376,M,297.7,307.8,1527,21.5,127,1,0,0,1,0,0
3377,M13377,M,297.8,308.5,1498,36.3,105,0,0,0,0,0,0
3378,L13378,L,297.8,308.2,1495,41.0,159,0,0,0,0,0,0
3379,L13379,L,297.8,307.6,1493,39.5,95,0,0,0,0,0,0
3380,M13380,M,297.8,307.8,1571,37.3,126,0,0,0,0,0,0
3381,L13381,L,297.9,308.3,1390,43.5,210,0,0,0,0,0,0
3382,L13382,L,297.8,308.5,1569,35.8,92,0,0,0,0,0,0
3383,L13383,L,297.8,306.3,1507,32.7,224,0,0,0,0,0,0
3384,L13384,L,297.8,306.7,1324,47.1,65,0,0,0,0,0,0
3385,L13385,L,297.8,308.9,1538,46.3,57,0,0,0,0,0,0
3386,H13386,H,297.7,307.7,1511,36.4,10,0,0,0,0,0,0
3387,L13387,L,297.7,307.3,1413,39.6,110,0,0,0,0,0,0
3388,M13388,M,297.6,307.4,1516,45.1,246,0,0,0,0,0,0
3389,L13389,L,297.6,307.3,1368,40.3,224,0,0,0,0,0,0
3390,M13390,M,297.7,308.3,1432,43.2,232,0,0,0,0,0,0
3391,L13391,L,297.7,306.6,1504,42.9,103,0,0,0,0,0,0
3392,H13392,H,297.8,307.8,1331,38.1,64,0,0,0,0,0,0
3393,H13393,H,297.8,308.1,1385,43.1,127,0,0,0,0,0,0
3394,L13394,L,297.9,308.3,1400,34.2,233,0,0,0,0,0,0
3395,H13395,H,297.8,308.1,1508,42.4,16,0,0,0,0,0,0
3396,H13396,H,297.8,308.3,1544,39.6,113,0,0,0,0,0,0
3397,H13397,H,297.7,307.2,1411,37.8,79,0,0,0,0,0,0
3398,H13398,H,297.7,306.8,1405,32.5,65,0,0,0,0,0,0
3399,L13399,L,297.7,310.2,1514,40.8,117,0,0,0,0,0,0
3400,M13400,M,297.7,307.4,1511,40.2,112,0,0,0,0,0,0
3401,L13401,L,297.7,307.5,1430,35.0,131,0,0,0,0,0,0
3402,L13402,L,297.7,308.4,1683,30.4,159,0,0,0,0,0,0
3403,H13403,H,297.7,309.3,1518,30.1,70,0,0,0,0,0,0
3404,L13404,L,297.6,307.0,1483,38.5,156,0,0,0,0,0,0
3405,M13405,M,297.5,306.5,1461,41.8,60,0,0,0,0,0,0
3406,H13406,H,297.5,306.2,1601,51.1,187,0,0,0,0,0,0
3407,H13407,H,297.5,309.1,1555,39.7,200,0,0,0,0,0,0
3408,H13408,H,297.4,306.4,1326,30.2,57,0,0,0,0,0,0
3409,L13409,L,297.4,307.4,1430,38.8,226,0,0,0,0,0,0
3410,L13410,L,297.3,306.4,1455,47.5,243,1,0,0,0,1,0
3411,L13411,L,297.3,305.9,1499,35.9,52,0,0,0,0,0,0
3412,L13412,L,297.3,307.0,1563,46.7,4,0,0,0,0,0,0
3413,L13413,L,297.2,306.3,1393,41.1,113,0,0,0,0,0,0
3414,L13414,L,297.2,306.5,1492,43.9,60,0,0,0,0,0,0
3415,M13415,M,297.2,309.2,1670,51.2,20,0,0,0,0,0,0
3416,M13416,M,297.1,307.5,1503,29.0,185,0,0,0,0,0,0
3417,L13417,L,297.2,308.1,1431,45.4,208,0,0,0,0,0,0
3418,M13418,M,297.2,308.0,1367,39.4,230,0,0,0,0,0,0
3419,L13419,L,297.2,307.1,1451,34.3,13,0,0,0,0,0,0
3420,L13420,L,297.1,306.7,1392,39.4,95,0,0,0,0,0,0
3421,M13421,M,297.2,307.4,1461,50.1,78,0,0,0,0,0,0
3422,M13422,M,297.2,307.4,1554,48.0,212,0,0,0,0,0,0
3423,M13423,M,297.2,306.6,1504,28.0,181,0,0,0,0,0,0
3424,L13424,L,297.3,307.4,1452,35.4,77,0,0,0,0,0,0
3425,H13425,H,297.3,306.6,1321,45.7,40,0,0,0,0,0,0
3426,M13426,M,297.4,307.2,1583,39.9,15,0,0,0,0,0,0
3427,M13427,M,297.4,307.0,1465,39.9,50,0,0,0,0,0,0
3428,M13428,M,297.4,306.1,1511,30.6,0,0,0,0,0,0,0
3429,H13429,H,297.4,305.0,1409,35.5,39,0,0,0,0,0,0
3430,M13430,M,297.3,306.4,1459,31.9,17,0,0,0,0,0,0
3431,M13431,M,297.3,309.1,1442,30.1,33,0,0,0,0,0,0
3432,H13432,H,297.4,307.1,1367,32.5,217,0,0,0,0,0,0
3433,M13433,M,297.4,308.2,1409,34.4,188,0,0,0,0,0,0
3434,L13434,L,297.4,305.3,1499,35.4,99,0,0,0,0,0,0
3435,M13435,M,297.4,306.4,1530,34.9,148,0,0,0,0,0,0
3436,L13436,L,297.3,306.0,1432,46.1,128,0,0,0,0,0,0
3437,L13437,L,297.3,307.1,1380,34.6,154,0,0,0,0,0,0
3438,M13438,M,297.3,309.7,1464,48.6,178,0,0,0,0,0,0
3439,H13439,H,297.5,307.9,1578,37.1,138,0,0,0,0,0,0
3440,H13440,H,297.5,309.2,1406,42.6,119,0,0,0,0,0,0
3441,L13441,L,297.5,307.2,1501,42.8,101,0,0,0,0,0,0
3442,M13442,M,297.5,308.8,1434,34.6,114,0,0,0,0,0,0
3443,L13443,L,297.4,309.5,1613,38.0,13,0,0,0,0,0,0
3444,H13444,H,297.4,307.3,1449,37.0,91,0,0,0,0,0,0
3445,H13445,H,297.4,306.9,1566,42.2,182,0,0,0,0,0,0
3446,M13446,M,297.4,306.1,1602,39.2,154,0,0,0,0,0,0
3447,H13447,H,297.4,307.1,1654,35.5,149,0,0,0,0,0,0
3448,M13448,M,297.5,307.6,1365,40.7,20,0,0,0,0,0,0
3449,M13449,M,297.5,309.6,1360,42.0,119,0,0,0,0,0,0
3450,L13450,L,297.6,306.3,1617,51.1,151,0,0,0,0,0,0
3451,L13451,L,297.5,307.5,1600,40.4,18,0,0,0,0,0,0
3452,M13452,M,297.5,305.7,1438,40.1,23,0,0,0,0,0,0
3453,M13453,M,297.6,307.2,1176,42.6,25,0,0,0,0,0,0
3454,L13454,L,297.7,308.0,1508,34.3,152,0,0,0,0,0,0
3455,H13455,H,297.7,308.2,1348,29.6,44,0,0,0,0,0,0
3456,L13456,L,297.8,308.4,1417,38.1,107,0,0,0,0,0,0
3457,M13457,M,297.8,308.2,1518,46.4,156,0,0,0,0,0,0
3458,M13458,M,297.8,308.4,1532,47.4,201,0,0,0,0,0,0
3459,M13459,M,297.8,307.8,1658,28.7,242,0,0,0,0,0,0
3460,M13460,M,297.8,306.7,1463,44.0,138,0,0,0,0,0,0
3461,L13461,L,297.8,306.0,1402,26.9,23,0,0,0,0,0,0
3462,L13462,L,297.8,307.3,1592,42.8,23,0,0,0,0,0,0
3463,M13463,M,297.8,307.6,1538,42.4,11,0,0,0,0,0,0
3464,M13464,M,297.8,309.0,1464,29.7,134,0,0,0,0,0,0
3465,L13465,L,297.8,307.7,1503,46.0,167,0,0,0,0,0,0
3466,M13466,M,297.8,307.6,1462,50.5,80,0,0,0,0,0,0
3467,L13467,L,297.8,308.2,1569,39.6,98,0,0,0,0,0,0
3468,M13468,M,297.9,307.6,1669,40.8,69,0,0,0,0,0,0
3469,H13469,H,297.8,308.6,1427,48.9,203,0,0,0,0,0,0
3470,L13470,L,297.9,309.8,1542,33.2,78,0,0,0,0,0,0
3471,L13471,L,297.8,310.0,1347,33.4,223,0,0,0,0,0,0
3472,M13472,M,297.7,307.8,1393,35.0,22,0,0,0,0,0,0
3473,M13473,M,297.7,308.1,1556,40.2,198,0,0,0,0,0,0
3474,M13474,M,297.7,309.3,1493,40.2,122,0,0,0,0,0,0
3475,H13475,H,297.7,307.5,1389,36.7,37,0,0,0,0,0,0
3476,H13476,H,297.6,308.3,1501,38.2,158,0,0,0,0,0,0
3477,H13477,H,297.6,306.5,1588,36.8,28,0,0,0,0,0,0
3478,M13478,M,297.6,307.3,1355,37.0,171,0,0,0,0,0,0
3479,L13479,L,297.7,308.8,1675,35.4,155,0,0,0,0,0,0
3480,L13480,L,297.7,307.0,1557,35.4,75,0,0,0,0,0,0
3481,L13481,L,297.7,307.6,1559,28.0,218,0,0,0,0,0,0
3482,M13482,M,297.7,306.1,1500,38.7,67,0,0,0,0,0,0
3483,L13483,L,297.6,309.6,1675,28.3,20,0,0,0,0,0,0
3484,H13484,H,297.6,308.8,1596,44.5,8,0,0,0,0,0,0
3485,M13485,M,297.5,307.7,1463,36.6,48,0,0,0,0,0,0
3486,M13486,M,297.5,308.0,1576,39.3,97,0,0,0,0,0,0
3487,L13487,L,297.6,308.0,1427,37.8,36,0,0,0,0,0,0
3488,L13488,L,297.6,309.0,1472,38.5,20,0,0,0,0,0,0
3489,L13489,L,297.6,307.1,1647,47.6,187,0,0,0,0,0,0
3490,L13490,L,297.6,308.4,1539,31.9,22,0,0,0,0,0,0
3491,L13491,L,297.6,308.6,1566,30.3,215,1,1,0,0,0,0
3492,M13492,M,297.6,308.8,1617,40.7,137,0,0,0,0,0,0
3493,H13493,H,297.6,305.4,1555,37.0,229,0,0,0,0,0,0
3494,H13494,H,297.5,306.9,1419,42.2,69,0,0,0,0,0,0
3495,M13495,M,297.5,306.4,1666,44.3,148,0,0,0,0,0,0
3496,L13496,L,297.4,307.6,1552,33.4,100,0,0,0,0,0,0
3497,H13497,H,297.4,305.4,1559,43.6,28,0,0,0,0,0,0
3498,H13498,H,297.4,305.3,1506,33.9,58,0,0,0,0,0,0
3499,L13499,L,297.4,309.6,1611,40.4,167,0,0,0,0,0,0
3500,M13500,M,297.4,308.0,1691,32.6,20,0,0,0,0,0,0
3501,L13501,L,297.4,307.5,1462,40.8,85,0,0,0,0,0,0
3502,H13502,H,297.3,307.7,1607,39.9,98,0,0,0,0,0,0
3503,H13503,H,297.3,307.4,1503,33.4,62,0,0,0,0,0,0
3504,L13504,L,297.2,308.2,1300,31.8,45,0,0,0,0,0,0
3505,H13505,H,297.3,306.6,1360,44.5,132,0,0,0,0,0,0
3506,M13506,M,297.3,307.5,1542,37.3,14,0,0,0,0,0,0
3507,H13507,H,297.3,307.5,1601,46.1,104,0,0,0,0,0,0
3508,L13508,L,297.3,306.3,1561,36.7,110,0,0,0,0,0,0
3509,H13509,H,297.3,308.6,1577,47.8,82,0,0,0,0,0,0
3510,L13510,L,297.4,306.9,1759,34.3,79,0,0,0,0,0,0
3511,L13511,L,297.4,308.4,1553,48.8,167,0,0,0,0,0,0
3512,L13512,L,297.3,307.4,1474,41.0,110,0,0,0,0,0,0
3513,H13513,H,297.3,308.9,1487,42.4,106,0,0,0,0,0,0
3514,H13514,H,297.3,306.3,1664,34.0,86,0,0,0,0,0,0
3515,H13515,H,297.3,306.2,1373,44.4,3,0,0,0,0,0,0
3516,H13516,H,297.3,306.4,1624,44.6,212,0,0,0,0,0,0
3517,L13517,L,297.3,307.4,1502,38.1,151,0,0,0,0,0,0
3518,L13518,L,297.2,308.8,1417,27.2,41,0,0,0,0,0,0
3519,L13519,L,297.2,308.8,1355,33.3,118,0,0,0,0,0,0
3520,L13520,L,297.3,305.0,1648,33.3,25,0,0,0,0,0,0
3521,L13521,L,297.3,307.5,1414,42.7,105,0,0,0,0,0,0
3522,L13522,L,297.3,304.1,1506,37.2,193,0,0,0,0,0,0
3523,L13523,L,297.3,308.1,1403,37.3,103,0,0,0,0,0,0
3524,L13524,L,297.3,308.4,1697,36.6,7,0,0,0,0,0,0
3525,L13525,L,297.2,307.2,1510,48.8,72,0,0,0,0,0,0
3526,L13526,L,297.2,307.3,1365,40.3,193,0,0,0,0,0,0
3527,H13527,H,297.0,307.1,1457,41.2,77,0,0,0,0,0,0
3528,M13528,M,297.0,306.2,1639,36.3,147,0,0,0,0,0,0
3529,H13529,H,297.0,307.4,1402,39.8,65,0,0,0,0,0,0
3530,L13530,L,297.0,306.8,1464,34.1,67,0,0,0,0,0,0
3531,L13531,L,297.0,307.9,1619,42.1,98,0,0,0,0,0,0
3532,M13532,M,297.0,306.9,1534,33.1,182,0,0,0,0,0,0
3533,L13533,L,296.9,306.1,1378,44.5,77,0,0,0,0,0,0
3534,L13534,L,296.9,305.4,1522,35.6,84,0,0,0,0,0,0
3535,L13535,L,296.8,305.0,1485,45.7,239,0,0,0,0,0,0
3536,L13536,L,296.8,308.1,1505,51.4,78,0,0,0,0,0,0
3537,L13537,L,296.8,306.3,1595,40.0,38,0,0,0,0,0,0
3538,L13538,L,296.8,307.2,1524,47.9,49,0,0,0,0,0,0
3539,M13539,M,296.9,308.6,1491,44.5,19,0,0,0,0,0,0
3540,L13540,L,296.9,306.3,1486,31.4,69,0,0,0,0,0,0
3541,L13541,L,296.9,306.2,1608,40.7,155,0,0,0,0,0,0
3542,H13542,H,296.8,306.7,1428,43.0,116,0,0,0,0,0,0
3543,L13543,L,296.8,306.8,1283,43.6,111,0,0,0,0,0,0
3544,L13544,L,296.8,308.7,1477,41.1,170,0,0,0,0,0,0
3545,H13545,H,296.7,308.3,1538,41.0,193,0,0,0,0,0,0
3546,L13546,L,296.8,307.4,1458,40.0,27,0,0,0,0,0,0
3547,L13547,L,296.8,308.2,1447,40.8,118,0,0,0,0,0,0
3548,L13548,L,296.8,306.6,1464,32.7,97,0,0,0,0,0,0
3549,L13549,L,296.8,307.1,1498,38.6,205,0,0,0,0,0,0
3550,M13550,M,296.8,306.5,1370,31.3,72,0,0,0,0,0,0
3551,H13551,H,296.7,305.4,1566,37.0,150,0,0,0,0,0,0
3552,L13552,L,296.7,307.9,1234,36.5,107,0,0,0,0,0,0
3553,M13553,M,296.6,307.1,1554,36.1,162,0,0,0,0,0,0
3554,M13554,M,296.6,306.6,1531,33.7,21,0,0,0,0,0,0
3555,L13555,L,296.7,306.7,1550,41.6,4,0,0,0,0,0,0
3556,M13556,M,296.7,305.2,1307,38.1,59,1,0,1,0,0,0
3557,L13557,L,296.8,305.8,1529,37.5,168,0,0,0,0,0,0
3558,L13558,L,296.8,307.2,1446,31.6,156,0,0,0,0,0,0
3559,L13559,L,296.8,306.3,1660,38.2,162,0,0,0,0,0,0
3560,L13560,L,296.8,306.6,1536,46.9,113,0,0,0,0,0,0
3561,L13561,L,296.8,306.7,1382,47.0,97,0,0,0,0,0,0
3562,H13562,H,296.8,306.2,1331,42.2,195,0,0,0,0,0,0
3563,L13563,L,296.8,305.8,1439,38.2,44,0,0,0,0,0,0
3564,L13564,L,296.7,305.1,1581,43.4,112,0,0,0,0,0,0
3565,L13565,L,296.9,306.7,1615,36.0,136,0,0,0,0,0,0
3566,M13566,M,296.9,307.5,1518,38.2,178,0,0,0,0,0,0
3567,M13567,M,296.9,305.2,1508,35.5,13,0,0,0,0,0,0
3568,M13568,M,296.9,306.9,1467,45.5,236,0,0,0,0,0,0
3569,M13569,M,296.9,307.1,1498,44.7,68,0,0,0,0,0,0
3570,H13570,H,296.9,305.9,1622,39.8,113,0,0,0,0,0,0
3571,L13571,L,296.9,308.4,1465,50.4,55,0,0,0,0,0,0
3572,M13572,M,296.9,306.5,1566,42.5,110,0,0,0,0,0,0
3573,H13573,H,296.9,306.8,1447,42.1,90,0,0,0,0,0,0
3574,H13574,H,296.9,306.7,1601,41.5,10,0,0,0,0,0,0
3575,H13575,H,296.8,305.1,1558,32.4,157,0,0,0,0,0,0
3576,L13576,L,296.9,307.9,1597,34.6,114,0,0,0,0,0,0
3577,L13577,L,297.0,306.0,1688,39.7,100,0,0,0,0,0,0
3578,L13578,L,297.0,306.7,1242,39.7,166,0,0,0,0,0,0
3579,M13579,M,296.9,307.5,1575,43.5,97,0,0,0,0,0,0
3580,L13580,L,296.8,308.3,1547,36.0,114,0,0,0,0,0,0
3581,L13581,L,296.8,305.8,1545,40.4,151,0,0,0,0,0,0
3582,H13582,H,296.9,306.4,1524,40.5,79,0,0,0,0,0,0
3583,L13583,L,296.8,308.2,1524,40.8,57,0,0,0,0,0,0
3584,H13584,H,296.8,307.3,1534,40.1,29,0,0,0,0,0,0
3585,L13585,L,296.8,307.5,1591,31.6,151,0,0,0,0,0,0
3586,L13586,L,296.8,305.7,1583,26.4,66,0,0,0,0,0,0
3587,L13587,L,296.7,306.3,1498,34.3,28,0,0,0,0,0,0
3588,M13588,M,296.6,306.5,1481,36.8,41,0,0,0,0,0,0
3589,L13589,L,296.6,305.7,1502,32.9,203,0,0,0,0,0,0
3590,L13590,L,296.7,305.0,1459,39.7,118,0,0,0,0,0,0
3591,H13591,H,296.6,306.1,1678,46.5,61,0,0,0,0,0,0
3592,L13592,L,296.6,308.0,1373,44.4,154,0,0,0,0,0,0
3593,M13593,M,296.6,306.7,1575,42.8,28,0,0,0,0,0,0
3594,M13594,M,296.7,308.1,1574,45.9,193,0,0,0,0,0,0
3595,L13595,L,296.8,306.9,1447,34.5,184,0,0,0,0,0,0
3596,M13596,M,296.8,306.0,1530,37.3,188,0,0,0,0,0,0
3597,L13597,L,296.7,308.0,1626,43.7,28,0,0,0,0,0,0
3598,M13598,M,296.7,306.9,1467,37.2,103,0,0,0,0,0,0
3599,L13599,L,296.7,307.6,1631,37.5,56,0,0,0,0,0,0
3600,M13600,M,296.7,305.6,1612,51.2,200,0,0,0,0,0,0
3601,L13601,L,296.7,307.7,1429,40.6,54,0,0,0,0,0,0
3602,M13602,M,296.7,307.8,1389,50.6,115,0,0,0,0,0,0
3603,L13603,L,296.7,307.0,1517,29.1,171,0,0,0,0,0,0
3604,L13604,L,296.8,306.0,1376,36.2,127,0,0,0,0,0,0
3605,L13605,L,296.9,306.8,1210,42.5,155,0,0,0,0,0,0
3606,L13606,L,296.9,307.5,1451,40.6,164,0,0,0,0,0,0
3607,H13607,H,297.0,307.2,1717,27.7,150,0,0,0,0,0,0
3608,L13608,L,296.9,307.5,1455,38.6,76,0,0,0,0,0,0
3609,H13609,H,297.0,308.0,1538,54.8,68,0,0,0,0,0,0
3610,H13610,H,297.0,306.4,1570,41.5,223,0,0,0,0,0,0
3611,M13611,M,297.1,305.9,1496,43.6,219,0,0,0,0,0,0
3612,L13612,L,297.1,307.1,1467,36.1,57,0,0,0,0,0,0
3613,L13613,L,297.1,306.7,1623,41.5,206,0,0,0,0,0,0
3614,M13614,M,297.0,307.8,1504,39.9,215,0,0,0,0,0,0
3615,L13615,L,297.0,305.9,1491,46.7,159,0,0,0,0,0,0
3616,L13616,L,297.1,308.1,1580,46.5,84,0,0,0,0,0,0
3617,M13617,M,297.1,308.4,1397,42.4,68,0,0,0,0,0,0
3618,H13618,H,297.1,307.1,1374,40.4,100,0,0,0,0,0,0
3619,M13619,M,297.1,307.2,1338,29.9,35,0,0,0,0,0,0
3620,L13620,L,297.1,306.4,1557,29.7,250,0,0,0,0,0,0
3621,M13621,M,297.2,306.6,1484,40.5,219,0,0,0,0,0,0
3622,L13622,L,297.0,306.6,1583,45.2,159,0,0,0,0,0,0
3623,L13623,L,297.0,308.4,1505,48.0,186,0,0,0,0,0,0
3624,H13624,H,296.9,306.9,1363,34.7,127,0,0,0,0,0,0
3625,L13625,L,296.9,305.6,1464,30.9,187,0,0,0,0,0,0
3626,L13626,L,296.9,307.2,1590,45.6,86,0,0,0,0,0,0
3627,L13627,L,296.9,307.8,1474,35.1,207,0,0,0,0,0,0
3628,H13628,H,297.0,306.9,1619,30.5,241,0,0,0,0,0,0
3629,M13629,M,297.0,308.4,1455,37.0,73,0,0,0,0,0,0
3630,M13630,M,296.9,307.7,1572,36.9,92,0,0,0,0,0,0
3631,M13631,M,296.9,305.8,1322,47.9,243,0,0,0,0,0,0
3632,L13632,L,296.9,306.3,1477,45.2,154,0,0,0,0,0,0
3633,L13633,L,296.9,307.1,1461,35.6,98,0,0,0,0,0,0
3634,L13634,L,296.8,305.1,1360,48.4,233,1,0,1,0,1,0
3635,L13635,L,296.8,307.2,1611,40.8,236,0,0,0,0,0,0
3636,L13636,L,296.9,305.1,1436,46.4,23,0,0,0,0,0,0
3637,H13637,H,297.0,308.0,1426,48.0,86,0,0,0,0,0,0
3638,L13638,L,297.0,307.9,1630,38.4,66,0,0,0,0,0,0
3639,L13639,L,297.0,307.5,1516,43.4,163,0,0,0,0,0,0
3640,L13640,L,297.1,306.4,1578,37.6,236,0,0,0,0,0,0
3641,L13641,L,297.1,307.2,1330,45.6,141,0,0,0,0,0,0
3642,H13642,H,297.1,306.6,1420,40.5,67,0,0,0,0,0,0
3643,L13643,L,297.1,306.1,1709,45.8,171,0,0,0,0,0,0
3644,L13644,L,297.2,306.8,1585,49.1,175,0,0,0,0,0,0
3645,M13645,M,297.2,307.9,1393,43.3,105,0,0,0,0,0,0
3646,L13646,L,297.2,307.3,1523,39.4,118,0,0,0,0,0,0
3647,L13647,L,297.2,308.7,1400,39.5,31,0,0,0,0,0,0
3648,L13648,L,297.2,307.9,1639,22.3,247,0,0,0,0,0,0
3649,M13649,M,297.2,307.9,1273,35.7,211,0,0,0,0,0,0
3650,H13650,H,297.2,305.6,1528,45.6,119,0,0,0,0,0,0
3651,M13651,M,297.3,307.0,1526,45.8,144,0,0,0,0,0,0
3652,L13652,L,297.3,306.2,1389,35.6,220,0,0,0,0,0,0
3653,H13653,H,297.3,307.1,1473,41.0,184,0,0,0,0,0,0
3654,L13654,L,297.4,306.7,1538,38.9,166,0,0,0,0,0,0
3655,L13655,L,297.4,307.0,1322,44.1,159,0,0,0,0,0,0
3656,L13656,L,297.4,308.5,1372,53.3,195,0,0,0,0,0,0
3657,L13657,L,297.4,307.9,1484,44.3,215,1,1,0,0,0,0
3658,M13658,M,297.3,308.3,1417,36.0,235,0,0,0,0,0,0
3659,M13659,M,297.3,305.7,1454,39.5,233,0,0,0,0,0,0
3660,H13660,H,297.3,307.3,1498,48.4,129,0,0,0,0,0,0
3661,M13661,M,297.3,308.3,1409,31.5,77,0,0,0,0,0,0
3662,M13662,M,297.2,308.7,1497,36.3,231,0,0,0,0,0,0
3663,L13663,L,297.2,305.6,1530,44.3,169,0,0,0,0,0,0
3664,L13664,L,297.3,306.9,1578,47.8,37,0,0,0,0,0,0
3665,M13665,M,297.3,308.3,1375,43.7,54,0,0,0,0,0,0
3666,L13666,L,297.3,307.1,1437,36.4,182,0,0,0,0,0,0
3667,H13667,H,297.3,306.4,1559,43.2,33,0,0,0,0,0,0
3668,L13668,L,297.3,305.8,1352,42.5,45,1,0,1,0,0,0
3669,L13669,L,297.3,306.4,1511,42.1,170,0,0,0,0,0,0
3670,L13670,L,297.3,305.6,1503,39.4,129,0,0,0,0,0,0
3671,L13671,L,297.4,307.4,1241,40.3,163,0,0,0,0,0,0
3672,L13672,L,297.3,308.2,1451,34.6,69,0,0,0,0,0,0
3673,M13673,M,297.3,306.1,1533,54.9,35,0,0,0,0,0,0
3674,L13674,L,297.3,307.6,1479,40.9,149,0,0,0,0,0,0
3675,M13675,M,297.3,308.1,1453,43.3,68,0,0,0,0,0,0
3676,L13676,L,297.3,307.3,1516,38.7,165,0,0,0,0,0,0
3677,L13677,L,297.3,305.7,1599,45.1,104,0,0,0,0,0,0
3678,L13678,L,297.3,307.7,1554,32.2,53,0,0,0,0,0,0
3679,H13679,H,297.4,307.3,1424,29.5,149,0,0,0,0,0,0
3680,L13680,L,297.3,307.2,1354,39.8,111,0,0,0,0,0,0
3681,M13681,M,297.3,306.8,1552,52.3,202,0,0,0,0,0,0
3682,L13682,L,297.3,307.4,1382,47.2,106,0,0,0,0,0,0
3683,M13683,M,297.3,307.8,1447,35.1,247,0,0,0,0,0,0
3684,L13684,L,297.3,309.7,1520,43.1,158,0,0,0,0,0,0
3685,M13685,M,297.4,307.5,1615,36.2,52,0,0,0,0,0,0
3686,M13686,M,297.4,308.9,1629,42.6,116,0,0,0,0,0,0
3687,H13687,H,297.4,307.8,1506,43.0,105,0,0,0,0,0,0
3688,L13688,L,297.4,307.3,1449,45.6,92,0,0,0,0,0,0
3689,L13689,L,297.3,307.5,1380,30.6,58,0,0,0,0,0,0
3690,L13690,L,297.3,306.1,1696,32.4,96,0,0,0,0,0,0
3691,H13691,H,297.3,307.6,1471,39.5,85,0,0,0,0,0,0
3692,M13692,M,297.3,305.3,1568,33.8,176,0,0,0,0,0,0
3693,M13693,M,297.4,306.5,1520,33.3,26,0,0,0,0,0,0
3694,L13694,L,297.4,307.5,1450,41.6,71,0,0,0,0,0,0
3695,L13695,L,297.4,308.6,1446,34.5,121,0,0,0,0,0,0
3696,L13696,L,297.5,308.9,1362,53.5,239,1,0,0,0,1,0
3697,H13697,H,297.4,307.2,1612,36.8,184,0,0,0,0,0,0
3698,M13698,M,297.5,307.7,1488,38.4,133,0,0,0,0,0,0
3699,H13699,H,297.5,308.5,1643,41.8,173,0,0,0,0,0,0
3700,L13700,L,297.5,306.2,1455,31.0,24,0,0,0,0,0,0
3701,M13701,M,297.4,307.8,1470,43.1,97,0,0,0,0,0,0
3702,M13702,M,297.4,306.6,1387,42.0,136,0,0,0,0,0,0
3703,L13703,L,297.4,307.2,1469,37.9,63,0,0,0,0,0,0
3704,H13704,H,297.4,306.9,1376,41.6,227,0,0,0,0,0,0
3705,H13705,H,297.3,307.8,1540,42.6,158,0,0,0,0,0,0
3706,H13706,H,297.3,307.8,1511,48.6,146,0,0,0,0,0,0
3707,M13707,M,297.3,308.1,1647,55.0,112,1,0,0,1,0,0
3708,L13708,L,297.3,307.6,1354,33.6,64,0,0,0,0,0,0
3709,L13709,L,297.2,307.4,1622,32.2,215,0,0,0,0,0,0
3710,H13710,H,297.2,309.0,1402,40.6,97,0,0,0,0,0,0
3711,L13711,L,297.2,305.7,1534,27.5,144,0,0,0,0,0,0
3712,M13712,M,297.3,309.0,1385,43.9,33,0,0,0,0,0,0
3713,M13713,M,297.3,307.1,1520,40.7,226,0,0,0,0,0,0
3714,M13714,M,297.3,307.9,1249,42.2,163,0,0,0,0,0,0
3715,H13715,H,297.3,307.0,1433,38.2,140,0,0,0,0,0,0
3716,L13716,L,297.3,306.6,1511,41.5,58,0,0,0,0,0,0
3717,L13717,L,297.3,307.8,1676,42.8,88,0,0,0,0,0,0
3718,L13718,L,297.3,308.4,1287,41.2,246,0,0,0,0,0,0
3719,L13719,L,297.3,307.8,1500,31.9,75,0,0,0,0,0,0
3720,L13720,L,297.4,306.8,1448,41.0,148,0,0,0,0,0,0
3721,L13721,L,297.4,311.0,1308,51.1,100,0,0,0,0,0,0
3722,H13722,H,297.4,308.6,1388,41.4,109,0,0,0,0,0,0
3723,H13723,H,297.4,308.3,1453,40.8,229,0,0,0,0,0,0
3724,L13724,L,297.4,307.0,1547,49.4,192,0,0,0,0,0,0
3725,L13725,L,297.5,306.8,1509,35.5,239,0,0,0,0,0,0
3726,H13726,H,297.4,307.1,1369,45.3,5,0,0,0,0,0,0
3727,L13727,L,297.3,308.4,1317,36.8,236,0,0,0,0,0,0
3728,L13728,L,297.3,306.3,1542,46.5,108,0,0,0,0,0,0
3729,L13729,L,297.4,306.4,1480,44.8,10,0,0,0,0,0,0
3730,M13730,M,297.5,308.1,1661,37.5,79,0,0,0,0,0,0
3731,L13731,L,297.6,307.9,1465,38.4,149,0,0,0,0,0,0
3732,H13732,H,297.6,306.8,1614,45.9,237,0,0,0,0,0,0
3733,L13733,L,297.7,306.6,1554,28.9,138,0,0,0,0,0,0
3734,M13734,M,297.7,309.2,1582,37.3,164,0,0,0,0,0,0
3735,L13735,L,297.8,308.1,1543,43.7,25,0,0,0,0,0,0
3736,L13736,L,297.8,306.4,1545,38.2,184,0,0,0,0,0,0
3737,M13737,M,297.8,306.5,1271,40.8,153,0,0,0,0,0,0
3738,M13738,M,297.8,307.4,1476,27.8,105,0,0,0,0,0,0
3739,M13739,M,297.7,308.5,1434,34.9,148,0,0,0,0,0,0
3740,M13740,M,297.8,308.4,1627,44.1,184,0,0,0,0,0,0
3741,H13741,H,297.8,308.9,1400,35.5,153,0,0,0,0,0,0
3742,H13742,H,297.8,306.3,1472,32.2,14,0,0,0,0,0,0
3743,M13743,M,297.9,308.1,1580,46.4,102,0,0,0,0,0,0
3744,L13744,L,297.7,309.1,1530,43.1,190,0,0,0,0,0,0
3745,L13745,L,297.7,309.1,1517,33.5,162,0,0,0,0,0,0
3746,L13746,L,297.8,308.1,1611,40.8,138,0,0,0,0,0,0
3747,M13747,M,297.8,310.2,1526,33.7,200,0,0,0,0,0,0
3748,L13748,L,297.8,308.4,1446,39.1,105,0,0,0,0,0,0
3749,L13749,L,297.8,308.9,1370,41.1,214,0,0,0,0,0,0
3750,H13750,H,297.9,307.9,1549,35.1,67,0,0,0,0,0,0
3751,H13751,H,298.0,307.2,1423,44.5,221,0,0,0,0,0,0
3752,H13752,H,298.0,307.1,1476,45.4,219,0,0,0,0,0,0
3753,L13753,L,298.0,308.1,1608,41.6,88,0,0,0,0,0,0
3754,M13754,M,298.0,307.8,1478,42.5,213,0,0,0,0,0,0
3755,L13755,L,297.9,306.2,1456,31.3,216,0,0,0,0,0,0
3756,L13756,L,297.9,306.9,1472,48.2,243,1,0,0,0,1,0
3757,L13757,L,298.0,307.7,1475,39.5,217,0,0,0,0,0,0
3758,L13758,L,298.0,308.8,1401,34.4,177,0,0,0,0,0,0
3759,L13759,L,298.1,308.0,1668,40.9,28,0,0,0,0,0,0
3760,H13760,H,298.0,308.0,1445,44.5,237,0,0,0,0,0,0
3761,L13761,L,298.0,307.0,1578,43.1,63,0,0,0,0,0,0
3762,M13762,M,298.0,308.0,1398,33.5,168,0,0,0,0,0,0
3763,M13763,M,298.0,309.4,1555,44.5,95,0,0,0,0,0,0
3764,L13764,L,298.0,308.2,1517,39.6,153,0,0,0,0,0,0
3765,L13765,L,298.0,306.5,1503,43.0,27,0,0,0,0,0,0
3766,L13766,L,298.0,306.7,1517,35.2,83,0,0,0,0,0,0
3767,M13767,M,298.0,308.6,1542,46.3,175,0,0,0,0,0,0
3768,L13768,L,298.0,307.8,1477,41.1,250,0,0,0,0,0,0
3769,L13769,L,298.0,307.9,1482,47.1,193,0,0,0,0,0,0
3770,L13770,L,297.9,307.3,1558,30.8,22,0,0,0,0,0,0
3771,M13771,M,297.8,308.3,1386,31.6,38,0,0,0,0,0,0
3772,H13772,H,297.8,307.5,1370,38.6,68,0,0,0,0,0,0
3773,L13773,L,297.8,307.6,1518,48.8,20,0,0,0,0,0,0
3774,M13774,M,297.9,307.0,1299,51.8,119,0,0,0,0,0,0
3775,M13775,M,297.8,308.7,1332,34.7,85,0,0,0,0,0,0
3776,H13776,H,297.7,307.5,1681,40.3,176,0,0,0,0,0,0
3777,H13777,H,297.7,308.3,1655,40.9,202,0,0,0,0,0,0
3778,M13778,M,297.7,306.5,1443,44.3,93,0,0,0,0,0,0
3779,M13779,M,297.7,309.4,1600,45.3,91,0,0,0,0,0,0
3780,H13780,H,297.6,308.9,1603,33.3,163,0,0,0,0,0,0
3781,L13781,L,297.6,305.7,1547,40.4,80,0,0,0,0,0,0
3782,L13782,L,297.5,306.7,1492,27.9,84,0,0,0,0,0,0
3783,L13783,L,297.6,308.1,1563,44.9,164,0,0,0,0,0,0
3784,H13784,H,297.6,306.3,1580,38.0,227,0,0,0,0,0,0
3785,H13785,H,297.7,307.6,1564,32.8,126,0,0,0,0,0,0
3786,L13786,L,297.7,308.2,1345,42.0,216,0,0,0,0,0,0
3787,M13787,M,297.8,307.6,1703,37.8,87,0,0,0,0,0,0
3788,L13788,L,297.6,308.2,1740,47.6,93,0,0,0,0,0,0
3789,L13789,L,297.6,306.9,1309,34.6,127,0,0,0,0,0,0
3790,H13790,H,297.7,305.5,1551,53.3,41,0,0,0,0,0,0
3791,L13791,L,297.7,308.6,1705,45.1,189,0,0,0,0,0,0
3792,L13792,L,297.8,308.7,1600,47.7,98,0,0,0,0,0,0
3793,M13793,M,297.8,310.3,1601,33.8,212,0,0,0,0,0,0
3794,M13794,M,297.8,305.6,1356,50.7,133,1,0,1,0,0,0
3795,L13795,L,297.8,308.5,1579,32.7,212,0,0,0,0,0,0
3796,M13796,M,297.7,305.8,1524,38.7,135,0,0,0,0,0,0
3797,M13797,M,297.7,309.5,1578,47.8,68,0,0,0,0,0,0
3798,L13798,L,297.6,308.1,1396,43.0,39,0,0,0,0,0,0
3799,L13799,L,297.7,306.7,1393,32.6,137,0,0,0,0,0,0
3800,M13800,M,297.6,308.4,1486,46.8,30,0,0,0,0,0,0
3801,L13801,L,297.6,307.1,1462,42.0,249,0,0,0,0,0,0
3802,H13802,H,297.6,307.9,1484,37.5,29,0,0,0,0,0,0
3803,H13803,H,297.6,307.8,1452,30.7,178,0,0,0,0,0,0
3804,H13804,H,297.6,309.4,1480,42.6,84,0,0,0,0,0,0
3805,L13805,L,297.7,309.5,1433,39.0,163,0,0,0,0,0,0
3806,H13806,H,297.7,307.1,1495,40.9,60,0,0,0,0,0,0
3807,L13807,L,297.7,308.7,1358,30.5,26,0,0,0,0,0,0
3808,L13808,L,297.7,308.1,1551,37.5,229,0,0,0,0,0,0
3809,L13809,L,297.8,306.3,1526,42.9,34,0,0,0,0,0,0
3810,L13810,L,297.7,307.1,1374,51.3,59,0,0,0,0,0,0
3811,M13811,M,297.8,310.2,1633,38.8,31,0,0,0,0,0,0
3812,L13812,L,297.8,308.2,1417,48.7,89,0,0,0,0,0,0
3813,L13813,L,297.9,308.9,1619,44.7,131,0,0,0,0,0,0
3814,M13814,M,297.9,307.7,1533,41.4,90,0,0,0,0,0,0
3815,L13815,L,297.9,307.4,1600,33.9,99,0,0,0,0,0,0
3816,M13816,M,297.9,307.9,1518,34.2,228,0,0,0,0,0,0
3817,L13817,L,297.9,307.6,1557,43.7,26,0,0,0,0,0,0
3818,H13818,H,297.8,306.4,1599,36.8,46,0,0,0,0,0,0
3819,H13819,H,297.8,306.8,1691,36.3,239,0,0,0,0,0,0
3820,L13820,L,297.9,308.6,1607,38.9,133,0,0,0,0,0,0
3821,L13821,L,297.9,307.5,1545,39.0,209,0,0,0,0,0,0
3822,L13822,L,297.8,307.9,1365,45.4,25,0,0,0,0,0,0
3823,H13823,H,297.8,308.0,1258,37.0,235,0,0,0,0,0,0
3824,L13824,L,297.8,308.1,1487,44.8,23,0,0,0,0,0,0
3825,L13825,L,297.8,309.0,1429,42.6,243,0,0,0,0,0,0
3826,L13826,L,297.8,306.7,1432,30.0,198,0,0,0,0,0,0
3827,L13827,L,297.8,308.4,1492,41.8,118,0,0,0,0,0,0
3828,L13828,L,297.9,308.6,1566,24.0,43,0,0,0,0,0,0
3829,H13829,H,297.9,308.8,1438,34.6,141,0,0,0,0,0,0
3830,L13830,L,297.9,306.5,1590,42.8,140,0,0,0,0,0,0
3831,L13831,L,297.8,308.1,1503,39.9,153,0,0,0,0,0,0
3832,H13832,H,297.9,309.7,1504,29.4,42,0,0,0,0,0,0
3833,H13833,H,298.0,307.9,1687,33.3,42,0,0,0,0,0,0
3834,L13834,L,298.0,308.5,1518,24.3,65,0,0,0,0,0,0
3835,L13835,L,297.9,308.7,1495,31.9,109,0,0,0,0,0,0
3836,L13836,L,297.9,306.9,1552,43.5,110,0,0,0,0,0,0
3837,H13837,H,297.9,309.8,1680,36.7,214,0,0,0,0,0,0
3838,L13838,L,298.0,308.5,1495,41.0,155,0,0,0,0,0,0
3839,H13839,H,298.0,308.5,1544,40.1,0,0,0,0,0,0,0
3840,M13840,M,298.0,306.3,1489,40.2,223,0,0,0,0,0,0
3841,M13841,M,298.0,308.8,1490,46.1,139,0,0,0,0,0,0
3842,L13842,L,298.0,308.5,1451,38.8,109,0,0,0,0,0,0
3843,L13843,L,298.0,309.6,1444,45.5,177,0,0,0,0,0,0
3844,L13844,L,297.9,307.6,1670,25.1,180,0,0,0,0,0,0
3845,L13845,L,298.0,307.0,1445,46.7,247,1,0,0,0,1,0
3846,M13846,M,298.0,307.3,1346,32.3,59,0,0,0,0,0,0
3847,H13847,H,298.0,307.5,1513,33.6,182,0,0,0,0,0,0
3848,M13848,M,297.9,306.8,1602,35.8,162,0,0,0,0,0,0
3849,M13849,M,297.9,309.2,1624,46.5,188,0,0,0,0,0,0
3850,L13850,L,297.8,309.2,1381,34.7,25,0,0,0,0,0,0
3851,L13851,L,297.9,307.7,1611,36.1,158,0,0,0,0,0,0
3852,L13852,L,297.9,307.5,1706,34.2,56,0,0,0,0,0,0
3853,M13853,M,297.9,306.1,1432,41.5,139,0,0,0,0,0,0
3854,H13854,H,297.9,308.6,1483,44.5,220,0,0,0,0,0,0
3855,M13855,M,297.8,309.5,1377,50.2,132,0,0,0,0,0,0
3856,L13856,L,297.9,307.3,1685,54.4,226,1,0,0,1,1,0
3857,L13857,L,297.9,307.8,1351,43.9,134,0,0,0,0,0,0
3858,M13858,M,298.0,308.4,1460,42.2,143,0,0,0,0,0,0
3859,L13859,L,298.0,309.7,1578,32.7,223,0,0,0,0,0,0
3860,H13860,H,298.0,308.2,1432,51.5,51,0,0,0,0,0,0
3861,H13861,H,298.0,308.2,1401,41.3,80,0,0,0,0,0,0
3862,M13862,M,298.1,308.2,1495,38.3,148,0,0,0,0,0,0
3863,L13863,L,298.0,306.6,1739,42.3,26,0,0,0,0,0,0
3864,L13864,L,298.0,306.5,1474,36.2,231,0,0,0,0,0,0
3865,L13865,L,298.0,307.2,1479,26.0,110,0,0,0,0,0,0
3866,L13866,L,298.0,309.0,1388,43.4,115,0,0,0,0,0,0
3867,L13867,L,298.0,307.7,1539,48.1,78,0,0,0,0,0,0
3868,M13868,M,298.0,307.4,1588,43.3,22,0,0,0,0,0,0
3869,M13869,M,298.0,307.4,1439,40.0,126,0,0,0,0,0,0
3870,L13870,L,297.9,307.8,1554,40.1,199,0,0,0,0,0,0
3871,L13871,L,297.8,309.5,1440,41.0,24,0,0,0,0,0,0
3872,L13872,L,297.8,307.7,1311,40.8,138,0,0,0,0,0,0
3873,L13873,L,297.9,307.1,1546,39.6,62,0,0,0,0,0,0
3874,H13874,H,297.9,307.9,1707,40.2,184,0,0,0,0,0,0
3875,L13875,L,298.0,309.7,1380,49.3,84,0,0,0,0,0,0
3876,L13876,L,297.9,307.4,1518,42.8,181,0,0,0,0,0,0
3877,L13877,L,297.9,306.7,1631,40.6,118,0,0,0,0,0,0
3878,H13878,H,297.9,307.4,1490,44.0,9,0,0,0,0,0,0
3879,M13879,M,297.8,308.0,1357,44.0,177,0,0,0,0,0,0
3880,L13880,L,297.8,308.5,1504,45.7,200,0,0,0,0,0,0
3881,M13881,M,297.8,308.8,1649,35.5,111,0,0,0,0,0,0
3882,M13882,M,297.8,306.7,1449,37.1,128,0,0,0,0,0,0
3883,H13883,H,297.7,306.7,1523,35.1,213,0,0,0,0,0,0
3884,L13884,L,297.7,307.3,1395,44.6,69,0,0,0,0,0,0
3885,H13885,H,297.6,308.3,1490,44.3,157,0,0,0,0,0,0
3886,H13886,H,297.6,306.4,1539,32.4,54,0,0,0,0,0,0
3887,H13887,H,297.6,307.0,1513,42.3,97,0,0,0,0,0,0
3888,M13888,M,297.6,307.0,1457,48.2,204,0,0,0,0,0,0
3889,M13889,M,297.7,308.7,1544,38.6,85,0,0,0,0,0,0
3890,L13890,L,297.7,308.3,1567,41.9,133,0,0,0,0,0,0
3891,M13891,M,297.7,308.6,1574,44.4,104,0,0,0,0,0,0
3892,M13892,M,297.7,309.1,1471,32.1,237,0,0,0,0,0,0
3893,M13893,M,297.8,307.5,1438,40.9,23,0,0,0,0,0,0
3894,L13894,L,297.8,306.6,1696,47.6,84,0,0,0,0,0,0
3895,M13895,M,297.9,306.7,1514,36.4,102,0,0,0,0,0,0
3896,H13896,H,297.9,306.0,1474,45.0,214,0,0,0,0,0,0
3897,L13897,L,297.8,307.3,1352,40.2,132,0,0,0,0,0,0
3898,H13898,H,297.7,307.3,1407,36.0,134,0,0,0,0,0,0
3899,M13899,M,297.8,308.6,1436,39.4,130,0,0,0,0,0,0
3900,H13900,H,297.7,307.8,1544,36.8,246,0,0,0,0,0,0
3901,L13901,L,297.7,307.3,1464,34.7,140,0,0,0,0,0,0
3902,L13902,L,297.7,307.6,1502,38.5,181,0,0,0,0,0,0
3903,H13903,H,297.7,306.7,1357,40.4,190,0,0,0,0,0,0
3904,L13904,L,297.7,308.7,1640,39.0,75,0,0,0,0,0,0
3905,H13905,H,297.7,306.9,1426,38.4,133,0,0,0,0,0,0
3906,L13906,L,297.7,306.5,1524,41.4,97,0,0,0,0,0,0
3907,M13907,M,297.6,308.4,1447,43.2,206,0,0,0,0,0,0
3908,L13908,L,297.6,308.2,1468,33.1,46,0,0,0,0,0,0
3909,M13909,M,297.7,305.9,1421,38.5,209,0,0,0,0,0,0
3910,L13910,L,297.7,308.6,1530,28.2,54,0,0,0,0,0,0
3911,L13911,L,297.7,306.9,1402,39.0,48,0,0,0,0,0,0
3912,L13912,L,297.6,307.2,1531,40.9,184,0,0,0,0,0,0
3913,L13913,L,297.6,307.8,1488,43.4,2,0,0,0,0,0,0
3914,H13914,H,297.7,308.3,1563,40.9,21,0,0,0,0,0,0
3915,H13915,H,297.7,308.1,1573,43.3,34,0,0,0,0,0,0
3916,L13916,L,297.7,307.7,1468,40.4,27,0,0,0,0,0,0
3917,M13917,M,297.8,307.4,1537,35.9,232,0,0,0,0,0,0
3918,L13918,L,297.8,308.2,1455,33.3,169,0,0,0,0,0,0
3919,M13919,M,297.8,307.7,1632,38.4,139,0,0,0,0,0,0
3920,H13920,H,297.8,309.6,1464,35.4,246,0,0,0,0,0,0
3921,H13921,H,297.8,308.4,1480,39.3,128,0,0,0,0,0,0
3922,L13922,L,297.7,306.8,1453,37.0,99,0,0,0,0,0,0
3923,M13923,M,297.8,307.3,1427,42.5,221,0,0,0,0,0,0
3924,L13924,L,297.8,307.9,1703,40.3,116,0,0,0,0,0,0
3925,H13925,H,297.8,309.1,1549,42.7,246,0,0,0,0,0,0
3926,L13926,L,297.8,309.2,1507,42.7,22,0,0,0,0,0,0
3927,M13927,M,297.9,307.5,1452,38.9,100,0,0,0,0,0,0
3928,M13928,M,297.9,307.0,1611,39.3,27,0,0,0,0,0,0
3929,M13929,M,297.9,306.8,1445,43.0,112,0,0,0,0,0,0
3930,L13930,L,297.9,308.1,1512,54.7,116,0,0,0,0,0,0
3931,H13931,H,297.8,310.1,1720,34.1,196,0,0,0,0,0,0
3932,L13932,L,297.8,308.4,1404,40.3,163,0,0,0,0,0,0
3933,M13933,M,297.8,306.2,1554,32.8,124,0,0,0,0,0,0
3934,L13934,L,297.8,307.0,1529,39.9,53,0,0,0,0,0,0
3935,L13935,L,297.7,307.1,1553,36.0,174,0,0,0,0,0,0
3936,M13936,M,297.7,306.9,1472,39.3,55,0,0,0,0,0,0
3937,L13937,L,297.7,307.3,1441,40.9,9,0,0,0,0,0,0
3938,L13938,L,297.7,308.1,1523,37.1,132,0,0,0,0,0,0
3939,L13939,L,297.8,308.5,1454,29.3,141,0,0,0,0,0,0
3940,L13940,L,297.8,308.9,1267,48.6,151,0,0,0,0,0,0
3941,M13941,M,297.8,308.4,1418,45.0,190,0,0,0,0,0,0
3942,H13942,H,297.8,305.8,1468,39.2,27,0,0,0,0,0,0
3943,L13943,L,297.8,306.8,1392,34.6,20,0,0,0,0,0,0
3944,L13944,L,297.8,307.6,1515,40.5,236,0,0,0,0,0,0
3945,L13945,L,297.8,307.9,1424,42.2,242,0,0,0,0,0,0
3946,L13946,L,297.8,308.7,1496,44.6,231,0,0,0,0,0,0
3947,M13947,M,297.8,307.9,1717,45.2,75,0,0,0,0,0,0
3948,M13948,M,297.8,307.8,1623,46.3,19,0,0,0,0,0,0
3949,L13949,L,297.7,307.9,1559,29.6,189,0,0,0,0,0,0
3950,L13950,L,297.7,307.4,1681,38.2,114,0,0,0,0,0,0
3951,L13951,L,297.7,307.8,1493,46.0,95,0,0,0,0,0,0
3952,H13952,H,297.7,308.8,1494,34.5,50,0,0,0,0,0,0
3953,H13953,H,297.7,307.7,1394,47.3,101,0,0,0,0,0,0
3954,L13954,L,297.8,307.7,1628,50.9,39,0,0,0,0,0,0
3955,L13955,L,297.7,307.7,1696,47.1,233,0,0,0,0,0,0
3956,H13956,H,297.6,308.9,1591,44.0,84,0,0,0,0,0,0
3957,H13957,H,297.6,306.5,1642,37.3,80,0,0,0,0,0,0
3958,L13958,L,297.7,309.4,1226,41.7,192,0,0,0,0,0,0
3959,L13959,L,297.6,306.5,1734,31.9,114,0,0,0,0,0,0
3960,L13960,L,297.6,307.0,1490,35.3,107,0,0,0,0,0,0
3961,M13961,M,297.7,308.4,1736,35.7,155,0,0,0,0,0,0
3962,L13962,L,297.6,308.7,1673,40.4,181,0,0,0,0,0,0
3963,L13963,L,297.7,306.2,1577,37.6,1,0,0,0,0,0,0
3964,M13964,M,297.7,306.6,1466,41.6,208,0,0,0,0,0,0
3965,L13965,L,297.7,308.0,1516,45.3,230,0,0,0,0,0,0
3966,M13966,M,297.7,310.0,1309,35.7,13,0,0,0,0,0,0
3967,L13967,L,297.7,308.9,1593,40.9,13,0,0,0,0,0,0
3968,L13968,L,297.6,307.3,1244,37.5,43,0,0,0,0,0,0
3969,M13969,M,297.6,305.2,1470,41.1,239,0,0,0,0,0,0
3970,L13970,L,297.6,307.7,1654,44.1,209,0,0,0,0,0,0
3971,H13971,H,297.7,308.0,1572,45.5,39,0,0,0,0,0,0
3972,M13972,M,297.7,307.3,1347,44.0,33,0,0,0,0,0,0
3973,L13973,L,297.7,306.8,1366,42.5,234,1,1,0,0,0,0
3974,M13974,M,297.6,307.8,1440,31.5,64,0,0,0,0,0,0
3975,L13975,L,297.6,306.7,1508,33.5,233,0,0,0,0,0,0
3976,H13976,H,297.6,309.4,1588,35.1,17,0,0,0,0,0,0
3977,L13977,L,297.5,309.1,1560,42.2,111,0,0,0,0,0,0
3978,M13978,M,297.5,308.2,1394,32.3,33,0,0,0,0,0,0
3979,L13979,L,297.5,307.6,1562,42.0,86,0,0,0,0,0,0
3980,L13980,L,297.5,306.9,1573,41.6,176,0,0,0,0,0,0
3981,H13981,H,297.5,307.5,1549,28.4,79,0,0,0,0,0,0
3982,H13982,H,297.5,309.1,1748,33.5,210,0,0,0,0,0,0
3983,L13983,L,297.5,308.4,1573,46.3,228,0,0,0,0,0,0
3984,L13984,L,297.5,307.7,1597,44.2,123,0,0,0,0,0,0
3985,H13985,H,297.5,308.4,1688,34.9,182,0,0,0,0,0,0
3986,H13986,H,297.5,308.1,1585,33.8,61,0,0,0,0,0,0
3987,L13987,L,297.5,307.9,1445,25.3,127,0,0,0,0,0,0
3988,L13988,L,297.5,308.5,1624,48.8,69,0,0,0,0,0,0
3989,L13989,L,297.5,308.0,1460,40.2,151,0,0,0,0,0,0
3990,H13990,H,297.5,308.3,1402,51.3,208,0,0,0,0,0,0
3991,L13991,L,297.4,307.6,1410,38.8,47,0,0,0,0,0,0
3992,L13992,L,297.5,307.3,1623,41.7,79,0,0,0,0,0,0
3993,M13993,M,297.5,306.9,1562,45.3,38,0,0,0,0,0,0
3994,L13994,L,297.5,306.8,1606,49.8,175,0,0,0,0,0,0
3995,L13995,L,297.5,305.9,1563,43.0,232,0,0,0,0,0,0
3996,L13996,L,297.5,306.5,1519,40.0,246,0,0,0,0,0,0
3997,L13997,L,297.4,306.5,1532,40.2,69,0,0,0,0,0,0
3998,L13998,L,297.5,306.9,1559,33.7,79,0,0,0,0,0,0
3999,M13999,M,297.4,308.9,1440,37.7,8,0,0,0,0,0,0
4000,L14000,L,297.4,307.3,1371,40.3,28,0,0,0,0,0,0
4001,M14001,M,297.4,307.7,1451,48.3,195,0,0,0,0,0,0
4002,H14002,H,297.4,307.7,1554,37.4,187,0,0,0,0,0,0
4003,M14003,M,297.3,308.9,1435,46.4,153,0,0,0,0,0,0
4004,L14004,L,297.2,306.7,1713,39.5,117,0,0,0,0,0,0
4005,L14005,L,297.2,307.0,1544,47.5,165,0,0,0,0,0,0
4006,L14006,L,297.3,307.2,1512,44.1,61,0,0,0,0,0,0
4007,L14007,L,297.4,308.5,1439,43.7,153,0,0,0,0,0,0
4008,L14008,L,297.3,308.6,1592,45.9,141,0,0,0,0,0,0
4009,M14009,M,297.2,307.7,1379,45.0,226,0,0,0,0,0,0
4010,L14010,L,297.2,308.5,1532,46.4,246,1,0,0,0,1,0
4011,L14011,L,297.3,307.4,1456,52.8,176,0,0,0,0,0,0
4012,L14012,L,297.2,307.0,1512,49.7,42,0,0,0,0,0,0
4013,M14013,M,297.2,308.4,1549,42.8,87,0,0,0,0,0,0
4014,L14014,L,297.2,307.6,1385,37.3,7,0,0,0,0,0,0
4015,M14015,M,297.1,306.4,1333,42.2,167,0,0,0,0,0,0
4016,L14016,L,297.1,308.1,1407,28.4,24,0,0,0,0,0,0
4017,H14017,H,297.1,306.9,1588,45.0,190,0,0,0,0,0,0
4018,H14018,H,297.2,306.9,1537,33.6,131,0,0,0,0,0,0
4019,L14019,L,297.2,308.1,1460,46.7,14,0,0,0,0,0,0
4020,L14020,L,297.2,307.1,1697,51.9,15,1,0,0,1,0,0
4021,L14021,L,297.2,307.6,1629,31.3,53,0,0,0,0,0,0
4022,L14022,L,297.2,307.9,1604,39.7,126,0,0,0,0,0,0
4023,M14023,M,297.3,306.5,1428,33.6,10,0,0,0,0,0,0
4024,H14024,H,297.2,307.6,1603,29.6,27,0,0,0,0,0,0
4025,M14025,M,297.2,308.5,1534,39.4,6,0,0,0,0,0,0
4026,H14026,H,297.2,306.2,1428,43.8,113,0,0,0,0,0,0
4027,L14027,L,297.3,307.8,1490,44.5,127,0,0,0,0,0,0
4028,L14028,L,297.3,306.5,1396,40.9,37,0,0,0,0,0,0
4029,M14029,M,297.3,308.3,1429,30.0,151,0,0,0,0,0,0
4030,L14030,L,297.3,308.3,1386,40.7,222,0,0,0,0,0,0
4031,M14031,M,297.2,306.9,1596,31.0,67,0,0,0,0,0,0
4032,L14032,L,297.3,309.6,1493,31.4,36,0,0,0,0,0,0
4033,L14033,L,297.3,308.4,1406,34.0,119,0,0,0,0,0,0
4034,H14034,H,297.4,308.1,1552,46.3,34,0,0,0,0,0,0
4035,L14035,L,297.4,308.0,1500,43.3,133,0,0,0,0,0,0
4036,H14036,H,297.4,308.3,1605,41.9,109,0,0,0,0,0,0
4037,H14037,H,297.4,306.4,1513,34.8,160,0,0,0,0,0,0
4038,M14038,M,297.4,307.6,1356,37.7,115,0,0,0,0,0,0
4039,M14039,M,297.3,307.7,1450,31.8,223,0,0,0,0,0,0
4040,M14040,M,297.4,307.0,1384,48.2,109,0,0,0,0,0,0
4041,H14041,H,297.5,307.9,1556,53.2,101,0,0,0,0,0,0
4042,L14042,L,297.5,308.7,1608,43.3,98,0,0,0,0,0,0
4043,L14043,L,297.5,307.1,1346,44.4,208,0,0,0,0,0,0
4044,M14044,M,297.6,307.5,1488,39.0,181,0,0,0,0,0,0
4045,L14045,L,297.7,306.8,1615,30.3,223,0,0,0,0,0,0
4046,L14046,L,297.7,305.9,1344,34.9,141,1,0,1,0,0,0
4047,L14047,L,297.7,308.5,1456,37.2,146,0,0,0,0,0,0
4048,M14048,M,297.6,307.6,1500,37.7,215,0,0,0,0,0,0
4049,H14049,H,297.6,307.6,1607,36.3,230,0,0,0,0,0,0
4050,L14050,L,297.5,306.5,1554,40.3,138,0,0,0,0,0,0
4051,H14051,H,297.6,307.4,1575,34.9,70,0,0,0,0,0,0
4052,M14052,M,297.5,308.6,1560,53.0,172,0,0,0,0,0,0
4053,H14053,H,297.4,307.5,1463,31.8,187,0,0,0,0,0,0
4054,M14054,M,297.3,307.3,1664,45.3,87,0,0,0,0,0,0
4055,M14055,M,297.3,307.5,1433,38.4,246,0,0,0,0,0,0
4056,L14056,L,297.2,306.0,1222,42.8,244,0,0,0,0,0,0
4057,H14057,H,297.3,307.9,1320,43.0,185,0,0,0,0,0,0
4058,L14058,L,297.3,306.1,1488,40.9,87,0,0,0,0,0,0
4059,H14059,H,297.3,306.3,1467,33.2,77,0,0,0,0,0,0
4060,H14060,H,297.3,306.3,1446,38.0,151,0,0,0,0,0,0
4061,L14061,L,297.3,307.2,1515,41.0,10,0,0,0,0,0,0
4062,L14062,L,297.3,307.0,1620,40.6,199,0,0,0,0,0,0
4063,M14063,M,297.3,307.3,1545,33.9,126,0,0,0,0,0,0
4064,L14064,L,297.2,306.3,1565,47.7,171,0,0,0,0,0,0
4065,H14065,H,297.2,308.2,1392,25.0,78,0,0,0,0,0,0
4066,L14066,L,297.2,308.0,1448,38.5,233,0,0,0,0,0,0
4067,L14067,L,297.2,307.0,1570,34.5,245,0,0,0,0,0,0
4068,H14068,H,297.3,306.8,1511,41.1,193,0,0,0,0,0,0
4069,M14069,M,297.3,306.7,1548,46.1,215,0,0,0,0,0,0
4070,H14070,H,297.2,306.9,1561,31.6,172,0,0,0,0,0,0
4071,L14071,L,297.2,305.8,1517,54.1,73,0,0,0,0,0,0
4072,M14072,M,297.1,306.1,1658,41.2,159,0,0,0,0,0,0
4073,M14073,M,297.1,307.9,1447,42.3,16,0,0,0,0,0,0
4074,M14074,M,297.0,307.3,1418,31.4,248,0,0,0,0,0,0
4075,M14075,M,297.0,308.6,1324,39.7,248,0,0,0,0,0,0
4076,M14076,M,296.9,306.6,1575,45.8,181,0,0,0,0,0,0
4077,L14077,L,296.9,306.6,1443,41.3,137,0,0,0,0,0,0
4078,L14078,L,296.9,306.5,1627,40.8,213,0,0,0,0,0,0
4079,M14079,M,296.9,306.6,1525,39.7,5,0,0,0,0,0,0
4080,L14080,L,297.0,306.3,1466,31.7,218,0,0,0,0,0,0
4081,M14081,M,296.9,307.2,1395,31.7,147,0,0,0,0,0,0
4082,L14082,L,296.9,306.9,1585,47.0,0,0,0,0,0,0,0
4083,M14083,M,296.8,306.3,1495,45.3,63,0,0,0,0,0,0
4084,M14084,M,296.8,308.0,1527,46.2,208,0,0,0,0,0,0
4085,L14085,L,296.8,308.7,1560,35.1,0,0,0,0,0,0,0
4086,L14086,L,296.8,308.0,1527,39.1,100,0,0,0,0,0,0
4087,L14087,L,296.8,307.4,1415,47.4,188,0,0,0,0,0,0
4088,M14088,M,296.9,307.6,1552,32.6,206,0,0,0,0,0,0
4089,H14089,H,297.0,308.9,1582,46.8,246,0,0,0,0,0,0
4090,L14090,L,297.1,307.9,1536,36.5,0,0,0,0,0,0,0
4091,M14091,M,297.1,306.5,1563,34.9,208,0,0,0,0,0,0
4092,L14092,L,297.0,307.4,1573,39.8,173,0,0,0,0,0,0
4093,L14093,L,297.0,307.6,1460,33.3,108,0,0,0,0,0,0
4094,H14094,H,296.9,305.9,1457,28.6,59,0,0,0,0,0,0
4095,L14095,L,297.0,306.7,1723,40.5,42,0,0,0,0,0,0
4096,L14096,L,296.9,308.0,1633,43.2,171,0,0,0,0,0,0
4097,L14097,L,296.9,305.1,1495,47.3,37,0,0,0,0,0,0
4098,L14098,L,296.9,305.7,1568,43.6,106,0,0,0,0,0,0
4099,L14099,L,296.9,306.7,1406,51.8,1,0,0,0,0,0,0
4100,L14100,L,296.9,307.2,1440,48.2,81,0,0,0,0,0,0
4101,M14101,M,296.9,305.6,1375,44.4,139,0,0,0,0,0,0
4102,L14102,L,296.8,306.7,1529,42.8,220,0,0,0,0,0,0
4103,M14103,M,296.8,308.0,1530,47.4,150,0,0,0,0,0,0
4104,L14104,L,296.8,306.9,1608,26.7,110,0,0,0,0,0,0
4105,L14105,L,296.8,307.8,1479,37.1,8,0,0,0,0,0,0
4106,M14106,M,296.8,306.2,1607,28.8,135,0,0,0,0,0,0
4107,H14107,H,296.9,306.1,1565,44.0,177,0,0,0,0,0,0
4108,L14108,L,296.9,307.7,1746,35.5,79,0,0,0,0,0,0
4109,H14109,H,296.8,307.2,1667,58.1,61,1,0,0,1,0,0
4110,M14110,M,296.8,305.6,1649,36.9,22,0,0,0,0,0,0
4111,M14111,M,296.8,306.0,1584,40.6,244,0,0,0,0,0,0
4112,M14112,M,296.8,308.4,1411,37.6,92,0,0,0,0,0,0
4113,L14113,L,296.8,305.9,1529,37.1,58,0,0,0,0,0,0
4114,L14114,L,296.8,307.8,1725,32.5,9,0,0,0,0,0,0
4115,M14115,M,296.8,306.4,1551,32.3,139,0,0,0,0,0,0
4116,L14116,L,296.8,306.8,1418,26.9,189,0,0,0,0,0,0
4117,H14117,H,296.9,307.1,1534,43.3,124,0,0,0,0,0,0
4118,L14118,L,296.8,304.7,1401,37.5,115,0,0,0,0,0,0
4119,L14119,L,296.8,305.4,1414,51.6,203,0,0,0,0,0,0
4120,M14120,M,296.9,306.9,1541,32.5,157,0,0,0,0,0,0
4121,L14121,L,296.8,306.1,1574,48.9,73,0,0,0,0,0,0
4122,M14122,M,296.9,307.8,1420,49.4,205,0,0,0,0,0,0
4123,M14123,M,296.9,305.3,1444,47.7,195,0,0,0,0,0,0
4124,H14124,H,296.9,307.5,1357,41.4,174,0,0,0,0,0,0
4125,M14125,M,297.0,305.6,1487,38.0,211,0,0,0,0,0,0
4126,M14126,M,297.0,306.7,1305,47.7,40,0,0,0,0,0,0
4127,M14127,M,297.0,305.9,1470,35.3,102,0,0,0,0,0,0
4128,H14128,H,297.1,309.0,1508,41.6,6,0,0,0,0,0,0
4129,L14129,L,297.0,305.7,1324,39.7,93,0,0,0,0,0,0
4130,L14130,L,297.0,306.9,1399,34.7,115,0,0,0,0,0,0
4131,L14131,L,297.1,305.3,1494,41.7,104,0,0,0,0,0,0
4132,L14132,L,297.0,308.6,1480,44.5,215,0,0,0,0,0,0
4133,M14133,M,297.0,307.4,1485,34.4,201,0,0,0,0,0,0
4134,M14134,M,297.0,307.1,1529,42.8,51,0,0,0,0,0,0
4135,M14135,M,297.1,308.5,1333,26.6,44,0,0,0,0,0,0
4136,L14136,L,297.0,307.2,1571,33.7,37,0,0,0,0,0,0
4137,M14137,M,297.0,307.2,1468,37.3,163,0,0,0,0,0,0
4138,L14138,L,296.9,307.0,1440,42.1,80,0,0,0,0,0,0
4139,M14139,M,297.0,307.6,1314,45.2,84,0,0,0,0,0,0
4140,M14140,M,296.9,306.4,1473,40.5,57,0,0,0,0,0,0
4141,L14141,L,297.0,306.7,1551,43.4,45,0,0,0,0,0,0
4142,L14142,L,296.9,307.8,1514,39.0,122,0,0,0,0,0,0
4143,L14143,L,296.9,307.2,1517,42.4,194,0,0,0,0,0,0
4144,H14144,H,297.0,306.9,1466,42.1,192,0,0,0,0,0,0
4145,H14145,H,297.1,305.7,1494,36.9,145,0,0,0,0,0,0
4146,M14146,M,297.1,308.6,1389,37.9,129,0,0,0,0,0,0
4147,L14147,L,297.1,306.4,1500,43.6,103,0,0,0,0,0,0
4148,L14148,L,297.1,308.1,1451,50.9,111,0,0,0,0,0,0
4149,M14149,M,297.2,307.4,1388,47.2,131,0,0,0,0,0,0
4150,M14150,M,297.2,305.9,1575,33.2,95,0,0,0,0,0,0
4151,L14151,L,297.2,308.5,1342,33.2,82,0,0,0,0,0,0
4152,L14152,L,297.3,307.5,1552,36.8,211,0,0,0,0,0,0
4153,M14153,M,297.3,308.6,1559,40.6,169,0,0,0,0,0,0
4154,L14154,L,297.3,307.1,1447,40.3,48,0,0,0,0,0,0
4155,L14155,L,297.3,308.0,1603,47.4,176,0,0,0,0,0,0
4156,L14156,L,297.3,305.5,1445,47.8,116,0,0,0,0,0,0
4157,M14157,M,297.2,306.7,1439,40.0,134,0,0,0,0,0,0
4158,H14158,H,297.3,306.0,1380,38.6,8,0,0,0,0,0,0
4159,H14159,H,297.3,306.9,1499,43.1,198,0,0,0,0,0,0
4160,M14160,M,297.3,307.8,1404,46.4,26,0,0,0,0,0,0
4161,M14161,M,297.3,306.7,1421,43.3,148,0,0,0,0,0,0
4162,L14162,L,297.2,308.1,1493,37.4,34,0,0,0,0,0,0
4163,M14163,M,297.2,306.3,1498,36.3,87,0,0,0,0,0,0
4164,L14164,L,297.2,308.1,1626,33.3,223,0,0,0,0,0,0
4165,M14165,M,297.2,308.5,1593,41.2,203,0,0,0,0,0,0
4166,L14166,L,297.2,308.2,1555,43.7,214,0,0,0,0,0,0
4167,L14167,L,297.3,306.9,1485,44.4,163,0,0,0,0,0,0
4168,L14168,L,297.2,305.1,1460,46.9,240,1,0,0,0,1,0
4169,L14169,L,297.3,307.8,1497,48.9,92,0,0,0,0,0,0
4170,L14170,L,297.3,307.2,1444,31.8,66,0,0,0,0,0,0
4171,L14171,L,297.4,306.4,1430,42.4,42,0,0,0,0,0,0
4172,H14172,H,297.4,306.8,1492,42.6,7,0,0,0,0,0,0
4173,L14173,L,297.4,308.9,1412,39.6,225,0,0,0,0,0,0
4174,M14174,M,297.3,306.2,1418,35.0,120,0,0,0,0,0,0
4175,H14175,H,297.3,307.8,1595,48.7,77,0,0,0,0,0,0
4176,H14176,H,297.3,307.5,1362,36.5,35,0,0,0,0,0,0
4177,M14177,M,297.3,307.0,1396,26.8,126,0,0,0,0,0,0
4178,H14178,H,297.3,308.0,1627,40.1,47,0,0,0,0,0,0
4179,L14179,L,297.4,309.1,1461,38.6,173,0,0,0,0,0,0
4180,L14180,L,297.5,307.2,1638,51.1,159,0,0,0,0,0,0
4181,L14181,L,297.5,307.3,1383,42.9,134,0,0,0,0,0,0
4182,M14182,M,297.5,308.1,1507,38.2,73,0,0,0,0,0,0
4183,M14183,M,297.5,308.4,1577,38.8,139,0,0,0,0,0,0
4184,L14184,L,297.5,307.4,1409,38.7,54,0,0,0,0,0,0
4185,L14185,L,297.4,307.1,1667,53.3,231,1,0,0,1,1,0
4186,M14186,M,297.5,305.3,1461,44.1,22,0,0,0,0,0,0
4187,L14187,L,297.6,306.8,1551,31.6,202,0,0,0,0,0,0
4188,M14188,M,297.6,306.4,1432,38.5,179,0,0,0,0,0,0
4189,M14189,M,297.6,308.3,1649,39.9,12,0,0,0,0,0,0
4190,M14190,M,297.5,307.3,1530,33.4,203,0,0,0,0,0,0
4191,M14191,M,297.6,307.3,1710,29.3,198,0,0,0,0,0,0
4192,H14192,H,297.5,307.5,1618,43.6,52,0,0,0,0,0,0
4193,L14193,L,297.5,306.6,1584,35.2,62,0,0,0,0,0,0
4194,M14194,M,297.5,309.0,1404,47.5,235,0,0,0,0,0,0
4195,M14195,M,297.5,308.8,1508,40.0,73,0,0,0,0,0,0
4196,L14196,L,297.5,309.2,1468,37.2,198,0,0,0,0,0,0
4197,L14197,L,297.6,308.3,1503,25.5,50,0,0,0,0,0,0
4198,L14198,L,297.6,307.5,1515,47.3,185,0,0,0,0,0,0
4199,L14199,L,297.6,309.2,1410,41.8,154,0,0,0,0,0,0
4200,M14200,M,297.6,306.9,1484,37.3,6,0,0,0,0,0,0
4201,H14201,H,297.5,306.7,1490,34.7,118,0,0,0,0,0,0
4202,L14202,L,297.5,306.9,1399,49.6,49,0,0,0,0,0,0
4203,L14203,L,297.5,308.0,1580,33.6,151,0,0,0,0,0,0
4204,H14204,H,297.5,306.8,1522,37.8,86,0,0,0,0,0,0
4205,L14205,L,297.6,307.4,1581,43.4,152,0,0,0,0,0,0
4206,L14206,L,297.5,305.9,1549,48.7,43,0,0,0,0,0,0
4207,M14207,M,297.5,308.0,1329,38.7,35,0,0,0,0,0,0
4208,M14208,M,297.6,306.1,1417,35.6,184,0,0,0,0,0,0
4209,L14209,L,297.6,306.7,1665,39.4,96,0,0,0,0,0,0
4210,L14210,L,297.6,308.8,1579,45.4,164,0,0,0,0,0,0
4211,L14211,L,297.6,308.8,1338,46.8,233,0,0,0,0,0,0
4212,M14212,M,297.6,308.0,1547,31.7,102,0,0,0,0,0,0
4213,M14213,M,297.6,307.9,1417,40.7,179,0,0,0,0,0,0
4214,L14214,L,297.6,307.1,1290,31.4,124,0,0,0,0,0,0
4215,M14215,M,297.6,306.9,1666,45.3,190,0,0,0,0,0,0
4216,H14216,H,297.7,307.3,1508,42.5,6,0,0,0,0,0,0
4217,L14217,L,297.7,306.2,1522,34.5,93,0,0,0,0,0,0
4218,L14218,L,297.7,307.9,1374,49.2,187,0,0,0,0,0,0
4219,M14219,M,297.7,307.7,1385,42.0,222,0,0,0,0,0,0
4220,L14220,L,297.6,306.7,1341,41.4,120,0,0,0,0,0,0
4221,L14221,L,297.7,309.2,1642,38.9,108,0,0,0,0,0,0
4222,M14222,M,297.7,308.3,1336,40.0,237,0,0,0,0,0,0
4223,H14223,H,297.7,308.4,1662,37.7,36,0,0,0,0,0,0
4224,H14224,H,297.7,307.2,1401,35.6,20,0,0,0,0,0,0
4225,M14225,M,297.7,307.7,1377,47.4,97,0,0,0,0,0,0
4226,M14226,M,297.7,308.3,1494,37.0,45,0,0,0,0,0,0
4227,L14227,L,297.7,307.8,1432,36.8,20,0,0,0,0,0,0
4228,M14228,M,297.7,309.3,1510,39.2,231,0,0,0,0,0,0
4229,L14229,L,297.8,307.6,1412,48.5,211,1,1,0,0,0,0
4230,L14230,L,297.7,307.2,1469,46.8,97,0,0,0,0,0,0
4231,M14231,M,297.8,308.5,1424,37.6,71,0,0,0,0,0,0
4232,M14232,M,297.8,306.6,1586,47.4,95,0,0,0,0,0,0
4233,L14233,L,297.8,308.7,1551,40.6,51,0,0,0,0,0,0
4234,H14234,H,297.8,306.5,1525,34.9,221,0,0,0,0,0,0
4235,L14235,L,297.8,308.4,1605,37.1,28,0,0,0,0,0,0
4236,L14236,L,297.8,307.2,1526,48.2,68,0,0,0,0,0,0
4237,L14237,L,297.8,308.3,1518,52.5,221,1,0,0,0,1,0
4238,M14238,M,297.8,308.7,1488,41.9,203,0,0,0,0,0,0
4239,M14239,M,297.8,307.9,1428,36.6,166,0,0,0,0,0,0
4240,L14240,L,297.8,306.6,1429,39.3,26,0,0,0,0,0,0
4241,M14241,M,297.8,306.9,1515,35.4,244,0,0,0,0,0,0
4242,L14242,L,297.7,307.0,1602,36.3,204,0,0,0,0,0,0
4243,M14243,M,297.7,305.8,1557,35.7,110,0,0,0,0,0,0
4244,L14244,L,297.8,308.9,1556,39.5,137,0,0,0,0,0,0
4245,L14245,L,297.8,307.9,1389,40.7,35,0,0,0,0,0,0
4246,H14246,H,297.8,306.7,1552,39.1,94,0,0,0,0,0,0
4247,L14247,L,297.9,309.3,1460,38.7,15,0,0,0,0,0,0
4248,L14248,L,297.9,307.2,1518,44.6,230,0,0,0,0,0,0
4249,M14249,M,297.9,308.2,1555,38.6,236,0,0,0,0,0,0
4250,H14250,H,297.9,307.0,1384,39.0,163,0,0,0,0,0,0
4251,L14251,L,297.7,305.7,1516,38.9,89,0,0,0,0,0,0
4252,L14252,L,297.7,306.4,1524,49.3,107,0,0,0,0,0,0
4253,L14253,L,297.8,307.3,1600,37.1,83,0,0,0,0,0,0
4254,M14254,M,297.7,308.6,1448,43.6,161,0,0,0,0,0,0
4255,L14255,L,297.8,308.1,1494,35.5,164,0,0,0,0,0,0
4256,M14256,M,297.7,307.9,1517,42.1,199,0,0,0,0,0,0
4257,H14257,H,297.7,305.7,1448,43.3,67,0,0,0,0,0,0
4258,L14258,L,297.8,309.0,1446,46.5,58,0,0,0,0,0,0
4259,L14259,L,297.7,308.0,1443,37.7,156,0,0,0,0,0,0
4260,L14260,L,297.7,307.6,1487,33.3,30,0,0,0,0,0,0
4261,L14261,L,297.7,308.8,1675,35.3,65,0,0,0,0,0,0
4262,H14262,H,297.8,309.0,1491,45.8,88,0,0,0,0,0,0
4263,L14263,L,297.8,308.9,1549,52.5,229,1,0,0,0,1,0
4264,L14264,L,297.8,307.5,1503,45.0,2,0,0,0,0,0,0
4265,M14265,M,297.8,306.8,1469,32.4,237,0,0,0,0,0,0
4266,L14266,L,297.9,308.9,1498,44.8,233,1,1,0,0,0,0
4267,M14267,M,297.8,306.5,1577,34.3,106,0,0,0,0,0,0
4268,L14268,L,297.8,309.8,1495,37.9,68,0,0,0,0,0,0
4269,H14269,H,297.8,307.9,1484,41.1,21,0,0,0,0,0,0
4270,H14270,H,297.8,306.8,1477,42.1,79,0,0,0,0,0,0
4271,M14271,M,298.0,306.7,1401,40.4,200,0,0,0,0,0,0
4272,H14272,H,298.0,306.7,1604,36.4,52,0,0,0,0,0,0
4273,L14273,L,297.9,308.0,1455,46.4,175,0,0,0,0,0,0
4274,L14274,L,297.9,307.8,1647,36.8,200,0,0,0,0,0,0
4275,M14275,M,297.8,306.5,1524,47.5,240,0,0,0,0,0,0
4276,M14276,M,297.7,307.4,1641,31.8,75,0,0,0,0,0,0
4277,L14277,L,297.6,306.3,1480,41.3,174,0,0,0,0,0,0
4278,L14278,L,297.6,308.2,1427,32.6,41,0,0,0,0,0,0
4279,L14279,L,297.5,307.5,1604,35.0,3,0,0,0,0,0,0
4280,L14280,L,297.5,307.2,1444,36.9,112,0,0,0,0,0,0
4281,L14281,L,297.5,306.3,1629,49.1,209,0,0,0,0,0,0
4282,M14282,M,297.6,307.3,1558,47.8,209,0,0,0,0,0,0
4283,L14283,L,297.6,307.1,1646,45.2,41,0,0,0,0,0,0
4284,L14284,L,297.5,307.8,1402,40.2,170,0,0,0,0,0,0
4285,M14285,M,297.5,307.7,1596,41.1,244,0,0,0,0,0,0
4286,M14286,M,297.6,308.4,1426,47.6,96,0,0,0,0,0,0
4287,H14287,H,297.6,307.1,1260,44.2,169,0,0,0,0,0,0
4288,M14288,M,297.6,305.7,1590,40.1,125,0,0,0,0,0,0
4289,L14289,L,297.5,308.5,1499,48.9,2,0,0,0,0,0,0
4290,H14290,H,297.5,306.6,1596,44.9,186,0,0,0,0,0,0
4291,M14291,M,297.5,306.4,1509,41.5,229,0,0,0,0,0,0
4292,L14292,L,297.6,307.5,1502,37.2,80,0,0,0,0,0,0
4293,M14293,M,297.6,307.9,1650,36.7,203,0,0,0,0,0,0
4294,H14294,H,297.6,307.1,1512,38.0,138,0,0,0,0,0,0
4295,L14295,L,297.7,307.1,1452,42.7,80,0,0,0,0,0,0
4296,L14296,L,297.7,307.3,1491,45.0,162,0,0,0,0,0,0
4297,L14297,L,297.6,309.1,1516,31.3,104,0,0,0,0,0,0
4298,L14298,L,297.7,307.7,1216,28.3,177,0,0,0,0,0,0
4299,L14299,L,297.6,306.6,1549,34.3,190,0,0,0,0,0,0
4300,M14300,M,297.6,306.7,1636,37.6,123,0,0,0,0,0,0
4301,L14301,L,297.6,307.4,1495,47.2,197,0,0,0,0,0,0
4302,H14302,H,297.7,307.9,1458,38.3,98,0,0,0,0,0,0
4303,M14303,M,297.6,308.1,1539,41.5,5,0,0,0,0,0,0
4304,M14304,M,297.7,307.8,1674,42.5,31,0,0,0,0,0,0
4305,H14305,H,297.7,306.9,1547,33.9,10,0,0,0,0,0,0
4306,L14306,L,297.8,307.4,1521,48.8,42,0,0,0,0,0,0
4307,L14307,L,297.8,308.6,1461,36.0,38,0,0,0,0,0,0
4308,M14308,M,297.8,306.7,1393,49.4,140,0,0,0,0,0,0
4309,H14309,H,297.9,307.4,1502,39.2,12,0,0,0,0,0,0
4310,M14310,M,297.9,308.5,1504,38.0,38,0,0,0,0,0,0
4311,L14311,L,297.8,308.7,1307,33.3,173,0,0,0,0,0,0
4312,H14312,H,297.8,307.6,1427,41.2,161,0,0,0,0,0,0
4313,L14313,L,297.7,307.3,1616,53.5,194,1,0,0,1,0,0
4314,H14314,H,297.7,306.4,1474,42.5,159,0,0,0,0,0,0
4315,H14315,H,297.8,308.3,1254,41.6,67,0,0,0,0,0,0
4316,L14316,L,297.8,309.1,1660,36.0,103,0,0,0,0,0,0
4317,M14317,M,297.8,310.3,1411,43.6,244,0,0,0,0,0,0
4318,L14318,L,297.8,308.1,1453,40.9,64,0,0,0,0,0,0
4319,L14319,L,297.8,307.7,1606,39.6,200,0,0,0,0,0,0
4320,M14320,M,297.8,306.9,1426,43.0,112,0,0,0,0,0,0
4321,M14321,M,297.8,305.9,1303,29.1,241,1,0,1,0,0,0
4322,H14322,H,297.8,308.0,1522,39.4,6,0,0,0,0,0,0
4323,M14323,M,297.8,310.2,1580,32.8,218,0,0,0,0,0,0
4324,L14324,L,297.9,309.1,1453,40.2,2,0,0,0,0,0,0
4325,H14325,H,297.8,308.9,1488,35.7,85,0,0,0,0,0,0
4326,H14326,H,297.9,308.1,1382,36.1,207,0,0,0,0,0,0
4327,L14327,L,297.8,308.2,1400,32.0,199,0,0,0,0,0,0
4328,H14328,H,297.8,305.4,1468,46.7,196,0,0,0,0,0,0
4329,L14329,L,297.9,308.6,1565,35.9,48,0,0,0,0,0,0
4330,H14330,H,297.8,307.3,1510,36.3,57,0,0,0,0,0,0
4331,L14331,L,297.8,307.1,1602,49.2,221,0,0,0,0,0,0
4332,L14332,L,297.9,307.6,1665,43.4,27,0,0,0,0,0,0
4333,L14333,L,297.8,307.5,1589,27.8,114,0,0,0,0,0,0
4334,M14334,M,297.8,307.1,1341,48.3,154,0,0,0,0,0,0
4335,L14335,L,297.8,307.8,1472,49.9,241,1,0,0,0,1,0
4336,L14336,L,297.8,307.2,1588,49.3,21,0,0,0,0,0,0
4337,M14337,M,297.9,308.0,1488,44.0,93,0,0,0,0,0,0
4338,H14338,H,297.9,306.4,1338,33.4,100,1,0,1,0,0,0
4339,L14339,L,297.9,307.7,1445,39.7,70,0,0,0,0,0,0
4340,L14340,L,297.9,306.8,1273,31.3,113,0,0,0,0,0,0
4341,L14341,L,297.8,307.2,1472,34.8,221,0,0,0,0,0,0
4342,L14342,L,297.9,308.0,1432,33.3,12,0,0,0,0,0,0
4343,H14343,H,297.9,306.3,1464,36.2,149,0,0,0,0,0,0
4344,H14344,H,297.9,307.1,1618,41.0,202,0,0,0,0,0,0
4345,M14345,M,298.0,308.6,1367,37.3,4,0,0,0,0,0,0
4346,L14346,L,298.1,306.7,1428,37.1,21,0,0,0,0,0,0
4347,M14347,M,298.2,309.9,1386,38.3,206,0,0,0,0,0,0
4348,M14348,M,298.1,309.3,1607,49.0,126,0,0,0,0,0,0
4349,H14349,H,298.2,307.7,1613,53.0,52,0,0,0,0,0,0
4350,M14350,M,298.1,307.3,1536,37.3,38,0,0,0,0,0,0
4351,M14351,M,298.2,308.4,1531,42.0,36,0,0,0,0,0,0
4352,M14352,M,298.1,306.7,1380,35.0,30,0,0,0,0,0,0
4353,L14353,L,298.2,306.2,1520,44.6,61,0,0,0,0,0,0
4354,H14354,H,298.3,307.8,1388,37.1,220,0,0,0,0,0,0
4355,M14355,M,298.2,308.1,1504,35.7,102,0,0,0,0,0,0
4356,M14356,M,298.2,308.3,1466,52.0,80,0,0,0,0,0,0
4357,L14357,L,298.2,307.6,1441,31.9,126,0,0,0,0,0,0
4358,M14358,M,298.3,309.5,1503,25.3,232,0,0,0,0,0,0
4359,M14359,M,298.2,306.7,1568,44.4,5,0,0,0,0,0,0
4360,L14360,L,298.2,307.1,1678,37.8,104,0,0,0,0,0,0
4361,L14361,L,298.1,308.6,1555,36.1,80,0,0,0,0,0,0
4362,M14362,M,298.1,307.0,1728,56.4,161,1,0,0,1,0,0
4363,M14363,M,298.2,307.0,1520,44.4,86,0,0,0,0,0,0
4364,M14364,M,298.2,308.3,1678,39.6,51,0,0,0,0,0,0
4365,L14365,L,298.1,307.0,1544,35.8,157,0,0,0,0,0,0
4366,M14366,M,298.1,308.0,1524,42.7,12,0,0,0,0,0,0
4367,L14367,L,298.1,307.4,1483,29.6,185,0,0,0,0,0,0
4368,L14368,L,298.1,307.2,1530,36.9,221,0,0,0,0,0,0
4369,L14369,L,298.0,305.9,1543,39.8,240,0,0,0,0,0,0
4370,L14370,L,298.0,308.2,1358,41.3,52,0,0,0,0,0,0
4371,L14371,L,297.9,306.7,1570,39.1,147,0,0,0,0,0,0
4372,L14372,L,297.9,307.8,1352,35.8,133,0,0,0,0,0,0
4373,L14373,L,297.9,307.4,1570,45.5,54,0,0,0,0,0,0
4374,L14374,L,297.9,307.6,1560,30.1,158,0,0,0,0,0,0
4375,M14375,M,297.9,307.7,1642,38.3,58,0,0,0,0,0,0
4376,L14376,L,297.9,308.1,1414,36.9,146,0,0,0,0,0,0
4377,L14377,L,297.9,307.2,1401,46.1,197,0,0,0,0,0,0
4378,H14378,H,297.9,309.2,1611,37.2,97,0,0,0,0,0,0
4379,L14379,L,297.9,306.1,1393,42.6,155,0,0,0,0,0,0
4380,M14380,M,297.9,307.6,1383,42.0,249,0,0,0,0,0,0
4381,L14381,L,298.0,308.8,1521,29.0,140,0,0,0,0,0,0
4382,L14382,L,297.9,308.4,1495,39.6,179,0,0,0,0,0,0
4383,M14383,M,298.0,307.0,1516,29.5,73,0,0,0,0,0,0
4384,M14384,M,298.0,307.2,1554,42.1,60,0,0,0,0,0,0
4385,H14385,H,298.0,307.0,1554,35.6,168,0,0,0,0,0,0
4386,M14386,M,298.0,308.6,1492,47.1,44,0,0,0,0,0,0
4387,H14387,H,298.1,307.3,1505,38.9,134,0,0,0,0,0,0
4388,L14388,L,298.0,308.2,1493,35.4,209,1,1,0,0,0,0
4389,L14389,L,298.0,308.2,1504,47.2,85,0,0,0,0,0,0
4390,L14390,L,297.9,310.3,1361,34.8,13,0,0,0,0,0,0
4391,L14391,L,297.9,308.2,1576,45.4,35,0,0,0,0,0,0
4392,M14392,M,297.9,307.0,1605,42.8,7,0,0,0,0,0,0
4393,M14393,M,297.9,306.4,1564,37.8,11,0,0,0,0,0,0
4394,L14394,L,298.0,307.7,1556,32.0,167,0,0,0,0,0,0
4395,H14395,H,298.0,307.9,1401,47.4,239,0,0,0,0,0,0
4396,H14396,H,298.1,305.9,1358,43.0,224,1,0,1,0,0,0
4397,L14397,L,298.1,307.4,1583,35.4,215,0,0,0,0,0,0
4398,L14398,L,298.0,308.3,1503,41.5,105,0,0,0,0,0,0
4399,L14399,L,298.0,307.5,1517,46.0,230,0,0,0,0,0,0
4400,L14400,L,298.0,309.0,1521,40.7,189,0,0,0,0,0,0
4401,L14401,L,298.1,306.5,1526,41.4,141,0,0,0,0,0,0
4402,M14402,M,298.0,308.7,1565,46.2,176,0,0,0,0,0,0
4403,L14403,L,298.1,309.0,1490,49.2,50,0,0,0,0,0,0
4404,L14404,L,298.1,309.1,1309,39.3,189,0,0,0,0,0,0
4405,H14405,H,298.1,306.5,1569,32.0,4,0,0,0,0,0,0
4406,M14406,M,298.1,308.4,1558,32.2,210,0,0,0,0,0,0
4407,H14407,H,298.1,307.4,1371,35.9,194,0,0,0,0,0,0
4408,L14408,L,298.1,306.7,1383,34.4,0,0,0,0,0,0,0
4409,L14409,L,298.2,307.8,1588,29.9,103,0,0,0,0,0,0
4410,M14410,M,298.3,307.4,1612,51.1,104,0,0,0,0,0,0
4411,L14411,L,298.3,309.3,1234,43.2,100,0,0,0,0,0,0
4412,L14412,L,298.4,308.9,1544,36.9,127,0,0,0,0,0,0
4413,M14413,M,298.3,307.2,1478,39.8,96,0,0,0,0,0,0
4414,M14414,M,298.3,307.5,1507,29.3,48,0,0,0,0,0,0
4415,L14415,L,298.2,307.9,1513,46.9,248,1,0,0,0,1,0
4416,L14416,L,298.3,308.2,1424,28.3,237,0,0,0,0,0,0
4417,L14417,L,298.4,309.4,1565,43.1,144,0,0,0,0,0,0
4418,L14418,L,298.4,309.1,1431,29.0,200,1,1,0,0,0,0
4419,L14419,L,298.4,308.5,1575,37.5,94,0,0,0,0,0,0
4420,L14420,L,298.4,308.2,1597,47.5,34,0,0,0,0,0,0
4421,L14421,L,298.5,306.7,1413,30.2,194,0,0,0,0,0,0
4422,H14422,H,298.5,309.8,1415,39.1,12,0,0,0,0,0,0
4423,M14423,M,298.4,308.0,1511,43.8,115,0,0,0,0,0,0
4424,M14424,M,298.4,309.9,1650,42.8,164,0,0,0,0,0,0
4425,L14425,L,298.4,308.6,1441,40.4,37,0,0,0,0,0,0
4426,L14426,L,298.4,310.5,1460,43.0,77,0,0,0,0,0,0
4427,L14427,L,298.4,309.0,1532,36.3,133,0,0,0,0,0,0
4428,L14428,L,298.3,306.8,1566,51.6,249,1,0,0,0,1,0
4429,L14429,L,298.2,307.6,1553,30.3,220,0,0,0,0,0,0
4430,M14430,M,298.2,308.1,1503,47.0,62,0,0,0,0,0,0
4431,M14431,M,298.2,307.3,1469,41.1,248,0,0,0,0,0,0
4432,M14432,M,298.2,307.8,1533,43.7,176,0,0,0,0,0,0
4433,L14433,L,298.2,306.9,1180,44.8,8,0,0,0,0,0,0
4434,H14434,H,298.3,308.3,1687,43.3,163,0,0,0,0,0,0
4435,L14435,L,298.2,308.4,1481,35.1,22,0,0,0,0,0,0
4436,L14436,L,298.1,307.1,1518,38.3,78,0,0,0,0,0,0
4437,L14437,L,298.1,310.0,1710,31.3,117,0,0,0,0,0,0
4438,M14438,M,298.1,308.2,1426,38.2,184,0,0,0,0,0,0
4439,H14439,H,298.1,307.3,1733,41.9,177,0,0,0,0,0,0
4440,L14440,L,298.1,306.5,1574,43.6,238,0,0,0,0,0,0
4441,H14441,H,298.1,308.2,1545,42.3,58,0,0,0,0,0,0
4442,H14442,H,298.1,307.9,1564,29.5,113,0,0,0,0,0,0
4443,L14443,L,298.1,308.9,1416,36.6,134,0,0,0,0,0,0
4444,L14444,L,298.1,308.0,1335,36.0,46,0,0,0,0,0,0
4445,L14445,L,298.1,306.9,1382,32.1,88,0,0,0,0,0,0
4446,H14446,H,298.1,309.8,1609,35.0,228,0,0,0,0,0,0
4447,L14447,L,298.1,308.6,1406,40.0,86,0,0,0,0,0,0
4448,M14448,M,298.1,307.9,1335,48.5,74,0,0,0,0,0,0
4449,L14449,L,298.1,308.3,1492,34.3,183,0,0,0,0,0,0
4450,M14450,M,298.0,308.5,1557,33.2,237,1,1,0,0,0,0
4451,L14451,L,298.0,306.6,1504,36.4,135,0,0,0,0,0,0
4452,M14452,M,298.0,308.1,1561,42.0,35,0,0,0,0,0,0
4453,H14453,H,297.9,307.4,1616,47.3,169,0,0,0,0,0,0
4454,H14454,H,297.8,308.4,1557,39.5,38,0,0,0,0,0,0
4455,H14455,H,297.9,307.2,1485,31.3,64,0,0,0,0,0,0
4456,L14456,L,297.9,307.3,1446,32.6,243,0,0,0,0,0,0
4457,M14457,M,297.9,309.6,1577,41.1,43,0,0,0,0,0,0
4458,L14458,L,297.9,309.1,1528,46.0,76,0,0,0,0,0,0
4459,L14459,L,297.9,304.6,1414,50.9,79,0,0,0,0,0,0
4460,M14460,M,297.9,309.0,1630,32.9,173,0,0,0,0,0,0
4461,L14461,L,298.0,307.9,1526,40.8,140,0,0,0,0,0,0
4462,M14462,M,298.0,307.3,1565,33.8,36,0,0,0,0,0,0
4463,H14463,H,298.0,307.0,1461,34.6,13,0,0,0,0,0,0
4464,L14464,L,298.0,307.1,1613,34.1,121,0,0,0,0,0,0
4465,M14465,M,298.0,307.4,1341,38.0,140,0,0,0,0,0,0
4466,L14466,L,298.0,306.8,1668,34.7,237,1,1,0,0,0,0
4467,L14467,L,297.9,306.6,1306,54.9,139,0,0,0,0,0,0
4468,L14468,L,298.0,306.9,1362,37.2,54,0,0,0,0,0,0
4469,H14469,H,298.0,308.3,1525,45.9,155,0,0,0,0,0,0
4470,H14470,H,298.0,308.1,1447,36.0,21,0,0,0,0,0,0
4471,H14471,H,298.1,308.6,1467,53.4,83,0,0,0,0,0,0
4472,H14472,H,298.0,308.0,1447,42.0,238,0,0,0,0,0,0
4473,L14473,L,298.1,306.8,1422,45.0,146,0,0,0,0,0,0
4474,L14474,L,298.0,308.5,1532,36.5,202,0,0,0,0,0,0
4475,M14475,M,298.0,307.0,1495,45.9,157,0,0,0,0,0,0
4476,L14476,L,298.0,308.6,1588,42.0,181,0,0,0,0,0,0
4477,L14477,L,298.0,306.8,1508,37.7,89,0,0,0,0,0,0
4478,L14478,L,297.9,307.2,1458,33.5,14,0,0,0,0,0,0
4479,M14479,M,297.9,307.6,1577,38.6,29,0,0,0,0,0,0
4480,M14480,M,298.0,308.6,1317,38.1,28,0,0,0,0,0,0
4481,L14481,L,298.0,308.1,1242,45.2,159,0,0,0,0,0,0
4482,L14482,L,298.1,308.1,1341,38.6,116,0,0,0,0,0,0
4483,M14483,M,298.0,309.9,1466,28.5,157,0,0,0,0,0,0
4484,M14484,M,298.0,306.2,1539,43.9,107,0,0,0,0,0,0
4485,L14485,L,298.0,307.0,1233,47.8,114,0,0,0,0,0,0
4486,M14486,M,298.0,306.9,1499,30.0,15,0,0,0,0,0,0
4487,L14487,L,298.0,306.2,1465,50.8,163,0,0,0,0,0,0
4488,L14488,L,297.9,307.2,1514,48.4,81,0,0,0,0,0,0
4489,M14489,M,297.9,308.6,1309,36.2,232,0,0,0,0,0,0
4490,M14490,M,297.9,307.3,1762,33.3,175,0,0,0,0,0,0
4491,L14491,L,297.9,307.6,1503,46.3,230,0,0,0,0,0,0
4492,M14492,M,298.1,306.3,1378,31.8,27,1,0,1,0,0,0
4493,M14493,M,298.1,307.3,1513,36.0,61,0,0,0,0,0,0
4494,M14494,M,298.1,307.6,1649,32.1,249,0,0,0,0,0,0
4495,M14495,M,298.1,308.7,1371,40.0,210,0,0,0,0,0,0
4496,M14496,M,298.0,306.4,1351,48.8,183,1,0,1,0,0,0
4497,L14497,L,298.1,307.7,1488,42.2,55,0,0,0,0,0,0
4498,L14498,L,298.1,309.2,1497,46.1,74,0,0,0,0,0,0
4499,L14499,L,298.1,307.6,1571,37.9,16,0,0,0,0,0,0
4500,L14500,L,298.0,305.9,1648,40.6,189,0,0,0,0,0,0
4501,M14501,M,298.1,309.3,1578,32.6,20,0,0,0,0,0,0
4502,M14502,M,298.1,308.8,1361,39.4,164,0,0,0,0,0,0
4503,L14503,L,298.1,309.0,1393,35.5,235,0,0,0,0,0,0
4504,L14504,L,298.1,306.4,1420,39.0,114,0,0,0,0,0,0
4505,L14505,L,298.0,309.5,1578,38.6,161,0,0,0,0,0,0
4506,L14506,L,298.0,307.2,1561,38.1,224,0,0,0,0,0,0
4507,M14507,M,298.1,307.6,1626,52.6,28,0,0,0,0,0,0
4508,L14508,L,298.0,307.3,1556,50.6,67,0,0,0,0,0,0
4509,M14509,M,298.0,308.9,1437,48.5,223,0,0,0,0,0,0
4510,H14510,H,297.9,307.7,1480,50.8,187,0,0,0,0,0,0
4511,L14511,L,298.0,308.4,1354,48.5,10,0,0,0,0,0,0
4512,L14512,L,297.9,308.0,1563,39.9,217,0,0,0,0,0,0
4513,L14513,L,297.9,307.8,1437,39.3,81,0,0,0,0,0,0
4514,M14514,M,298.0,307.0,1622,41.4,127,0,0,0,0,0,0
4515,M14515,M,298.0,309.9,1560,38.7,116,0,0,0,0,0,0
4516,L14516,L,298.0,306.6,1694,33.8,95,0,0,0,0,0,0
4517,M14517,M,298.0,308.4,1542,41.8,187,0,0,0,0,0,0
4518,H14518,H,298.0,308.4,1540,30.6,218,0,0,0,0,0,0
4519,L14519,L,298.1,309.2,1482,40.8,207,0,0,0,0,0,0
4520,L14520,L,298.1,309.5,1462,34.0,73,0,0,0,0,0,0
4521,H14521,H,298.0,307.9,1474,39.5,107,0,0,0,0,0,0
4522,M14522,M,298.0,308.5,1600,41.1,161,0,0,0,0,0,0
4523,H14523,H,297.9,309.7,1365,37.9,160,0,0,0,0,0,0
4524,M14524,M,297.9,307.9,1506,30.2,137,0,0,0,0,0,0
4525,H14525,H,297.9,306.9,1333,32.9,233,0,0,0,0,0,0
4526,L14526,L,297.9,307.5,1537,42.7,59,0,0,0,0,0,0
4527,M14527,M,297.9,306.6,1454,36.7,25,0,0,0,0,0,0
4528,H14528,H,297.9,308.2,1550,43.4,105,0,0,0,0,0,0
4529,M14529,M,297.8,308.9,1426,40.1,24,0,0,0,0,0,0
4530,L14530,L,297.8,307.7,1474,38.8,1,0,0,0,0,0,0
4531,L14531,L,297.9,306.3,1563,42.1,89,0,0,0,0,0,0
4532,L14532,L,298.0,309.0,1513,36.0,83,0,0,0,0,0,0
4533,L14533,L,297.9,306.1,1654,42.4,2,0,0,0,0,0,0
4534,L14534,L,297.9,306.4,1452,37.5,31,0,0,0,0,0,0
4535,M14535,M,297.9,307.7,1443,55.2,0,0,0,0,0,0,0
4536,M14536,M,297.9,308.1,1624,33.2,23,0,0,0,0,0,0
4537,L14537,L,297.9,308.3,1463,37.9,49,0,0,0,0,0,0
4538,M14538,M,297.9,307.8,1459,38.1,170,0,0,0,0,0,0
4539,L14539,L,297.9,309.6,1538,31.9,247,0,0,0,0,0,0
4540,L14540,L,297.9,308.0,1484,44.4,43,0,0,0,0,0,0
4541,L14541,L,297.9,309.0,1469,37.4,32,0,0,0,0,0,0
4542,M14542,M,297.9,308.7,1431,25.7,37,0,0,0,0,0,0
4543,L14543,L,297.9,306.6,1636,44.2,111,0,0,0,0,0,0
4544,L14544,L,297.8,307.6,1485,36.2,51,0,0,0,0,0,0
4545,L14545,L,297.8,309.9,1444,39.4,34,0,0,0,0,0,0
4546,H14546,H,297.8,307.3,1470,44.1,16,0,0,0,0,0,0
4547,L14547,L,297.8,307.1,1535,37.8,57,0,0,0,0,0,0
4548,M14548,M,297.8,307.9,1646,37.8,47,0,0,0,0,0,0
4549,M14549,M,297.8,307.3,1483,54.8,42,0,0,0,0,0,0
4550,M14550,M,297.8,307.0,1414,27.1,47,0,0,0,0,0,0
4551,H14551,H,297.8,307.3,1692,32.3,43,0,0,0,0,0,0
4552,L14552,L,297.8,309.3,1514,33.4,32,0,0,0,0,0,0
4553,L14553,L,297.8,307.7,1489,50.7,202,0,0,0,0,0,0
4554,H14554,H,297.8,306.5,1507,36.1,86,0,0,0,0,0,0
4555,L14555,L,297.8,306.3,1375,41.4,229,1,0,1,0,0,0
4556,M14556,M,297.8,310.0,1495,37.2,223,0,0,0,0,0,0
4557,M14557,M,297.8,307.6,1576,43.6,82,0,0,0,0,0,0
4558,M14558,M,297.8,308.2,1622,39.9,203,0,0,0,0,0,0
4559,H14559,H,297.7,306.9,1464,41.5,219,0,0,0,0,0,0
4560,H14560,H,297.7,308.0,1519,47.7,129,0,0,0,0,0,0
4561,M14561,M,297.6,309.1,1624,42.6,137,0,0,0,0,0,0
4562,L14562,L,297.7,307.1,1504,35.6,82,0,0,0,0,0,0
4563,H14563,H,297.7,308.2,1572,41.9,155,0,0,0,0,0,0
4564,L14564,L,297.7,306.3,1542,54.5,174,0,0,0,0,0,0
4565,L14565,L,297.7,309.7,1434,43.4,135,0,0,0,0,0,0
4566,H14566,H,297.7,308.0,1408,40.9,106,0,0,0,0,0,0
4567,L14567,L,297.7,307.3,1606,31.8,150,0,0,0,0,0,0
4568,L14568,L,297.7,307.4,1233,44.3,175,0,0,0,0,0,0
4569,L14569,L,297.8,307.3,1433,45.2,108,0,0,0,0,0,0
4570,H14570,H,297.8,307.4,1360,41.9,221,0,0,0,0,0,0
4571,M14571,M,297.9,305.4,1606,40.7,91,0,0,0,0,0,0
4572,M14572,M,297.8,307.7,1636,57.0,62,1,0,0,1,0,0
4573,L14573,L,297.8,307.7,1428,45.1,76,0,0,0,0,0,0
4574,M14574,M,297.9,308.3,1776,47.4,246,0,0,0,0,0,0
4575,M14575,M,297.9,307.3,1638,40.4,36,0,0,0,0,0,0
4576,L14576,L,297.9,307.2,1520,39.2,11,0,0,0,0,0,0
4577,L14577,L,297.9,307.9,1650,43.8,73,0,0,0,0,0,0
4578,L14578,L,297.9,306.3,1436,39.2,114,0,0,0,0,0,0
4579,H14579,H,297.9,308.1,1472,39.7,80,0,0,0,0,0,0
4580,M14580,M,297.8,306.0,1546,42.8,192,0,0,0,0,0,0
4581,H14581,H,297.8,309.0,1431,36.9,213,0,0,0,0,0,0
4582,L14582,L,297.8,308.5,1372,41.3,14,0,0,0,0,0,0
4583,M14583,M,297.8,306.9,1406,40.5,79,0,0,0,0,0,0
4584,M14584,M,297.8,308.5,1480,45.8,83,0,0,0,0,0,0
4585,M14585,M,297.8,307.9,1547,36.3,118,0,0,0,0,0,0
4586,H14586,H,297.8,306.8,1466,28.0,9,0,0,0,0,0,0
4587,L14587,L,297.8,305.8,1336,38.1,41,1,0,1,0,0,0
4588,L14588,L,297.9,308.2,1547,42.4,153,0,0,0,0,0,0
4589,M14589,M,297.9,307.1,1627,45.8,48,0,0,0,0,0,0
4590,M14590,M,297.9,309.0,1434,35.8,245,0,0,0,0,0,0
4591,M14591,M,297.9,307.9,1666,43.3,150,0,0,0,0,0,0
4592,L14592,L,297.9,307.2,1587,46.8,191,0,0,0,0,0,0
4593,M14593,M,297.9,309.7,1395,44.5,16,0,0,0,0,0,0
4594,L14594,L,297.8,308.4,1435,35.3,161,0,0,0,0,0,0
4595,L14595,L,297.8,304.2,1469,35.9,104,0,0,0,0,0,0
4596,M14596,M,297.8,307.3,1481,42.6,56,0,0,0,0,0,0
4597,M14597,M,297.8,306.5,1256,49.8,85,0,0,0,0,0,0
4598,L14598,L,297.9,307.1,1425,40.1,250,0,0,0,0,0,0
4599,L14599,L,297.9,307.7,1445,39.0,131,0,0,0,0,0,0
4600,L14600,L,297.8,308.2,1689,31.8,198,0,0,0,0,0,0
4601,L14601,L,297.8,308.1,1523,37.8,68,0,0,0,0,0,0
4602,M14602,M,297.8,308.9,1420,35.7,94,0,0,0,0,0,0
4603,H14603,H,297.8,308.4,1456,40.2,82,0,0,0,0,0,0
4604,L14604,L,297.7,308.3,1543,30.9,195,0,0,0,0,0,0
4605,M14605,M,297.7,307.9,1462,38.0,49,0,0,0,0,0,0
4606,H14606,H,297.8,309.0,1441,33.9,125,0,0,0,0,0,0
4607,H14607,H,297.8,307.4,1445,45.6,213,0,0,0,0,0,0
4608,L14608,L,297.7,307.4,1548,34.8,66,0,0,0,0,0,0
4609,H14609,H,297.7,305.8,1362,36.6,214,1,0,1,0,0,0
4610,L14610,L,297.7,308.7,1391,41.7,195,0,0,0,0,0,0
4611,L14611,L,297.6,307.6,1407,37.3,237,0,0,0,0,0,0
4612,L14612,L,297.7,310.6,1390,54.2,87,0,0,0,0,0,0
4613,L14613,L,297.6,307.2,1418,45.6,127,0,0,0,0,0,0
4614,L14614,L,297.7,307.8,1590,40.1,186,0,0,0,0,0,0
4615,L14615,L,297.7,308.2,1604,42.2,205,0,0,0,0,0,0
4616,L14616,L,297.7,306.6,1527,25.9,112,0,0,0,0,0,0
4617,H14617,H,297.7,308.0,1521,47.4,104,0,0,0,0,0,0
4618,H14618,H,297.8,307.8,1433,43.1,114,0,0,0,0,0,0
4619,L14619,L,297.8,307.5,1292,39.6,62,0,0,0,0,0,0
4620,H14620,H,297.8,309.0,1514,43.4,194,0,0,0,0,0,0
4621,H14621,H,297.8,306.9,1530,44.1,238,0,0,0,0,0,0
4622,M14622,M,297.8,308.1,1433,37.5,212,0,0,0,0,0,0
4623,L14623,L,297.8,309.2,1392,42.3,25,0,0,0,0,0,0
4624,M14624,M,297.7,307.0,1373,46.3,127,0,0,0,0,0,0
4625,H14625,H,297.7,307.4,1517,42.7,0,0,0,0,0,0,0
4626,M14626,M,297.7,310.1,1508,38.5,93,0,0,0,0,0,0
4627,L14627,L,297.7,308.1,1619,41.8,114,0,0,0,0,0,0
4628,M14628,M,297.7,307.2,1419,48.3,195,0,0,0,0,0,0
4629,M14629,M,297.8,308.6,1471,44.7,205,0,0,0,0,0,0
4630,M14630,M,297.8,307.2,1502,33.0,145,0,0,0,0,0,0
4631,L14631,L,297.8,306.2,1445,43.5,11,0,0,0,0,0,0
4632,L14632,L,297.8,309.1,1584,42.7,165,0,0,0,0,0,0
4633,H14633,H,297.8,306.7,1624,47.0,41,0,0,0,0,0,0
4634,H14634,H,297.8,310.3,1389,40.2,163,0,0,0,0,0,0
4635,L14635,L,297.8,307.3,1454,37.8,15,0,0,0,0,0,0
4636,H14636,H,297.7,309.8,1632,31.8,192,0,0,0,0,0,0
4637,L14637,L,297.7,306.4,1532,35.8,66,0,0,0,0,0,0
4638,M14638,M,297.8,308.8,1512,47.2,166,0,0,0,0,0,0
4639,M14639,M,297.7,308.2,1534,41.2,98,0,0,0,0,0,0
4640,H14640,H,297.7,308.5,1566,39.4,245,0,0,0,0,0,0
4641,H14641,H,297.6,308.6,1539,47.8,58,0,0,0,0,0,0
4642,L14642,L,297.6,307.1,1521,46.5,206,0,0,0,0,0,0
4643,H14643,H,297.6,306.3,1501,35.6,37,0,0,0,0,0,0
4644,L14644,L,297.6,307.5,1635,47.2,143,0,0,0,0,0,0
4645,M14645,M,297.5,307.8,1473,30.0,208,0,0,0,0,0,0
4646,M14646,M,297.5,307.0,1500,42.8,225,0,0,0,0,0,0
4647,M14647,M,297.5,307.8,1655,42.0,201,0,0,0,0,0,0
4648,L14648,L,297.5,307.8,1533,46.9,138,0,0,0,0,0,0
4649,H14649,H,297.5,306.6,1493,42.3,27,0,0,0,0,0,0
4650,L14650,L,297.5,307.9,1563,38.5,90,0,0,0,0,0,0
4651,L14651,L,297.6,307.3,1523,39.0,229,0,0,0,0,0,0
4652,M14652,M,297.5,306.8,1426,56.2,209,0,0,0,0,0,0
4653,L14653,L,297.5,308.3,1525,40.5,110,0,0,0,0,0,0
4654,H14654,H,297.5,306.8,1419,43.6,239,0,0,0,0,0,0
4655,L14655,L,297.5,307.1,1683,27.9,93,0,0,0,0,0,0
4656,L14656,L,297.4,307.5,1524,35.0,76,0,0,0,0,0,0
4657,H14657,H,297.4,308.8,1406,43.1,79,0,0,0,0,0,0
4658,M14658,M,297.4,307.6,1461,30.3,129,0,0,0,0,0,0
4659,L14659,L,297.4,307.9,1576,43.3,147,0,0,0,0,0,0
4660,M14660,M,297.3,307.0,1391,35.6,203,0,0,0,0,0,0
4661,M14661,M,297.3,307.2,1772,33.8,220,0,0,0,0,0,0
4662,M14662,M,297.3,307.2,1354,35.6,237,0,0,0,0,0,0
4663,L14663,L,297.3,307.6,1593,49.2,71,0,0,0,0,0,0
4664,H14664,H,297.3,307.0,1451,42.0,37,0,0,0,0,0,0
4665,H14665,H,297.2,308.6,1419,34.5,237,0,0,0,0,0,0
4666,M14666,M,297.2,306.8,1554,44.7,183,0,0,0,0,0,0
4667,L14667,L,297.2,305.5,1455,45.0,238,0,0,0,0,0,0
4668,H14668,H,297.2,310.0,1659,37.7,211,0,0,0,0,0,0
4669,M14669,M,297.1,306.8,1360,45.8,250,0,0,0,0,0,0
4670,M14670,M,297.1,308.4,1556,46.0,226,0,0,0,0,0,0
4671,L14671,L,297.1,308.5,1472,45.1,166,0,0,0,0,0,0
4672,H14672,H,297.1,308.0,1530,36.0,30,0,0,0,0,0,0
4673,M14673,M,297.1,306.9,1551,32.9,79,0,0,0,0,0,0
4674,L14674,L,297.0,307.3,1327,29.8,150,0,0,0,0,0,0
4675,L14675,L,297.0,305.8,1523,36.1,161,0,0,0,0,0,0
4676,H14676,H,297.0,309.0,1609,37.8,95,0,0,0,0,0,0
4677,L14677,L,297.1,306.2,1547,38.3,16,0,0,0,0,0,0
4678,H14678,H,297.1,306.8,1463,39.7,106,0,0,0,0,0,0
4679,M14679,M,297.0,307.1,1359,50.4,23,0,0,0,0,0,0
4680,M14680,M,296.9,306.8,1551,38.0,162,0,0,0,0,0,0
4681,L14681,L,297.0,306.3,1688,39.7,117,0,0,0,0,0,0
4682,L14682,L,296.9,308.3,1566,29.1,150,0,0,0,0,0,0
4683,H14683,H,296.9,307.9,1616,53.4,135,1,0,0,1,0,0
4684,L14684,L,297.0,307.3,1593,32.1,181,0,0,0,0,0,0
4685,M14685,M,297.0,306.6,1461,35.8,86,0,0,0,0,0,0
4686,L14686,L,297.0,308.0,1509,44.2,148,0,0,0,0,0,0
4687,L14687,L,297.0,306.6,1587,41.5,18,0,0,0,0,0,0
4688,L14688,L,297.1,308.6,1342,49.9,158,0,0,0,0,0,0
4689,M14689,M,297.0,307.1,1565,44.3,49,0,0,0,0,0,0
4690,H14690,H,297.0,308.2,1626,39.5,70,0,0,0,0,0,0
4691,L14691,L,297.0,306.8,1495,46.3,111,0,0,0,0,0,0
4692,L14692,L,297.0,307.1,1581,47.0,23,0,0,0,0,0,0
4693,L14693,L,297.0,308.2,1445,36.0,45,0,0,0,0,0,0
4694,M14694,M,297.1,309.3,1504,45.8,135,0,0,0,0,0,0
4695,L14695,L,297.2,308.8,1473,38.7,76,0,0,0,0,0,0
4696,H14696,H,297.2,308.0,1546,39.4,2,0,0,0,0,0,0
4697,M14697,M,297.2,307.7,1490,40.9,161,0,0,0,0,0,0
4698,M14698,M,297.2,306.7,1332,37.7,76,0,0,0,0,0,0
4699,L14699,L,297.2,307.5,1428,37.4,184,0,0,0,0,0,0
4700,H14700,H,297.3,306.3,1694,45.9,117,0,0,0,0,0,0
4701,L14701,L,297.3,307.7,1557,30.8,57,0,0,0,0,0,0
4702,L14702,L,297.3,307.8,1290,33.6,223,0,0,0,0,0,0
4703,M14703,M,297.3,305.3,1621,44.0,162,0,0,0,0,0,0
4704,M14704,M,297.3,307.3,1385,39.6,20,0,0,0,0,0,0
4705,L14705,L,297.3,307.7,1589,45.9,64,0,0,0,0,0,0
4706,L14706,L,297.3,307.3,1629,42.1,65,0,0,0,0,0,0
4707,M14707,M,297.3,307.7,1510,32.0,184,0,0,0,0,0,0
4708,L14708,L,297.4,306.0,1400,40.4,41,0,0,0,0,0,0
4709,H14709,H,297.3,306.5,1428,43.2,42,0,0,0,0,0,0
4710,M14710,M,297.3,308.3,1563,41.4,25,0,0,0,0,0,0
4711,L14711,L,297.3,307.3,1386,37.2,194,0,0,0,0,0,0
4712,L14712,L,297.4,307.7,1442,38.4,215,0,0,0,0,0,0
4713,L14713,L,297.3,306.8,1551,36.6,153,0,0,0,0,0,0
4714,M14714,M,297.4,307.4,1435,32.0,135,0,0,0,0,0,0
4715,M14715,M,297.4,305.1,1642,31.2,174,0,0,0,0,0,0
4716,L14716,L,297.4,308.3,1396,42.3,164,0,0,0,0,0,0
4717,M14717,M,297.5,309.3,1171,34.8,199,0,0,0,0,0,0
4718,H14718,H,297.5,306.5,1422,43.5,81,0,0,0,0,0,0
4719,L14719,L,297.6,306.6,1531,36.4,145,0,0,0,0,0,0
4720,H14720,H,297.6,308.0,1586,32.1,203,0,0,0,0,0,0
4721,L14721,L,297.5,309.0,1459,37.6,163,0,0,0,0,0,0
4722,L14722,L,297.5,307.5,1472,52.6,103,0,0,0,0,0,0
4723,L14723,L,297.5,306.3,1497,39.4,129,0,0,0,0,0,0
4724,L14724,L,297.5,307.3,1674,43.9,83,0,0,0,0,0,0
4725,L14725,L,297.4,306.4,1538,41.0,119,0,0,0,0,0,0
4726,L14726,L,297.4,306.7,1451,31.6,2,0,0,0,0,0,0
4727,H14727,H,297.4,307.1,1705,48.7,103,0,0,0,0,0,0
4728,H14728,H,297.4,306.5,1501,38.5,107,0,0,0,0,0,0
4729,M14729,M,297.4,306.6,1292,32.1,33,0,0,0,0,0,0
4730,L14730,L,297.3,307.4,1361,36.9,125,0,0,0,0,0,0
4731,L14731,L,297.4,307.6,1556,38.8,112,0,0,0,0,0,0
4732,L14732,L,297.4,306.0,1322,44.5,109,1,0,1,0,0,0
4733,M14733,M,297.4,307.8,1550,35.9,173,0,0,0,0,0,0
4734,H14734,H,297.4,307.0,1422,55.7,189,0,0,0,0,0,0
4735,L14735,L,297.4,308.1,1618,34.4,69,0,0,0,0,0,0
4736,L14736,L,297.4,308.2,1517,43.7,231,0,0,0,0,0,0
4737,M14737,M,297.5,306.9,1336,28.2,184,0,0,0,0,0,0
4738,L14738,L,297.5,308.1,1591,39.3,137,0,0,0,0,0,0
4739,L14739,L,297.5,306.7,1636,42.2,87,0,0,0,0,0,0
4740,M14740,M,297.5,308.9,1372,33.3,17,0,0,0,0,0,0
4741,M14741,M,297.5,306.7,1420,49.0,160,0,0,0,0,0,0
4742,L14742,L,297.5,307.8,1550,42.6,230,0,0,0,0,0,0
4743,L14743,L,297.4,307.3,1568,38.1,134,0,0,0,0,0,0
4744,H14744,H,297.5,306.5,1735,42.5,44,0,0,0,0,0,0
4745,L14745,L,297.5,308.4,1589,36.4,111,0,0,0,0,0,0
4746,L14746,L,297.6,307.0,1740,47.5,235,1,0,0,0,1,0
4747,L14747,L,297.6,305.9,1502,46.1,156,0,0,0,0,0,0
4748,L14748,L,297.6,304.7,1538,42.2,82,0,0,0,0,0,0
4749,L14749,L,297.5,306.7,1443,43.7,165,0,0,0,0,0,0
4750,H14750,H,297.6,309.0,1448,31.1,38,0,0,0,0,0,0
4751,L14751,L,297.7,308.9,1515,48.8,152,0,0,0,0,0,0
4752,L14752,L,297.6,306.9,1442,39.4,144,0,0,0,0,0,0
4753,M14753,M,297.7,307.3,1244,46.2,60,0,0,0,0,0,0
4754,M14754,M,297.7,307.2,1433,44.5,50,0,0,0,0,0,0
4755,H14755,H,297.7,306.4,1608,46.1,36,0,0,0,0,0,0
4756,H14756,H,297.8,306.8,1507,33.7,66,0,0,0,0,0,0
4757,L14757,L,297.8,308.8,1508,34.5,23,0,0,0,0,0,0
4758,M14758,M,297.9,308.4,1424,53.5,121,0,0,0,0,0,0
4759,L14759,L,297.9,308.2,1533,30.9,245,0,0,0,0,0,0
4760,H14760,H,297.9,306.6,1666,33.4,209,0,0,0,0,0,0
4761,L14761,L,297.9,308.0,1640,40.3,48,0,0,0,0,0,0
4762,H14762,H,297.9,305.6,1537,40.3,217,0,0,0,0,0,0
4763,M14763,M,297.9,308.7,1415,36.8,148,0,0,0,0,0,0
4764,L14764,L,297.8,308.1,1677,43.7,202,0,0,0,0,0,0
4765,M14765,M,297.8,306.5,1606,45.4,184,0,0,0,0,0,0
4766,H14766,H,297.8,309.4,1352,39.9,249,0,0,0,0,0,0
4767,H14767,H,297.8,306.0,1324,38.4,168,1,0,1,0,0,0
4768,L14768,L,297.8,308.3,1357,39.9,144,0,0,0,0,0,0
4769,M14769,M,297.8,308.4,1451,37.0,242,0,0,0,0,0,0
4770,L14770,L,297.7,306.5,1590,29.8,108,0,0,0,0,0,0
4771,L14771,L,297.7,307.7,1588,41.8,101,0,0,0,0,0,0
4772,L14772,L,297.7,306.1,1534,44.6,148,0,0,0,0,0,0
4773,L14773,L,297.7,304.9,1486,39.1,67,0,0,0,0,0,0
4774,H14774,H,297.7,306.6,1737,26.4,223,0,0,0,0,0,0
4775,L14775,L,297.6,307.0,1503,36.6,209,0,0,0,0,0,0
4776,H14776,H,297.7,308.3,1491,45.4,191,0,0,0,0,0,0
4777,L14777,L,297.7,307.8,1449,31.4,43,0,0,0,0,0,0
4778,L14778,L,297.7,307.8,1721,44.2,123,0,0,0,0,0,0
4779,L14779,L,297.8,306.7,1572,37.3,27,0,0,0,0,0,0
4780,L14780,L,297.8,307.2,1397,39.9,35,0,0,0,0,0,0
4781,L14781,L,297.8,306.9,1385,35.9,164,0,0,0,0,0,0
4782,L14782,L,297.8,306.6,1332,33.2,126,0,0,0,0,0,0
4783,M14783,M,297.8,307.2,1490,48.6,43,0,0,0,0,0,0
4784,L14784,L,297.8,307.8,1350,44.9,49,0,0,0,0,0,0
4785,L14785,L,297.7,307.1,1383,43.9,217,0,0,0,0,0,0
4786,L14786,L,297.8,307.5,1607,45.5,112,0,0,0,0,0,0
4787,H14787,H,297.7,308.4,1589,43.0,182,0,0,0,0,0,0
4788,H14788,H,297.7,307.2,1649,45.7,246,0,0,0,0,0,0
4789,L14789,L,297.7,306.4,1353,36.0,87,0,0,0,0,0,0
4790,L14790,L,297.7,308.3,1400,48.3,137,0,0,0,0,0,0
4791,L14791,L,297.7,308.0,1437,47.7,37,0,0,0,0,0,0
4792,H14792,H,297.7,308.0,1664,42.3,48,0,0,0,0,0,0
4793,L14793,L,297.7,308.3,1506,38.3,71,0,0,0,0,0,0
4794,L14794,L,297.7,308.1,1682,32.7,1,0,0,0,0,0,0
4795,L14795,L,297.7,307.7,1563,41.4,43,0,0,0,0,0,0
4796,L14796,L,297.7,310.1,1489,50.1,34,0,0,0,0,0,0
4797,L14797,L,297.8,306.5,1557,33.0,247,0,0,0,0,0,0
4798,M14798,M,297.8,307.2,1327,46.1,115,0,0,0,0,0,0
4799,L14799,L,297.7,308.7,1295,37.2,148,0,0,0,0,0,0
4800,M14800,M,297.7,307.8,1526,37.7,56,0,0,0,0,0,0
4801,L14801,L,297.7,308.4,1501,32.9,90,0,0,0,0,0,0
4802,L14802,L,297.7,307.9,1693,35.5,22,0,0,0,0,0,0
4803,H14803,H,297.6,309.0,1362,43.9,31,0,0,0,0,0,0
4804,L14804,L,297.6,306.6,1537,44.6,217,0,0,0,0,0,0
4805,H14805,H,297.6,309.0,1570,41.4,70,0,0,0,0,0,0
4806,M14806,M,297.7,308.8,1534,37.0,160,0,0,0,0,0,0
4807,L14807,L,297.6,306.4,1610,33.4,16,0,0,0,0,0,0
4808,H14808,H,297.6,308.2,1437,40.4,126,0,0,0,0,0,0
4809,L14809,L,297.7,307.7,1583,37.8,199,0,0,0,0,0,0
4810,H14810,H,297.8,307.2,1556,41.3,169,0,0,0,0,0,0
4811,L14811,L,297.8,305.9,1617,38.1,16,0,0,0,0,0,0
4812,H14812,H,297.8,306.8,1449,38.2,47,0,0,0,0,0,0
4813,L14813,L,297.8,308.5,1381,41.0,233,0,0,0,0,0,0
4814,M14814,M,297.8,308.7,1437,42.1,238,0,0,0,0,0,0
4815,M14815,M,297.9,307.6,1394,47.3,175,0,0,0,0,0,0
4816,H14816,H,297.9,308.7,1444,38.0,209,0,0,0,0,0,0
4817,H14817,H,297.9,308.8,1467,43.3,227,0,0,0,0,0,0
4818,H14818,H,297.8,307.9,1409,50.8,56,0,0,0,0,0,0
4819,H14819,H,297.9,307.2,1501,43.4,102,0,0,0,0,0,0
4820,L14820,L,297.8,308.3,1382,47.0,188,0,0,0,0,0,0
4821,L14821,L,297.8,308.3,1493,36.3,43,0,0,0,0,0,0
4822,L14822,L,297.8,308.4,1450,35.7,150,0,0,0,0,0,0
4823,L14823,L,297.7,308.6,1488,39.0,203,0,0,0,0,0,0
4824,L14824,L,297.7,306.3,1539,39.7,121,0,0,0,0,0,0
4825,M14825,M,297.7,307.2,1458,46.4,214,0,0,0,0,0,0
4826,L14826,L,297.8,305.9,1422,35.6,52,0,0,0,0,0,0
4827,M14827,M,297.8,308.6,1435,39.5,32,0,0,0,0,0,0
4828,L14828,L,297.8,307.6,1602,46.4,244,1,0,0,0,1,0
4829,L14829,L,297.8,308.2,1628,41.3,55,0,0,0,0,0,0
4830,M14830,M,297.8,306.4,1449,39.9,27,0,0,0,0,0,0
4831,M14831,M,297.7,309.1,1485,41.4,235,0,0,0,0,0,0
4832,M14832,M,297.8,306.6,1330,33.2,150,0,0,0,0,0,0
4833,M14833,M,297.7,308.5,1482,33.1,62,0,0,0,0,0,0
4834,L14834,L,297.8,307.9,1355,30.5,6,0,0,0,0,0,0
4835,M14835,M,297.8,307.6,1451,41.2,110,0,0,0,0,0,0
4836,L14836,L,297.8,307.5,1608,45.5,129,0,0,0,0,0,0
4837,L14837,L,297.7,307.1,1350,44.6,192,0,0,0,0,0,0
4838,L14838,L,297.7,309.0,1410,46.9,131,0,0,0,0,0,0
4839,L14839,L,297.8,307.8,1410,48.7,7,0,0,0,0,0,0
4840,L14840,L,297.9,306.6,1333,40.9,125,0,0,0,0,0,0
4841,H14841,H,297.8,307.4,1586,39.6,48,0,0,0,0,0,0
4842,H14842,H,297.9,308.0,1528,48.9,28,0,0,0,0,0,0
4843,L14843,L,297.9,308.8,1681,35.8,81,0,0,0,0,0,0
4844,L14844,L,297.9,307.3,1400,32.9,54,0,0,0,0,0,0
4845,L14845,L,297.9,307.4,1323,38.0,164,0,0,0,0,0,0
4846,L14846,L,297.9,307.9,1594,37.3,94,0,0,0,0,0,0
4847,H14847,H,298.0,308.9,1464,40.3,5,0,0,0,0,0,0
4848,L14848,L,298.0,306.6,1453,34.9,235,0,0,0,0,0,0
4849,M14849,M,298.0,308.5,1648,42.2,151,0,0,0,0,0,0
4850,L14850,L,298.0,307.5,1517,36.6,111,0,0,0,0,0,0
4851,H14851,H,297.9,307.6,1590,47.4,104,0,0,0,0,0,0
4852,L14852,L,298.0,310.0,1438,32.8,206,0,0,0,0,0,0
4853,M14853,M,297.9,307.7,1427,39.2,39,0,0,0,0,0,0
4854,L14854,L,298.0,308.7,1463,38.0,11,0,0,0,0,0,0
4855,M14855,M,297.9,308.6,1567,41.4,63,0,0,0,0,0,0
4856,L14856,L,297.8,306.7,1505,45.6,45,0,0,0,0,0,0
4857,L14857,L,297.9,306.0,1547,41.6,240,0,0,0,0,0,0
4858,H14858,H,297.8,308.7,1240,39.2,13,0,0,0,0,0,0
4859,H14859,H,297.9,306.8,1312,44.1,154,0,0,0,0,0,0
4860,H14860,H,297.8,306.2,1285,45.1,115,1,0,1,0,0,0
4861,M14861,M,297.9,308.9,1462,41.6,36,0,0,0,0,0,0
4862,H14862,H,298.0,306.9,1360,42.3,204,0,0,0,0,0,0
4863,L14863,L,297.9,307.2,1669,43.9,248,0,0,0,0,0,0
4864,L14864,L,297.9,309.9,1498,30.1,229,0,0,0,0,0,0
4865,L14865,L,298.0,306.3,1522,37.9,109,0,0,0,0,0,0
4866,M14866,M,298.0,306.7,1391,42.3,229,0,0,0,0,0,0
4867,L14867,L,298.0,307.5,1388,38.3,61,0,0,0,0,0,0
4868,L14868,L,298.0,307.8,1655,38.3,66,0,0,0,0,0,0
4869,M14869,M,298.0,307.1,1678,42.2,79,0,0,0,0,0,0
4870,H14870,H,298.0,306.8,1542,42.4,75,0,0,0,0,0,0
4871,L14871,L,298.0,309.6,1297,42.8,13,0,0,0,0,0,0
4872,L14872,L,298.1,308.3,1457,35.2,97,0,0,0,0,0,0
4873,L14873,L,298.1,308.7,1531,31.5,241,0,0,0,0,0,0
4874,L14874,L,298.1,308.0,1477,44.8,222,0,0,0,0,0,0
4875,L14875,L,298.1,308.4,1288,35.5,166,0,0,0,0,0,0
4876,M14876,M,298.2,309.1,1685,35.1,132,0,0,0,0,0,0
4877,M14877,M,298.1,307.1,1416,34.6,75,0,0,0,0,0,0
4878,M14878,M,298.2,308.4,1366,46.9,25,0,0,0,0,0,0
4879,L14879,L,298.0,308.7,1497,41.3,80,0,0,0,0,0,0
4880,H14880,H,298.0,309.6,1618,42.1,107,0,0,0,0,0,0
4881,L14881,L,298.1,310.0,1551,44.1,52,0,0,0,0,0,0
4882,L14882,L,298.0,308.1,1368,39.7,62,0,0,0,0,0,0
4883,H14883,H,298.0,309.2,1352,46.1,10,0,0,0,0,0,0
4884,L14884,L,298.0,305.3,1281,32.8,32,1,0,1,0,0,0
4885,L14885,L,298.0,309.5,1471,33.5,40,0,0,0,0,0,0
4886,H14886,H,298.0,307.3,1453,33.2,39,0,0,0,0,0,0
4887,L14887,L,298.0,307.8,1551,42.5,173,0,0,0,0,0,0
4888,M14888,M,297.9,308.4,1431,43.0,3,0,0,0,0,0,0
4889,L14889,L,297.9,307.7,1597,37.2,223,0,0,0,0,0,0
4890,M14890,M,297.9,308.1,1565,38.6,222,0,0,0,0,0,0
4891,L14891,L,298.0,309.6,1427,47.6,10,0,0,0,0,0,0
4892,L14892,L,298.0,307.7,1539,35.8,208,0,0,0,0,0,0
4893,M14893,M,298.1,307.0,1633,41.8,154,0,0,0,0,0,0
4894,L14894,L,298.1,309.9,1404,35.9,7,0,0,0,0,0,0
4895,L14895,L,298.2,308.8,1479,46.6,148,0,0,0,0,0,0
4896,L14896,L,298.2,310.2,1477,43.8,224,0,0,0,0,0,0
4897,L14897,L,298.2,309.1,1464,31.6,126,0,0,0,0,0,0
4898,L14898,L,298.2,306.8,1580,38.4,241,0,0,0,0,0,0
4899,L14899,L,298.0,308.7,1588,27.5,126,0,0,0,0,0,0
4900,H14900,H,298.1,307.1,1541,45.4,4,0,0,0,0,0,0
4901,L14901,L,298.2,308.2,1536,52.3,189,0,0,0,0,0,0
4902,L14902,L,298.2,308.1,1444,26.9,31,0,0,0,0,0,0
4903,L14903,L,298.1,306.5,1533,31.4,88,0,0,0,0,0,0
4904,L14904,L,298.1,307.3,1371,41.0,57,0,0,0,0,0,0
4905,H14905,H,298.1,310.3,1748,39.9,71,0,0,0,0,0,0
4906,L14906,L,298.0,308.3,1635,37.5,154,0,0,0,0,0,0
4907,H14907,H,298.0,307.8,1596,29.6,25,0,0,0,0,0,0
4908,L14908,L,298.0,309.8,1541,41.9,167,0,0,0,0,0,0
4909,M14909,M,298.0,307.6,1541,45.3,28,0,0,0,0,0,0
4910,M14910,M,298.0,307.9,1331,57.1,200,0,0,0,0,0,0
4911,H14911,H,298.1,309.0,1374,47.8,81,0,0,0,0,0,0
4912,M14912,M,298.0,307.6,1387,32.2,6,0,0,0,0,0,0
4913,M14913,M,298.0,307.3,1506,39.9,105,0,0,0,0,0,0
4914,L14914,L,298.1,305.8,1472,43.6,20,0,0,0,0,0,0
4915,L14915,L,298.1,307.2,1581,35.9,207,0,0,0,0,0,0
4916,H14916,H,298.1,307.1,1403,44.7,194,0,0,0,0,0,0
4917,L14917,L,298.1,308.2,1603,44.2,95,0,0,0,0,0,0
4918,L14918,L,298.1,307.5,1418,47.4,9,0,0,0,0,0,0
4919,M14919,M,298.1,310.2,1458,44.8,61,0,0,0,0,0,0
4920,L14920,L,298.1,307.1,1590,41.7,223,0,0,0,0,0,0
4921,H14921,H,298.2,309.6,1550,36.2,135,0,0,0,0,0,0
4922,M14922,M,298.2,308.4,1375,32.2,223,0,0,0,0,0,0
4923,M14923,M,298.2,309.0,1606,41.3,113,0,0,0,0,0,0
4924,H14924,H,298.2,308.9,1509,37.6,3,0,0,0,0,0,0
4925,L14925,L,298.2,305.9,1286,38.2,156,1,0,1,0,0,0
4926,L14926,L,298.2,308.2,1416,46.7,139,0,0,0,0,0,0
4927,L14927,L,298.2,307.9,1459,48.2,244,1,0,0,0,1,0
4928,L14928,L,298.1,307.0,1383,32.6,228,1,1,0,0,0,0
4929,M14929,M,298.1,308.6,1634,38.7,99,0,0,0,0,0,0
4930,H14930,H,298.1,309.8,1463,37.4,178,0,0,0,0,0,0
4931,L14931,L,298.1,305.5,1546,41.9,18,0,0,0,0,0,0
4932,L14932,L,298.1,307.6,1521,26.4,228,0,0,0,0,0,0
4933,H14933,H,298.1,306.9,1571,31.2,110,0,0,0,0,0,0
4934,L14934,L,298.2,308.2,1667,39.3,30,0,0,0,0,0,0
4935,L14935,L,298.2,307.9,1568,44.7,107,0,0,0,0,0,0
4936,L14936,L,298.1,307.5,1674,40.5,25,0,0,0,0,0,0
4937,H14937,H,298.1,308.8,1570,44.0,108,0,0,0,0,0,0
4938,M14938,M,298.1,309.7,1513,41.2,133,0,0,0,0,0,0
4939,M14939,M,298.1,310.7,1532,47.7,28,0,0,0,0,0,0
4940,H14940,H,298.1,307.4,1237,48.9,16,0,0,0,0,0,0
4941,L14941,L,298.1,306.2,1454,35.4,250,0,0,0,0,0,0
4942,L14942,L,298.0,308.6,1486,45.3,147,0,0,0,0,0,0
4943,H14943,H,298.0,309.6,1544,43.0,169,0,0,0,0,0,0
4944,L14944,L,298.0,308.8,1497,55.0,109,0,0,0,0,0,0
4945,M14945,M,298.1,309.7,1533,35.2,174,0,0,0,0,0,0
4946,H14946,H,298.1,307.9,1368,39.3,73,0,0,0,0,0,0
4947,M14947,M,298.2,307.6,1342,33.8,197,0,0,0,0,0,0
4948,M14948,M,298.1,308.3,1382,34.2,239,0,0,0,0,0,0
4949,H14949,H,298.1,307.7,1657,42.3,95,0,0,0,0,0,0
4950,H14950,H,298.0,308.7,1373,41.2,1,0,0,0,0,0,0
4951,L14951,L,298.1,309.0,1421,43.2,201,0,0,0,0,0,0
4952,L14952,L,298.2,309.2,1511,43.1,36,0,0,0,0,0,0
4953,L14953,L,298.1,308.6,1341,38.6,90,0,0,0,0,0,0
4954,M14954,M,298.1,308.3,1413,38.5,232,0,0,0,0,0,0
4955,L14955,L,298.0,308.8,1568,34.2,146,0,0,0,0,0,0
4956,M14956,M,297.9,306.0,1456,35.8,242,0,0,0,0,0,0
4957,L14957,L,298.0,308.2,1668,39.7,40,0,0,0,0,0,0
4958,M14958,M,298.0,308.0,1330,41.2,143,0,0,0,0,0,0
4959,L14959,L,298.0,308.2,1465,44.3,114,0,0,0,0,0,0
4960,M14960,M,297.9,307.8,1456,43.7,211,0,0,0,0,0,0
4961,M14961,M,298.0,308.4,1499,49.3,187,0,0,0,0,0,0
4962,L14962,L,298.0,307.4,1377,34.2,184,0,0,0,0,0,0
4963,L14963,L,298.0,309.1,1442,38.6,227,0,0,0,0,0,0
4964,M14964,M,297.9,308.4,1579,34.7,63,0,0,0,0,0,0
4965,L14965,L,297.9,308.1,1473,47.7,4,0,0,0,0,0,0
4966,L14966,L,297.9,307.2,1393,37.0,145,0,0,0,0,0,0
4967,H14967,H,298.0,308.8,1708,46.9,71,0,0,0,0,0,0
4968,M14968,M,298.0,308.2,1505,48.7,140,0,0,0,0,0,0
4969,H14969,H,298.0,307.2,1561,42.5,104,0,0,0,0,0,0
4970,L14970,L,297.9,307.9,1576,41.8,73,0,0,0,0,0,0
4971,L14971,L,297.9,308.6,1493,40.2,35,0,0,0,0,0,0
4972,H14972,H,297.9,308.5,1421,38.1,146,0,0,0,0,0,0
4973,M14973,M,298.0,308.4,1520,37.4,158,0,0,0,0,0,0
4974,M14974,M,298.0,308.1,1430,39.1,227,0,0,0,0,0,0
4975,L14975,L,297.9,308.9,1537,50.9,92,0,0,0,0,0,0
4976,L14976,L,297.8,309.1,1484,33.7,108,0,0,0,0,0,0
4977,L14977,L,297.7,308.5,1603,41.2,22,0,0,0,0,0,0
4978,L14978,L,297.8,307.2,1386,44.3,159,0,0,0,0,0,0
4979,L14979,L,297.8,306.8,1572,38.3,112,0,0,0,0,0,0
4980,L14980,L,297.9,307.3,1561,42.5,250,0,0,0,0,0,0
4981,H14981,H,297.9,309.8,1476,31.0,10,0,0,0,0,0,0
4982,L14982,L,297.8,308.0,1573,48.0,193,0,0,0,0,0,0
4983,M14983,M,297.7,309.8,1542,46.8,223,0,0,0,0,0,0
4984,H14984,H,297.7,307.6,1567,39.4,249,0,0,0,0,0,0
4985,M14985,M,297.7,307.5,1560,34.7,132,0,0,0,0,0,0
4986,L14986,L,297.7,307.6,1505,44.8,248,1,0,0,0,1,0
4987,M14987,M,297.7,307.6,1440,33.1,94,0,0,0,0,0,0
4988,M14988,M,297.7,307.0,1439,34.0,12,0,0,0,0,0,0
4989,M14989,M,297.7,306.6,1479,39.7,85,0,0,0,0,0,0
4990,M14990,M,297.7,308.2,1584,49.1,191,0,0,0,0,0,0
4991,H14991,H,297.8,308.8,1563,43.8,34,0,0,0,0,0,0
4992,M14992,M,297.7,310.2,1601,36.1,82,0,0,0,0,0,0
4993,L14993,L,297.7,307.2,1611,29.9,28,0,0,0,0,0,0
4994,M14994,M,297.6,307.3,1478,40.2,150,0,0,0,0,0,0
4995,L14995,L,297.6,306.8,1696,41.5,82,0,0,0,0,0,0
4996,H14996,H,297.7,308.8,1490,39.6,79,0,0,0,0,0,0
4997,L14997,L,297.7,308.5,1451,50.8,94,0,0,0,0,0,0
4998,L14998,L,297.7,306.8,1533,39.2,143,0,0,0,0,0,0
4999,H14999,H,297.6,306.7,1548,26.3,153,0,0,0,0,0,0
5000,M15000,M,297.6,308.6,1426,37.6,2,0,0,0,0,0,0
5001,L15001,L,297.6,308.0,1484,42.7,121,0,0,0,0,0,0
5002,L15002,L,297.6,308.4,1455,42.3,123,0,0,0,0,0,0
5003,H15003,H,297.7,306.8,1514,38.9,22,0,0,0,0,0,0
5004,L15004,L,297.7,305.8,1580,37.9,184,0,0,0,0,0,0
5005,H15005,H,297.6,306.7,1473,28.0,136,0,0,0,0,0,0
5006,L15006,L,297.5,308.2,1557,40.5,178,0,0,0,0,0,0
5007,M15007,M,297.5,309.6,1361,38.0,215,0,0,0,0,0,0
5008,H15008,H,297.5,307.0,1589,41.5,32,0,0,0,0,0,0
5009,L15009,L,297.5,309.8,1455,42.9,205,0,0,0,0,0,0
5010,L15010,L,297.5,308.3,1453,47.4,91,0,0,0,0,0,0
5011,L15011,L,297.5,306.1,1540,34.3,23,0,0,0,0,0,0
5012,M15012,M,297.5,307.7,1545,32.2,106,0,0,0,0,0,0
5013,M15013,M,297.6,308.4,1489,36.6,49,0,0,0,0,0,0
5014,M15014,M,297.7,305.3,1411,35.6,51,0,0,0,0,0,0
5015,L15015,L,297.7,308.3,1452,35.0,198,0,0,0,0,0,0
5016,L15016,L,297.7,308.9,1510,48.7,37,0,0,0,0,0,0
5017,L15017,L,297.7,308.1,1549,40.9,43,0,0,0,0,0,0
5018,L15018,L,297.7,307.6,1418,51.8,88,0,0,0,0,0,0
5019,M15019,M,297.6,307.5,1436,40.0,125,0,0,0,0,0,0
5020,H15020,H,297.6,307.4,1526,33.0,55,0,0,0,0,0,0
5021,M15021,M,297.5,306.4,1492,35.2,193,0,0,0,0,0,0
5022,L15022,L,297.6,306.9,1515,46.1,44,0,0,0,0,0,0
5023,H15023,H,297.5,307.1,1239,33.2,179,0,0,0,0,0,0
5024,M15024,M,297.4,307.5,1471,43.3,128,0,0,0,0,0,0
5025,H15025,H,297.4,306.9,1585,37.9,86,0,0,0,0,0,0
5026,M15026,M,297.4,306.6,1438,34.4,238,0,0,0,0,0,0
5027,L15027,L,297.5,308.3,1549,48.3,115,0,0,0,0,0,0
5028,L15028,L,297.5,307.9,1379,36.5,231,0,0,0,0,0,0
5029,M15029,M,297.4,306.9,1344,35.0,209,0,0,0,0,0,0
5030,L15030,L,297.3,307.8,1542,39.5,63,0,0,0,0,0,0
5031,L15031,L,297.3,306.8,1495,37.0,238,0,0,0,0,0,0
5032,M15032,M,297.3,307.3,1466,53.3,135,0,0,0,0,0,0
5033,M15033,M,297.3,308.3,1585,46.4,225,0,0,0,0,0,0
5034,M15034,M,297.3,306.7,1469,36.5,170,0,0,0,0,0,0
5035,L15035,L,297.4,306.2,1437,37.1,135,0,0,0,0,0,0
5036,L15036,L,297.3,307.2,1426,27.9,28,0,0,0,0,0,0
5037,M15037,M,297.4,306.0,1405,40.8,12,0,0,0,0,0,0
5038,H15038,H,297.4,307.1,1547,35.5,128,0,0,0,0,0,0
5039,M15039,M,297.3,307.0,1469,40.5,28,0,0,0,0,0,0
5040,H15040,H,297.4,304.9,1614,28.2,177,0,0,0,0,0,0
5041,M15041,M,297.4,307.9,1205,39.8,36,0,0,0,0,0,0
5042,M15042,M,297.4,307.2,1592,50.2,0,0,0,0,0,0,0
5043,L15043,L,297.3,308.5,1536,40.3,107,0,0,0,0,0,0
5044,M15044,M,297.4,307.6,1491,35.4,68,0,0,0,0,0,0
5045,M15045,M,297.3,308.1,1371,39.9,116,0,0,0,0,0,0
5046,M15046,M,297.4,308.6,1334,39.6,175,0,0,0,0,0,0
5047,L15047,L,297.4,307.3,1575,53.2,182,0,0,0,0,0,0
5048,M15048,M,297.4,307.4,1524,38.0,241,0,0,0,0,0,0
5049,L15049,L,297.5,305.9,1522,32.8,193,0,0,0,0,0,0
5050,M15050,M,297.5,308.7,1490,40.1,110,0,0,0,0,0,0
5051,L15051,L,297.5,307.4,1585,41.2,62,0,0,0,0,0,0
5052,H15052,H,297.4,306.4,1441,43.4,21,0,0,0,0,0,0
5053,L15053,L,297.5,308.3,1466,44.5,93,0,0,0,0,0,0
5054,L15054,L,297.5,305.3,1482,51.7,10,0,0,0,0,0,0
5055,L15055,L,297.5,307.1,1479,36.4,28,0,0,0,0,0,0
5056,M15056,M,297.5,308.4,1634,35.9,105,0,0,0,0,0,0
5057,L15057,L,297.5,307.0,1375,28.9,2,0,0,0,0,0,0
5058,L15058,L,297.5,306.8,1305,44.0,172,0,0,0,0,0,0
5059,M15059,M,297.5,307.1,1355,34.7,204,0,0,0,0,0,0
5060,L15060,L,297.5,305.5,1568,45.4,247,1,0,0,0,1,0
5061,H15061,H,297.5,308.2,1490,37.1,2,0,0,0,0,0,0
5062,H15062,H,297.6,307.5,1340,50.4,73,0,0,0,0,0,0
5063,M15063,M,297.5,307.3,1510,31.4,195,0,0,0,0,0,0
5064,L15064,L,297.6,307.3,1468,46.1,13,0,0,0,0,0,0
5065,M15065,M,297.5,307.6,1556,45.4,214,0,0,0,0,0,0
5066,L15066,L,297.5,308.2,1579,43.2,80,0,0,0,0,0,0
5067,L15067,L,297.5,307.5,1752,33.3,64,0,0,0,0,0,0
5068,L15068,L,297.5,306.1,1382,43.2,184,0,0,0,0,0,0
5069,H15069,H,297.5,308.1,1314,40.8,142,0,0,0,0,0,0
5070,L15070,L,297.5,308.0,1559,29.0,187,0,0,0,0,0,0
5071,M15071,M,297.5,307.7,1599,49.3,181,0,0,0,0,0,0
5072,M15072,M,297.6,308.6,1372,37.9,116,0,0,0,0,0,0
5073,L15073,L,297.5,307.6,1373,48.9,129,0,0,0,0,0,0
5074,L15074,L,297.6,308.7,1534,39.6,81,0,0,0,0,0,0
5075,H15075,H,297.6,309.0,1671,45.9,191,0,0,0,0,0,0
5076,M15076,M,297.6,308.2,1412,34.8,230,0,0,0,0,0,0
5077,M15077,M,297.7,306.9,1509,41.3,213,1,1,0,0,0,0
5078,L15078,L,297.6,307.5,1310,40.9,27,0,0,0,0,0,0
5079,L15079,L,297.7,308.9,1480,38.1,93,0,0,0,0,0,0
5080,L15080,L,297.6,306.1,1489,34.8,204,0,0,0,0,0,0
5081,L15081,L,297.5,307.2,1647,21.6,247,0,0,0,0,0,0
5082,L15082,L,297.5,307.2,1429,34.9,66,0,0,0,0,0,0
5083,H15083,H,297.5,306.6,1569,44.2,2,0,0,0,0,0,0
5084,L15084,L,297.5,308.4,1423,31.6,236,0,0,0,0,0,0
5085,L15085,L,297.6,308.0,1509,32.9,180,0,0,0,0,0,0
5086,M15086,M,297.5,306.8,1708,31.4,153,0,0,0,0,0,0
5087,M15087,M,297.4,308.1,1679,41.3,3,0,0,0,0,0,0
5088,L15088,L,297.4,307.2,1696,34.6,143,0,0,0,0,0,0
5089,M15089,M,297.4,306.5,1540,47.3,91,0,0,0,0,0,0
5090,L15090,L,297.4,306.7,1479,44.4,71,0,0,0,0,0,0
5091,L15091,L,297.4,307.8,1528,41.2,181,0,0,0,0,0,0
5092,L15092,L,297.3,308.3,1547,41.8,103,0,0,0,0,0,0
5093,H15093,H,297.4,306.9,1539,35.4,15,0,0,0,0,0,0
5094,L15094,L,297.3,307.8,1429,35.4,30,0,0,0,0,0,0
5095,L15095,L,297.3,308.9,1425,44.3,86,0,0,0,0,0,0
5096,L15096,L,297.3,306.1,1440,45.5,129,0,0,0,0,0,0
5097,H15097,H,297.3,307.7,1607,44.2,72,0,0,0,0,0,0
5098,L15098,L,297.3,308.1,1618,37.2,90,0,0,0,0,0,0
5099,L15099,L,297.4,307.3,1818,37.7,172,0,0,0,0,0,0
5100,L15100,L,297.3,308.5,1543,34.4,53,0,0,0,0,0,0
5101,L15101,L,297.3,309.5,1421,44.6,186,0,0,0,0,0,0
5102,M15102,M,297.3,307.7,1452,28.2,186,0,0,0,0,0,0
5103,M15103,M,297.3,307.0,1484,26.8,149,0,0,0,0,0,0
5104,L15104,L,297.2,308.2,1651,28.0,235,0,0,0,0,0,0
5105,L15105,L,297.2,308.0,1573,27.1,161,0,0,0,0,0,0
5106,L15106,L,297.2,304.6,1365,48.1,72,1,0,1,0,0,0
5107,L15107,L,297.1,307.1,1494,44.7,224,0,0,0,0,0,0
5108,L15108,L,297.1,306.7,1353,32.8,127,0,0,0,0,0,0
5109,M15109,M,297.1,307.5,1559,39.4,229,0,0,0,0,0,0
5110,H15110,H,297.1,306.9,1429,48.8,183,0,0,0,0,0,0
5111,H15111,H,297.2,307.1,1439,43.0,161,0,0,0,0,0,0
5112,H15112,H,297.1,306.3,1312,52.7,98,0,0,0,0,0,0
5113,M15113,M,297.1,307.8,1576,39.3,249,0,0,0,0,0,0
5114,M15114,M,297.2,308.8,1621,36.1,238,0,0,0,0,0,0
5115,L15115,L,297.1,306.3,1431,33.5,153,0,0,0,0,0,0
5116,M15116,M,297.1,305.7,1484,40.1,198,0,0,0,0,0,0
5117,L15117,L,297.0,307.0,1452,45.6,172,0,0,0,0,0,0
5118,L15118,L,297.0,307.0,1478,40.6,239,0,0,0,0,0,0
5119,M15119,M,297.0,308.2,1418,37.9,236,0,0,0,0,0,0
5120,L15120,L,297.0,305.8,1390,47.5,218,0,0,0,0,0,0
5121,L15121,L,297.0,306.4,1637,43.2,75,0,0,0,0,0,0
5122,H15122,H,297.0,304.9,1236,39.3,208,1,0,1,0,0,0
5123,L15123,L,297.0,308.4,1550,35.4,148,0,0,0,0,0,0
5124,L15124,L,297.1,307.4,1528,38.5,170,0,0,0,0,0,0
5125,H15125,H,297.1,306.7,1665,42.8,85,0,0,0,0,0,0
5126,M15126,M,297.2,305.9,1476,35.3,217,0,0,0,0,0,0
5127,M15127,M,297.2,306.0,1463,32.6,38,0,0,0,0,0,0
5128,L15128,L,297.2,307.7,1419,37.1,140,0,0,0,0,0,0
5129,L15129,L,297.2,306.1,1536,39.7,233,0,0,0,0,0,0
5130,H15130,H,297.2,307.3,1429,48.2,169,0,0,0,0,0,0
5131,M15131,M,297.2,309.3,1387,33.0,44,0,0,0,0,0,0
5132,M15132,M,297.2,306.9,1426,41.4,86,0,0,0,0,0,0
5133,L15133,L,297.2,306.3,1405,38.3,178,0,0,0,0,0,0
5134,L15134,L,297.3,307.7,1399,38.6,221,0,0,0,0,0,0
5135,H15135,H,297.4,306.2,1509,49.2,118,0,0,0,0,0,0
5136,L15136,L,297.4,309.2,1481,40.5,16,0,0,0,0,0,0
5137,M15137,M,297.5,308.9,1555,34.5,218,0,0,0,0,0,0
5138,L15138,L,297.5,307.3,1515,45.3,83,0,0,0,0,0,0
5139,M15139,M,297.5,306.6,1380,44.9,190,0,0,0,0,0,0
5140,H15140,H,297.6,307.2,1288,34.0,134,0,0,0,0,0,0
5141,M15141,M,297.5,307.3,1394,32.8,182,0,0,0,0,0,0
5142,L15142,L,297.5,307.9,1576,42.5,131,0,0,0,0,0,0
5143,M15143,M,297.6,308.6,1574,39.8,240,0,0,0,0,0,0
5144,M15144,M,297.6,306.5,1598,37.2,30,0,0,0,0,0,0
5145,L15145,L,297.5,308.5,1584,46.3,93,0,0,0,0,0,0
5146,H15146,H,297.6,308.2,1609,36.4,94,0,0,0,0,0,0
5147,M15147,M,297.6,307.1,1541,42.5,183,0,0,0,0,0,0
5148,H15148,H,297.6,306.6,1680,47.0,131,0,0,0,0,0,0
5149,M15149,M,297.6,307.8,1529,38.0,81,0,0,0,0,0,0
5150,L15150,L,297.6,306.6,1700,29.0,83,0,0,0,0,0,0
5151,L15151,L,297.6,308.7,1437,37.6,39,0,0,0,0,0,0
5152,L15152,L,297.7,306.6,1435,41.1,103,0,0,0,0,0,0
5153,H15153,H,297.7,308.3,1481,46.0,244,0,0,0,0,0,0
5154,M15154,M,297.8,307.8,1496,36.9,111,0,0,0,0,0,0
5155,M15155,M,297.8,307.2,1468,50.3,46,0,0,0,0,0,0
5156,L15156,L,297.8,307.7,1554,32.2,49,0,0,0,0,0,0
5157,L15157,L,297.8,308.9,1490,41.0,150,0,0,0,0,0,0
5158,M15158,M,297.7,306.5,1439,38.6,50,0,0,0,0,0,0
5159,L15159,L,297.7,307.3,1460,48.1,37,0,0,0,0,0,0
5160,L15160,L,297.7,307.0,1622,31.2,136,0,0,0,0,0,0
5161,M15161,M,297.8,307.7,1532,42.6,188,0,0,0,0,0,0
5162,L15162,L,297.9,307.2,1332,38.5,207,0,0,0,0,0,0
5163,L15163,L,297.9,306.1,1651,49.2,148,0,0,0,0,0,0
5164,L15164,L,297.9,306.9,1543,35.0,8,0,0,0,0,0,0
5165,L15165,L,297.9,309.6,1564,42.5,115,0,0,0,0,0,0
5166,H15166,H,298.0,308.3,1593,35.0,24,0,0,0,0,0,0
5167,L15167,L,298.1,308.4,1598,41.1,112,0,0,0,0,0,0
5168,L15168,L,298.2,307.9,1408,37.8,35,0,0,0,0,0,0
5169,L15169,L,298.1,308.1,1393,37.7,110,0,0,0,0,0,0
5170,M15170,M,298.1,307.7,1740,28.1,170,0,0,0,0,0,0
5171,L15171,L,298.1,308.6,1430,42.5,77,0,0,0,0,0,0
5172,M15172,M,298.1,308.2,1538,33.5,80,0,0,0,0,0,0
5173,L15173,L,298.2,307.0,1663,33.3,27,0,0,0,0,0,0
5174,L15174,L,298.2,308.4,1456,30.7,191,0,0,0,0,0,0
5175,L15175,L,298.2,305.7,1464,33.7,44,0,0,0,0,0,0
5176,H15176,H,298.2,308.6,1593,43.0,104,0,0,0,0,0,0
5177,H15177,H,298.2,306.8,1521,42.7,183,0,0,0,0,0,0
5178,L15178,L,298.3,308.2,1550,44.0,47,0,0,0,0,0,0
5179,M15179,M,298.3,307.1,1492,33.8,135,0,0,0,0,0,0
5180,H15180,H,298.3,308.3,1447,41.3,141,0,0,0,0,0,0
5181,L15181,L,298.4,309.0,1467,36.3,14,0,0,0,0,0,0
5182,H15182,H,298.4,309.9,1619,45.7,127,0,0,0,0,0,0
5183,L15183,L,298.3,306.8,1470,42.6,166,0,0,0,0,0,0
5184,H15184,H,298.3,309.3,1543,36.1,152,0,0,0,0,0,0
5185,M15185,M,298.3,308.4,1403,46.2,62,0,0,0,0,0,0
5186,H15186,H,298.3,307.8,1704,43.0,58,0,0,0,0,0,0
5187,M15187,M,298.3,309.1,1532,31.7,202,0,0,0,0,0,0
5188,L15188,L,298.3,308.1,1534,30.0,156,0,0,0,0,0,0
5189,H15189,H,298.3,309.0,1593,31.9,2,0,0,0,0,0,0
5190,L15190,L,298.4,307.4,1452,49.9,38,0,0,0,0,0,0
5191,L15191,L,298.4,307.7,1619,33.9,21,0,0,0,0,0,0
5192,M15192,M,298.4,309.3,1348,51.3,100,0,0,0,0,0,0
5193,M15193,M,298.4,309.9,1439,33.6,126,0,0,0,0,0,0
5194,H15194,H,298.3,308.3,1420,33.0,168,0,0,0,0,0,0
5195,L15195,L,298.4,305.6,1312,45.3,19,1,0,1,0,0,0
5196,M15196,M,298.4,308.2,1447,45.6,146,0,0,0,0,0,0
5197,M15197,M,298.5,308.5,1495,43.3,140,0,0,0,0,0,0
5198,L15198,L,298.5,308.2,1391,44.1,90,0,0,0,0,0,0
5199,L15199,L,298.5,308.8,1377,35.2,18,0,0,0,0,0,0
5200,L15200,L,298.5,308.0,1504,45.0,207,1,1,0,0,0,0
5201,L15201,L,298.5,309.3,1492,41.4,65,0,0,0,0,0,0
5202,H15202,H,298.4,307.2,1473,37.8,192,0,0,0,0,0,0
5203,M15203,M,298.4,309.7,1373,40.6,130,0,0,0,0,0,0
5204,M15204,M,298.3,309.9,1461,46.4,151,0,0,0,0,0,0
5205,H15205,H,298.4,307.5,1433,42.4,235,0,0,0,0,0,0
5206,L15206,L,298.3,307.3,1509,27.1,37,0,0,0,0,0,0
5207,H15207,H,298.2,308.6,1444,45.3,129,0,0,0,0,0,0
5208,L15208,L,298.2,307.0,1496,44.9,183,0,0,0,0,0,0
5209,H15209,H,298.2,307.7,1369,37.7,207,0,0,0,0,0,0
5210,L15210,L,298.1,309.2,1360,40.7,220,0,0,0,0,0,0
5211,H15211,H,298.2,308.9,1556,40.7,36,0,0,0,0,0,0
5212,L15212,L,298.2,310.2,1577,28.1,235,0,0,0,0,0,0
5213,L15213,L,298.3,308.4,1461,37.6,131,0,0,0,0,0,0
5214,M15214,M,298.2,307.6,1503,37.8,77,0,0,0,0,0,0
5215,L15215,L,298.4,308.4,1455,39.0,208,0,0,0,0,0,0
5216,M15216,M,298.3,308.2,1610,36.8,171,0,0,0,0,0,0
5217,L15217,L,298.4,308.3,1480,44.0,44,0,0,0,0,0,0
5218,M15218,M,298.4,308.4,1450,35.1,80,0,0,0,0,0,0
5219,L15219,L,298.3,307.4,1597,45.5,83,0,0,0,0,0,0
5220,L15220,L,298.4,308.7,1423,43.7,123,0,0,0,0,0,0
5221,L15221,L,298.4,307.0,1516,48.2,174,0,0,0,0,0,0
5222,L15222,L,298.3,307.6,1395,50.4,92,0,0,0,0,0,0
5223,L15223,L,298.3,308.2,1566,50.4,232,1,0,0,0,1,0
5224,L15224,L,298.3,306.0,1582,32.9,153,0,0,0,0,0,0
5225,L15225,L,298.3,309.1,1371,42.1,105,0,0,0,0,0,0
5226,L15226,L,298.2,306.1,1356,35.7,101,1,0,1,0,0,0
5227,M15227,M,298.2,308.9,1529,59.7,208,1,0,0,1,1,0
5228,H15228,H,298.2,306.9,1694,43.7,203,0,0,0,0,0,0
5229,L15229,L,298.2,307.7,1588,48.5,247,1,0,0,0,1,0
5230,M15230,M,298.2,308.7,1479,42.6,91,0,0,0,0,0,0
5231,M15231,M,298.2,310.4,1415,24.2,136,0,0,0,0,0,0
5232,L15232,L,298.3,308.4,1378,35.3,95,0,0,0,0,0,0
5233,M15233,M,298.3,306.3,1572,35.9,225,0,0,0,0,0,0
5234,L15234,L,298.3,309.2,1592,37.7,79,0,0,0,0,0,0
5235,M15235,M,298.3,308.0,1437,42.2,47,0,0,0,0,0,0
5236,L15236,L,298.3,308.4,1475,43.0,245,0,0,0,0,0,0
5237,M15237,M,298.3,308.8,1505,24.2,30,0,0,0,0,0,0
5238,M15238,M,298.2,306.0,1681,38.6,182,0,0,0,0,0,0
5239,L15239,L,298.3,308.3,1507,37.1,218,0,0,0,0,0,0
5240,L15240,L,298.3,307.8,1402,48.3,220,0,0,0,0,0,0
5241,H15241,H,298.3,309.5,1384,43.6,0,0,0,0,0,0,0
5242,L15242,L,298.3,309.0,1409,38.9,125,0,0,0,0,0,0
5243,M15243,M,298.3,306.7,1626,41.3,218,0,0,0,0,0,0
5244,H15244,H,298.3,309.6,1551,29.9,244,0,0,0,0,0,0
5245,M15245,M,298.3,308.7,1465,44.0,223,0,0,0,0,0,0
5246,M15246,M,298.3,306.7,1207,37.6,186,1,0,1,0,0,0
5247,M15247,M,298.3,308.4,1415,35.2,138,0,0,0,0,0,0
5248,H15248,H,298.4,309.4,1534,47.9,244,0,0,0,0,0,0
5249,L15249,L,298.3,307.1,1535,41.6,226,0,0,0,0,0,0
5250,L15250,L,298.3,309.7,1534,36.0,129,0,0,0,0,0,0
5251,L15251,L,298.3,306.8,1365,36.4,45,1,0,1,0,0,0
5252,H15252,H,298.4,307.6,1518,42.2,0,0,0,0,0,0,0
5253,M15253,M,298.3,307.4,1402,41.7,69,0,0,0,0,0,0
5254,L15254,L,298.4,309.8,1500,40.2,198,0,0,0,0,0,0
5255,H15255,H,298.3,307.8,1423,32.8,65,0,0,0,0,0,0
5256,L15256,L,298.3,307.2,1607,33.7,1,0,0,0,0,0,0
5257,L15257,L,298.3,308.7,1534,35.5,238,0,0,0,0,0,0
5258,M15258,M,298.4,309.0,1486,38.8,244,0,0,0,0,0,0
5259,L15259,L,298.3,309.0,1638,39.8,68,0,0,0,0,0,0
5260,H15260,H,298.3,308.1,1463,39.0,12,0,0,0,0,0,0
5261,L15261,L,298.3,308.6,1358,39.3,146,0,0,0,0,0,0
5262,H15262,H,298.3,307.7,1606,51.3,82,0,0,0,0,0,0
5263,M15263,M,298.3,310.0,1525,45.1,46,0,0,0,0,0,0
5264,L15264,L,298.4,309.5,1468,47.1,128,0,0,0,0,0,0
5265,H15265,H,298.3,309.4,1436,42.8,226,0,0,0,0,0,0
5266,M15266,M,298.3,309.1,1551,40.4,248,0,0,0,0,0,0
5267,L15267,L,298.3,308.8,1581,42.5,145,0,0,0,0,0,0
5268,L15268,L,298.2,307.0,1423,41.4,112,0,0,0,0,0,0
5269,H15269,H,298.2,308.8,1557,44.8,248,0,0,0,0,0,0
5270,L15270,L,298.3,308.5,1525,34.1,31,0,0,0,0,0,0
5271,L15271,L,298.3,309.6,1417,44.3,95,0,0,0,0,0,0
5272,L15272,L,298.4,309.2,1500,41.0,244,0,0,0,0,0,0
5273,L15273,L,298.3,308.9,1445,29.2,199,0,0,0,0,0,0
5274,M15274,M,298.3,306.7,1624,40.5,10,0,0,0,0,0,0
5275,L15275,L,298.4,308.3,1435,32.2,147,0,0,0,0,0,0
5276,L15276,L,298.4,307.9,1651,36.8,7,0,0,0,0,0,0
5277,L15277,L,298.4,308.7,1513,39.0,219,0,0,0,0,0,0
5278,L15278,L,298.5,308.1,1325,31.0,212,0,0,0,0,0,0
5279,H15279,H,298.5,308.2,1283,39.7,101,0,0,0,0,0,0
5280,L15280,L,298.5,309.0,1479,40.4,165,0,0,0,0,0,0
5281,H15281,H,298.5,308.1,1633,44.5,5,0,0,0,0,0,0
5282,L15282,L,298.5,308.6,1623,37.3,1,0,0,0,0,0,0
5283,L15283,L,298.4,306.9,1517,41.6,201,0,0,0,0,0,0
5284,H15284,H,298.5,307.6,1426,39.4,233,0,0,0,0,0,0
5285,L15285,L,298.4,309.1,1458,37.5,72,0,0,0,0,0,0
5286,M15286,M,298.6,307.3,1521,30.0,182,0,0,0,0,0,0
5287,H15287,H,298.5,309.8,1609,39.3,2,0,0,0,0,0,0
5288,L15288,L,298.6,309.5,1557,44.5,65,0,0,0,0,0,0
5289,L15289,L,298.6,308.3,1597,34.4,227,0,0,0,0,0,0
5290,M15290,M,298.6,311.6,1564,38.7,199,0,0,0,0,0,0
5291,L15291,L,298.6,309.8,1594,39.6,200,0,0,0,0,0,0
5292,L15292,L,298.5,307.6,1274,46.6,25,0,0,0,0,0,0
5293,L15293,L,298.5,309.3,1411,40.2,225,0,0,0,0,0,0
5294,L15294,L,298.4,308.5,1390,41.7,175,0,0,0,0,0,0
5295,M15295,M,298.4,307.6,1380,39.9,93,0,0,0,0,0,0
5296,L15296,L,298.3,307.2,1501,37.0,101,0,0,0,0,0,0
5297,L15297,L,298.4,309.4,1355,33.2,135,0,0,0,0,0,0
5298,M15298,M,298.4,307.8,1406,38.3,194,0,0,0,0,0,0
5299,L15299,L,298.4,308.3,1490,42.4,74,0,0,0,0,0,0
5300,L15300,L,298.5,307.5,1340,40.7,88,0,0,0,0,0,0
5301,M15301,M,298.5,307.7,1451,48.9,115,0,0,0,0,0,0
5302,L15302,L,298.5,308.4,1564,45.7,196,0,0,0,0,0,0
5303,M15303,M,298.5,308.9,1377,47.4,203,0,0,0,0,0,0
5304,H15304,H,298.5,305.9,1580,27.8,246,0,0,0,0,0,0
5305,L15305,L,298.6,308.6,1419,49.5,29,0,0,0,0,0,0
5306,M15306,M,298.5,307.7,1527,41.6,154,0,0,0,0,0,0
5307,L15307,L,298.6,310.0,1389,42.5,42,0,0,0,0,0,0
5308,L15308,L,298.6,311.6,1545,45.4,132,0,0,0,0,0,0
5309,H15309,H,298.6,308.3,1470,40.1,19,0,0,0,0,0,0
5310,H15310,H,298.7,307.0,1547,33.6,51,0,0,0,0,0,0
5311,L15311,L,298.8,308.9,1445,48.7,20,0,0,0,0,0,0
5312,M15312,M,298.8,308.5,1556,35.4,130,0,0,0,0,0,0
5313,H15313,H,298.8,310.7,1585,34.1,40,0,0,0,0,0,0
5314,H15314,H,298.7,310.4,1512,38.6,123,0,0,0,0,0,0
5315,M15315,M,298.7,309.5,1452,37.7,241,0,0,0,0,0,0
5316,L15316,L,298.7,308.1,1477,40.0,191,0,0,0,0,0,0
5317,L15317,L,298.7,309.4,1374,39.4,107,0,0,0,0,0,0
5318,H15318,H,298.8,309.0,1520,48.1,246,0,0,0,0,0,0
5319,L15319,L,298.8,309.0,1562,42.8,195,0,0,0,0,0,0
5320,M15320,M,298.7,307.1,1657,34.9,215,0,0,0,0,0,0
5321,L15321,L,298.7,309.8,1631,35.7,198,0,0,0,0,0,0
5322,L15322,L,298.8,308.9,1402,37.7,151,0,0,0,0,0,0
5323,L15323,L,298.9,308.8,1521,37.7,51,0,0,0,0,0,0
5324,H15324,H,298.9,308.3,1487,36.9,202,0,0,0,0,0,0
5325,L15325,L,298.9,308.1,1622,33.4,1,0,0,0,0,0,0
5326,M15326,M,299.1,309.4,1429,41.7,246,0,0,0,0,0,0
5327,L15327,L,299.1,307.3,1588,37.3,43,0,0,0,0,0,0
5328,L15328,L,299.0,309.8,1401,34.3,40,0,0,0,0,0,0
5329,L15329,L,299.0,307.9,1489,42.9,69,0,0,0,0,0,0
5330,M15330,M,299.0,307.0,1412,45.1,6,0,0,0,0,0,0
5331,L15331,L,298.9,310.8,1303,38.5,37,0,0,0,0,0,0
5332,L15332,L,298.9,308.1,1410,50.7,209,0,0,0,0,0,0
5333,L15333,L,299.0,308.2,1474,53.3,172,0,0,0,0,0,0
5334,L15334,L,299.0,310.2,1643,43.0,8,0,0,0,0,0,0
5335,H15335,H,299.1,311.0,1391,37.2,52,0,0,0,0,0,0
5336,H15336,H,299.1,307.6,1439,41.6,27,0,0,0,0,0,0
5337,L15337,L,299.0,308.1,1356,32.7,127,0,0,0,0,0,0
5338,M15338,M,299.1,308.2,1616,34.8,18,0,0,0,0,0,0
5339,H15339,H,299.1,310.0,1454,29.9,195,0,0,0,0,0,0
5340,L15340,L,299.1,310.8,1466,36.2,131,0,0,0,0,0,0
5341,H15341,H,299.0,308.0,1465,32.6,12,0,0,0,0,0,0
5342,H15342,H,299.0,310.4,1305,43.7,219,0,0,0,0,0,0
5343,L15343,L,298.9,308.2,1353,35.5,248,0,0,0,0,0,0
5344,L15344,L,298.9,309.2,1405,41.7,10,0,0,0,0,0,0
5345,H15345,H,298.9,307.6,1562,44.5,244,0,0,0,0,0,0
5346,M15346,M,298.8,308.7,1250,47.0,1,0,0,0,0,0,0
5347,L15347,L,298.9,308.8,1554,37.9,197,0,0,0,0,0,0
5348,L15348,L,298.9,308.6,1534,41.9,139,0,0,0,0,0,0
5349,L15349,L,299.0,309.4,1319,42.1,125,0,0,0,0,0,0
5350,M15350,M,298.9,307.9,1468,47.6,246,0,0,0,0,0,0
5351,M15351,M,298.9,308.0,1616,44.7,231,0,0,0,0,0,0
5352,H15352,H,298.9,309.3,1393,47.8,164,0,0,0,0,0,0
5353,L15353,L,298.9,310.2,1445,30.0,55,0,0,0,0,0,0
5354,M15354,M,298.8,308.8,1776,36.0,87,0,0,0,0,0,0
5355,M15355,M,298.8,309.3,1533,46.2,51,0,0,0,0,0,0
5356,L15356,L,298.8,309.6,1474,43.5,246,0,0,0,0,0,0
5357,L15357,L,298.9,309.7,1452,39.2,124,0,0,0,0,0,0
5358,H15358,H,298.9,308.0,1537,37.2,200,0,0,0,0,0,0
5359,H15359,H,298.9,308.2,1568,44.7,217,0,0,0,0,0,0
5360,L15360,L,299.0,308.3,1284,28.1,131,0,0,0,0,0,0
5361,M15361,M,299.0,310.9,1277,44.8,104,0,0,0,0,0,0
5362,L15362,L,299.0,309.5,1400,40.5,235,0,0,0,0,0,0
5363,M15363,M,299.0,309.4,1485,37.1,131,0,0,0,0,0,0
5364,M15364,M,299.0,309.4,1508,43.0,176,0,0,0,0,0,0
5365,M15365,M,299.0,307.7,1330,37.7,51,0,0,0,0,0,0
5366,H15366,H,299.1,311.0,1480,40.2,33,0,0,0,0,0,0
5367,M15367,M,299.1,309.6,1493,39.7,21,0,0,0,0,0,0
5368,L15368,L,299.1,309.8,1415,44.5,140,0,0,0,0,0,0
5369,M15369,M,299.1,307.3,1447,41.0,62,0,0,0,0,0,0
5370,L15370,L,299.1,309.9,1427,28.5,14,0,0,0,0,0,0
5371,L15371,L,299.1,308.7,1546,31.6,167,0,0,0,0,0,0
5372,L15372,L,299.1,307.8,1501,33.5,37,0,0,0,0,0,0
5373,L15373,L,299.1,308.2,1386,42.7,104,0,0,0,0,0,0
5374,M15374,M,299.2,307.9,1596,43.3,245,0,0,0,0,0,0
5375,L15375,L,299.2,307.9,1363,50.0,234,1,0,0,0,1,0
5376,M15376,M,299.1,309.1,1329,33.9,54,0,0,0,0,0,0
5377,M15377,M,299.1,308.7,1475,47.9,171,0,0,0,0,0,0
5378,L15378,L,299.1,309.4,1475,28.4,116,0,0,0,0,0,0
5379,H15379,H,299.0,310.7,1507,40.1,119,0,0,0,0,0,0
5380,L15380,L,299.0,308.9,1382,41.5,65,0,0,0,0,0,0
5381,L15381,L,299.0,306.8,1589,41.4,65,0,0,0,0,0,0
5382,M15382,M,299.0,308.8,1671,38.1,170,0,0,0,0,0,0
5383,L15383,L,299.0,310.2,1498,40.7,71,0,0,0,0,0,0
5384,L15384,L,299.0,308.9,1532,32.6,165,0,0,0,0,0,0
5385,M15385,M,298.9,310.5,1288,45.2,209,0,0,0,0,0,0
5386,M15386,M,299.0,309.4,1457,41.5,245,0,0,0,0,0,0
5387,L15387,L,299.0,307.2,1430,42.2,156,0,0,0,0,0,0
5388,H15388,H,299.0,309.1,1414,38.3,74,0,0,0,0,0,0
5389,M15389,M,299.0,309.3,1434,38.0,183,0,0,0,0,0,0
5390,H15390,H,299.0,310.1,1444,43.1,133,0,0,0,0,0,0
5391,L15391,L,299.1,310.9,1355,49.5,8,0,0,0,0,0,0
5392,M15392,M,299.1,310.0,1451,31.6,149,0,0,0,0,0,0
5393,H15393,H,299.2,309.6,1396,31.3,173,0,0,0,0,0,0
5394,M15394,M,299.2,309.9,1579,41.6,242,0,0,0,0,0,0
5395,M15395,M,299.3,309.1,1533,38.0,88,0,0,0,0,0,0
5396,L15396,L,299.3,307.9,1533,40.7,249,0,0,0,0,0,0
5397,L15397,L,299.3,309.4,1598,39.9,30,0,0,0,0,0,0
5398,L15398,L,299.4,309.8,1417,43.7,20,0,0,0,0,0,0
5399,L15399,L,299.3,308.1,1527,38.3,37,0,0,0,0,0,0
5400,H15400,H,299.3,310.6,1607,32.8,51,0,0,0,0,0,0
5401,L15401,L,299.3,310.3,1410,35.3,146,0,0,0,0,0,0
5402,H15402,H,299.3,307.9,1297,39.0,137,0,0,0,0,0,0
5403,H15403,H,299.3,310.6,1431,32.5,173,0,0,0,0,0,0
5404,L15404,L,299.3,309.0,1596,39.8,228,0,0,0,0,0,0
5405,L15405,L,299.2,308.4,1405,40.4,75,0,0,0,0,0,0
5406,H15406,H,299.2,310.3,1453,37.9,82,0,0,0,0,0,0
5407,H15407,H,299.2,309.1,1422,41.3,193,0,0,0,0,0,0
5408,L15408,L,299.1,311.0,1481,30.3,78,0,0,0,0,0,0
5409,L15409,L,299.2,308.3,1395,34.3,37,0,0,0,0,0,0
5410,M15410,M,299.1,307.4,1352,33.1,61,1,0,1,0,0,0
5411,M15411,M,299.1,308.8,1456,45.3,71,0,0,0,0,0,0
5412,L15412,L,299.1,309.9,1473,53.8,173,0,0,0,0,0,0
5413,M15413,M,299.1,308.2,1612,34.7,162,0,0,0,0,0,0
5414,L15414,L,299.1,307.7,1507,38.6,101,0,0,0,0,0,0
5415,L15415,L,299.1,309.3,1383,35.8,170,0,0,0,0,0,0
5416,L15416,L,299.1,307.7,1427,41.3,127,0,0,0,0,0,0
5417,L15417,L,299.2,309.5,1571,36.3,157,0,0,0,0,0,0
5418,L15418,L,299.3,308.9,1458,41.7,72,0,0,0,0,0,0
5419,L15419,L,299.3,309.7,1391,44.0,62,0,0,0,0,0,0
5420,L15420,L,299.2,307.8,1508,32.7,157,0,0,0,0,0,0
5421,L15421,L,299.2,310.5,1421,41.6,112,0,0,0,0,0,0
5422,L15422,L,299.1,309.0,1548,29.2,82,0,0,0,0,0,0
5423,H15423,H,299.2,310.0,1536,38.5,156,0,0,0,0,0,0
5424,L15424,L,299.2,310.2,1385,38.1,193,0,0,0,0,0,0
5425,L15425,L,299.2,308.1,1678,38.6,219,0,0,0,0,0,0
5426,M15426,M,299.3,310.2,1488,38.1,199,0,0,0,0,0,0
5427,H15427,H,299.2,307.8,1234,37.0,216,1,0,1,0,0,0
5428,L15428,L,299.2,307.9,1538,38.4,201,0,0,0,0,0,0
5429,M15429,M,299.3,311.2,1240,41.4,21,0,0,0,0,0,0
5430,M15430,M,299.3,310.4,1604,41.6,162,0,0,0,0,0,0
5431,M15431,M,299.2,311.3,1506,40.7,169,0,0,0,0,0,0
5432,L15432,L,299.2,308.8,1485,36.6,151,0,0,0,0,0,0
5433,M15433,M,299.2,309.3,1492,46.5,25,0,0,0,0,0,0
5434,L15434,L,299.3,309.9,1550,49.2,158,0,0,0,0,0,0
5435,M15435,M,299.4,309.4,1443,32.3,86,0,0,0,0,0,0
5436,M15436,M,299.4,308.7,1491,41.0,129,0,0,0,0,0,0
5437,L15437,L,299.4,308.5,1503,37.2,250,0,0,0,0,0,0
5438,H15438,H,299.4,309.6,1203,45.6,166,0,0,0,0,0,0
5439,L15439,L,299.4,308.3,1551,39.9,96,0,0,0,0,0,0
5440,H15440,H,299.3,308.3,1568,40.3,215,0,0,0,0,0,0
5441,L15441,L,299.2,309.6,1537,43.0,139,0,0,0,0,0,0
5442,L15442,L,299.2,309.1,1530,38.2,228,1,1,0,0,0,0
5443,L15443,L,299.2,310.1,1651,50.1,72,0,0,0,0,0,0
5444,H15444,H,299.2,308.8,1487,43.1,171,0,0,0,0,0,0
5445,L15445,L,299.2,308.6,1491,45.6,42,0,0,0,0,0,0
5446,L15446,L,299.2,309.6,1426,38.7,235,0,0,0,0,0,0
5447,L15447,L,299.2,308.4,1300,39.3,194,0,0,0,0,0,0
5448,M15448,M,299.2,308.5,1537,44.9,235,0,0,0,0,0,0
5449,M15449,M,299.1,308.5,1437,44.3,214,0,0,0,0,0,0
5450,L15450,L,299.0,308.8,1299,32.5,87,0,0,0,0,0,0
5451,L15451,L,299.0,310.8,1484,40.8,96,0,0,0,0,0,0
5452,L15452,L,299.0,307.6,1481,42.8,221,0,0,0,0,0,0
5453,L15453,L,299.1,310.4,1468,39.2,165,0,0,0,0,0,0
5454,L15454,L,299.1,309.8,1505,42.3,234,0,0,0,0,0,0
5455,M15455,M,299.1,310.7,1335,39.5,193,0,0,0,0,0,0
5456,L15456,L,299.1,312.3,1591,26.5,39,0,0,0,0,0,0
5457,L15457,L,299.1,310.5,1535,32.1,149,0,0,0,0,0,0
5458,L15458,L,299.1,310.0,1616,45.8,202,0,0,0,0,0,0
5459,H15459,H,299.0,307.7,1436,38.5,190,0,0,0,0,0,0
5460,H15460,H,299.1,307.9,1535,41.1,186,0,0,0,0,0,0
5461,H15461,H,299.0,309.4,1305,40.0,203,0,0,0,0,0,0
5462,L15462,L,299.0,307.3,1408,35.0,18,0,0,0,0,0,0
5463,L15463,L,298.9,309.6,1354,37.2,19,0,0,0,0,0,0
5464,L15464,L,298.9,306.8,1517,42.0,118,0,0,0,0,0,0
5465,L15465,L,298.9,310.1,1381,42.6,72,0,0,0,0,0,0
5466,M15466,M,299.0,308.6,1448,53.1,170,0,0,0,0,0,0
5467,M15467,M,298.9,309.1,1491,37.1,185,0,0,0,0,0,0
5468,H15468,H,298.8,308.1,1451,50.0,81,0,0,0,0,0,0
5469,H15469,H,298.8,306.9,1360,34.8,104,1,0,1,0,0,0
5470,L15470,L,298.8,310.0,1656,42.9,238,0,0,0,0,0,0
5471,M15471,M,298.8,310.1,1503,41.1,53,0,0,0,0,0,0
5472,L15472,L,298.8,308.4,1657,39.2,81,0,0,0,0,0,0
5473,L15473,L,298.8,309.4,1388,40.0,39,0,0,0,0,0,0
5474,M15474,M,298.8,308.4,1454,36.3,99,0,0,0,0,0,0
5475,L15475,L,298.8,309.1,1500,45.4,26,0,0,0,0,0,0
5476,L15476,L,298.8,309.6,1645,34.9,140,0,0,0,0,0,0
5477,L15477,L,298.8,309.3,1656,41.9,46,0,0,0,0,0,0
5478,M15478,M,298.8,310.1,1448,44.5,199,0,0,0,0,0,0
5479,M15479,M,298.8,309.3,1419,48.3,111,0,0,0,0,0,0
5480,L15480,L,298.9,308.9,1491,45.8,234,0,0,0,0,0,0
5481,H15481,H,298.9,308.1,1612,43.4,150,0,0,0,0,0,0
5482,L15482,L,299.0,308.5,1505,36.2,118,0,0,0,0,0,0
5483,L15483,L,299.0,309.8,1523,35.3,58,0,0,0,0,0,0
5484,M15484,M,299.0,307.5,1611,33.2,76,0,0,0,0,0,0
5485,M15485,M,298.9,310.1,1594,32.6,125,0,0,0,0,0,0
5486,H15486,H,299.0,308.7,1598,40.0,6,0,0,0,0,0,0
5487,L15487,L,299.0,308.1,1562,35.6,49,0,0,0,0,0,0
5488,M15488,M,299.0,307.9,1635,47.2,103,0,0,0,0,0,0
5489,M15489,M,299.1,309.8,1378,36.5,65,0,0,0,0,0,0
5490,H15490,H,299.0,309.0,1725,40.6,130,0,0,0,0,0,0
5491,L15491,L,299.1,310.7,1606,38.4,105,0,0,0,0,0,0
5492,M15492,M,299.1,307.8,1484,31.6,166,0,0,0,0,0,0
5493,M15493,M,299.1,308.5,1611,46.5,214,0,0,0,0,0,0
5494,L15494,L,299.0,309.0,1465,44.2,6,0,0,0,0,0,0
5495,L15495,L,299.1,308.3,1547,44.9,195,0,0,0,0,0,0
5496,L15496,L,299.1,309.1,1559,43.6,244,0,0,0,0,0,0
5497,M15497,M,299.1,309.4,1586,35.4,182,0,0,0,0,0,0
5498,H15498,H,299.0,309.5,1454,35.6,7,0,0,0,0,0,0
5499,M15499,M,299.0,310.5,1588,42.7,31,0,0,0,0,0,0
5500,M15500,M,299.1,307.8,1456,49.3,18,0,0,0,0,0,0
5501,M15501,M,299.0,309.3,1573,42.3,117,0,0,0,0,0,0
5502,L15502,L,299.0,308.3,1498,45.9,139,0,0,0,0,0,0
5503,L15503,L,299.0,309.4,1318,36.8,56,0,0,0,0,0,0
5504,L15504,L,298.9,309.4,1426,46.6,137,0,0,0,0,0,0
5505,L15505,L,298.9,307.9,1585,37.5,205,0,0,0,0,0,0
5506,L15506,L,298.9,308.0,1470,41.4,90,0,0,0,0,0,0
5507,M15507,M,298.8,309.3,1621,37.8,235,0,0,0,0,0,0
5508,L15508,L,298.8,308.8,1379,45.3,20,0,0,0,0,0,0
5509,L15509,L,298.9,308.6,1570,45.4,147,0,0,0,0,0,0
5510,L15510,L,298.9,309.5,1495,31.1,120,0,0,0,0,0,0
5511,L15511,L,298.8,309.6,1475,48.0,131,0,0,0,0,0,0
5512,H15512,H,298.9,308.3,1382,54.3,146,0,0,0,0,0,0
5513,H15513,H,298.9,308.0,1521,37.9,28,0,0,0,0,0,0
5514,M15514,M,298.9,307.7,1399,39.2,70,0,0,0,0,0,0
5515,L15515,L,298.9,309.0,1436,47.4,63,0,0,0,0,0,0
5516,M15516,M,299.0,307.6,1486,40.4,244,0,0,0,0,0,0
5517,H15517,H,298.9,309.0,1463,40.0,224,0,0,0,0,0,0
5518,M15518,M,298.8,310.0,1603,51.4,199,0,0,0,0,0,0
5519,L15519,L,298.8,308.5,1241,31.9,138,0,0,0,0,0,0
5520,M15520,M,298.9,308.3,1482,35.3,32,0,0,0,0,0,0
5521,H15521,H,298.8,310.8,1464,42.5,24,0,0,0,0,0,0
5522,M15522,M,298.8,310.3,1499,30.3,160,0,0,0,0,0,0
5523,M15523,M,298.8,308.0,1446,37.8,227,0,0,0,0,0,0
5524,L15524,L,298.8,308.9,1602,37.7,25,0,0,0,0,0,0
5525,M15525,M,298.8,309.2,1474,45.8,35,0,0,0,0,0,0
5526,L15526,L,298.9,309.1,1513,44.2,10,0,0,0,0,0,0
5527,M15527,M,298.8,310.6,1589,29.9,29,0,0,0,0,0,0
5528,L15528,L,298.8,308.9,1505,35.8,56,0,0,0,0,0,0
5529,L15529,L,298.8,309.0,1373,35.9,96,0,0,0,0,0,0
5530,L15530,L,298.8,309.4,1457,38.7,137,0,0,0,0,0,0
5531,M15531,M,298.7,309.9,1488,33.4,220,0,0,0,0,0,0
5532,L15532,L,298.8,309.7,1335,42.7,24,0,0,0,0,0,0
5533,M15533,M,298.8,309.3,1429,35.8,95,0,0,0,0,0,0
5534,M15534,M,298.8,307.3,1493,43.5,195,0,0,0,0,0,0
5535,L15535,L,298.7,308.3,1701,40.0,246,0,0,0,0,0,0
5536,L15536,L,298.8,309.6,1537,34.2,56,0,0,0,0,0,0
5537,L15537,L,298.7,308.9,1516,48.3,122,0,0,0,0,0,0
5538,H15538,H,298.7,309.5,1669,48.5,230,0,0,0,0,0,0
5539,M15539,M,298.8,310.6,1559,41.7,33,0,0,0,0,0,0
5540,L15540,L,298.7,307.6,1573,38.6,85,0,0,0,0,0,0
5541,L15541,L,298.8,309.9,1459,33.7,204,0,0,0,0,0,0
5542,M15542,M,298.8,308.5,1373,46.4,53,0,0,0,0,0,0
5543,H15543,H,298.8,309.7,1526,44.9,50,0,0,0,0,0,0
5544,H15544,H,298.8,308.8,1682,35.1,227,1,1,0,0,0,0
5545,M15545,M,299.0,311.1,1651,35.9,5,0,0,0,0,0,0
5546,L15546,L,299.0,309.2,1566,42.7,186,0,0,0,0,0,0
5547,L15547,L,299.1,308.4,1431,32.9,53,0,0,0,0,0,0
5548,L15548,L,299.0,309.4,1345,36.2,16,0,0,0,0,0,0
5549,L15549,L,299.0,309.4,1418,33.8,153,0,0,0,0,0,0
5550,L15550,L,299.0,310.1,1522,33.9,87,0,0,0,0,0,0
5551,L15551,L,299.0,309.5,1453,35.7,136,0,0,0,0,0,0
5552,L15552,L,299.0,311.5,1600,45.4,1,0,0,0,0,0,0
5553,H15553,H,299.0,308.9,1351,29.5,19,0,0,0,0,0,0
5554,M15554,M,299.0,308.9,1487,42.6,90,0,0,0,0,0,0
5555,H15555,H,298.9,308.3,1423,41.5,5,0,0,0,0,0,0
5556,M15556,M,299.0,309.0,1599,45.8,241,0,0,0,0,0,0
5557,L15557,L,298.9,309.1,1554,41.5,218,0,0,0,0,0,0
5558,M15558,M,298.9,309.2,1417,37.7,118,0,0,0,0,0,0
5559,L15559,L,298.9,309.0,1585,35.1,245,0,0,0,0,0,0
5560,M15560,M,298.9,308.3,1338,45.9,215,0,0,0,0,0,0
5561,L15561,L,298.9,308.0,1321,43.0,78,0,0,0,0,0,0
5562,H15562,H,298.9,308.6,1411,37.0,54,0,0,0,0,0,0
5563,L15563,L,299.0,310.1,1302,45.5,47,0,0,0,0,0,0
5564,L15564,L,298.9,310.3,1489,37.3,57,0,0,0,0,0,0
5565,H15565,H,298.9,308.9,1492,40.0,224,0,0,0,0,0,0
5566,L15566,L,299.0,308.1,1459,36.4,169,0,0,0,0,0,0
5567,M15567,M,299.0,308.9,1554,43.2,201,0,0,0,0,0,0
5568,M15568,M,299.0,311.1,1428,34.0,148,0,0,0,0,0,0
5569,H15569,H,299.1,310.1,1370,38.2,5,0,0,0,0,0,0
5570,H15570,H,299.1,309.6,1420,36.1,29,0,0,0,0,0,0
5571,H15571,H,299.1,310.1,1378,41.6,150,0,0,0,0,0,0
5572,L15572,L,299.0,310.6,1439,42.3,35,0,0,0,0,0,0
5573,H15573,H,298.9,307.8,1560,33.4,109,0,0,0,0,0,0
5574,M15574,M,299.0,308.6,1324,42.4,120,0,0,0,0,0,0
5575,M15575,M,298.9,308.4,1466,31.1,240,0,0,0,0,0,0
5576,L15576,L,298.9,309.5,1596,53.2,2,0,0,0,0,0,0
5577,M15577,M,298.9,309.1,1607,36.9,89,0,0,0,0,0,0
5578,H15578,H,298.9,309.6,1432,46.3,161,0,0,0,0,0,0
5579,H15579,H,298.9,308.4,1721,41.2,29,0,0,0,0,0,0
5580,L15580,L,298.9,310.3,1395,41.5,209,0,0,0,0,0,0
5581,L15581,L,299.0,308.9,1477,33.0,208,0,0,0,0,0,0
5582,L15582,L,299.0,309.7,1383,45.1,236,0,0,0,0,0,0
5583,H15583,H,299.0,310.2,1543,40.3,114,0,0,0,0,0,0
5584,M15584,M,299.1,310.2,1780,42.8,169,0,0,0,0,0,0
5585,L15585,L,299.0,309.4,1684,39.5,148,0,0,0,0,0,0
5586,L15586,L,299.1,309.9,1585,40.8,117,0,0,0,0,0,0
5587,L15587,L,299.1,310.8,1439,34.7,87,0,0,0,0,0,0
5588,L15588,L,299.1,309.6,1483,39.1,3,0,0,0,0,0,0
5589,H15589,H,299.1,308.4,1612,37.5,176,0,0,0,0,0,0
5590,M15590,M,299.1,309.7,1575,35.8,175,0,0,0,0,0,0
5591,L15591,L,299.0,309.0,1508,40.8,216,0,0,0,0,0,0
5592,M15592,M,299.1,306.7,1514,42.2,50,0,0,0,0,0,0
5593,L15593,L,299.1,309.5,1606,41.5,23,0,0,0,0,0,0
5594,H15594,H,299.1,309.2,1630,39.4,45,0,0,0,0,0,0
5595,L15595,L,299.1,310.2,1350,42.5,115,0,0,0,0,0,0
5596,L15596,L,299.1,308.3,1523,41.5,26,0,0,0,0,0,0
5597,L15597,L,299.0,307.5,1558,40.6,94,0,0,0,0,0,0
5598,M15598,M,299.1,309.2,1447,41.0,110,0,0,0,0,0,0
5599,M15599,M,299.1,309.5,1628,47.1,178,0,0,0,0,0,0
5600,M15600,M,299.1,309.2,1471,32.8,98,0,0,0,0,0,0
5601,L15601,L,299.1,309.1,1631,38.1,115,0,0,0,0,0,0
5602,L15602,L,299.1,308.0,1463,42.0,19,0,0,0,0,0,0
5603,L15603,L,299.1,309.0,1526,30.5,79,0,0,0,0,0,0
5604,M15604,M,299.2,308.8,1524,48.3,94,0,0,0,0,0,0
5605,L15605,L,299.2,310.3,1666,41.5,198,0,0,0,0,0,0
5606,M15606,M,299.3,309.6,1574,45.7,145,0,0,0,0,0,0
5607,H15607,H,299.3,309.0,1454,46.7,135,0,0,0,0,0,0
5608,H15608,H,299.3,311.0,1473,42.5,154,0,0,0,0,0,0
5609,L15609,L,299.2,309.0,1472,26.6,13,0,0,0,0,0,0
5610,L15610,L,299.3,309.9,1502,40.9,145,0,0,0,0,0,0
5611,L15611,L,299.3,309.2,1406,41.3,64,0,0,0,0,0,0
5612,M15612,M,299.3,310.9,1492,33.5,247,0,0,0,0,0,0
5613,H15613,H,299.2,309.3,1637,29.3,158,0,0,0,0,0,0
5614,L15614,L,299.2,309.3,1632,42.8,19,0,0,0,0,0,0
5615,L15615,L,299.2,309.1,1344,32.5,69,0,0,0,0,0,0
5616,H15616,H,299.2,309.4,1328,52.4,44,0,0,0,0,0,0
5617,H15617,H,299.2,310.4,1441,41.6,0,0,0,0,0,0,0
5618,L15618,L,299.2,310.0,1322,48.1,146,0,0,0,0,0,0
5619,M15619,M,299.3,309.3,1374,40.2,38,0,0,0,0,0,0
5620,L15620,L,299.3,311.0,1535,44.5,118,0,0,0,0,0,0
5621,L15621,L,299.2,310.1,1496,40.3,154,0,0,0,0,0,0
5622,H15622,H,299.2,308.8,1328,46.0,55,0,0,0,0,0,0
5623,H15623,H,299.3,307.9,1617,27.8,143,0,0,0,0,0,0
5624,M15624,M,299.2,308.8,1458,45.3,205,0,0,0,0,0,0
5625,L15625,L,299.2,309.6,1448,44.0,225,0,0,0,0,0,0
5626,H15626,H,299.2,309.8,1602,39.1,6,0,0,0,0,0,0
5627,L15627,L,299.2,310.5,1541,37.5,19,0,0,0,0,0,0
5628,L15628,L,299.2,308.1,1496,38.2,158,0,0,0,0,0,0
5629,M15629,M,299.3,308.9,1451,41.7,213,0,0,0,0,0,0
5630,L15630,L,299.3,308.1,1557,47.3,83,0,0,0,0,0,0
5631,M15631,M,299.3,308.0,1457,36.8,78,0,0,0,0,0,0
5632,M15632,M,299.4,308.8,1477,29.8,152,0,0,0,0,0,0
5633,L15633,L,299.5,309.8,1382,54.9,109,0,0,0,0,0,0
5634,L15634,L,299.5,310.3,1614,44.0,0,0,0,0,0,0,0
5635,L15635,L,299.6,308.6,1655,37.7,144,0,0,0,0,0,0
5636,L15636,L,299.6,308.8,1521,47.1,79,0,0,0,0,0,0
5637,M15637,M,299.6,307.8,1451,45.6,228,0,0,0,0,0,0
5638,H15638,H,299.6,309.8,1594,43.0,212,0,0,0,0,0,0
5639,L15639,L,299.5,308.8,1559,37.1,26,0,0,0,0,0,0
5640,L15640,L,299.5,311.2,1456,44.0,247,0,0,0,0,0,0
5641,M15641,M,299.4,309.8,1615,46.5,118,0,0,0,0,0,0
5642,H15642,H,299.4,309.2,1458,29.7,122,0,0,0,0,0,0
5643,L15643,L,299.4,308.7,1371,41.3,226,0,0,0,0,0,0
5644,L15644,L,299.4,307.9,1493,41.8,23,0,0,0,0,0,0
5645,M15645,M,299.4,308.1,1608,41.6,189,0,0,0,0,0,0
5646,L15646,L,299.5,308.9,1510,40.3,51,0,0,0,0,0,0
5647,L15647,L,299.4,308.7,1383,47.1,50,0,0,0,0,0,0
5648,M15648,M,299.5,308.5,1460,38.7,193,0,0,0,0,0,0
5649,M15649,M,299.6,310.0,1620,40.0,56,0,0,0,0,0,0
5650,M15650,M,299.6,310.1,1527,41.9,237,0,0,0,0,0,0
5651,M15651,M,299.7,309.2,1498,38.9,54,0,0,0,0,0,0
5652,M15652,M,299.7,311.6,1487,31.7,52,0,0,0,0,0,0
5653,L15653,L,299.7,307.9,1608,41.3,88,0,0,0,0,0,0
5654,L15654,L,299.7,309.7,1601,41.4,18,0,0,0,0,0,0
5655,L15655,L,299.6,309.4,1360,37.8,108,0,0,0,0,0,0
5656,L15656,L,299.6,309.0,1594,39.2,140,0,0,0,0,0,0
5657,M15657,M,299.5,308.8,1552,20.9,28,1,0,0,1,0,0
5658,H15658,H,299.5,309.5,1659,47.3,223,0,0,0,0,0,0
5659,H15659,H,299.5,309.3,1493,45.4,133,0,0,0,0,0,0
5660,M15660,M,299.5,309.1,1614,32.0,119,0,0,0,0,0,0
5661,L15661,L,299.5,308.2,1547,35.9,200,0,0,0,0,0,0
5662,L15662,L,299.5,307.9,1389,48.7,243,1,0,0,0,1,0
5663,H15663,H,299.4,309.2,1602,33.1,128,0,0,0,0,0,0
5664,M15664,M,299.4,309.0,1581,42.9,151,0,0,0,0,0,0
5665,M15665,M,299.4,309.2,1435,37.0,73,0,0,0,0,0,0
5666,M15666,M,299.4,309.3,1529,42.5,98,0,0,0,0,0,0
5667,M15667,M,299.4,308.9,1711,40.3,5,0,0,0,0,0,0
5668,H15668,H,299.4,309.1,1452,38.3,175,0,0,0,0,0,0
5669,L15669,L,299.3,308.5,1573,42.3,147,0,0,0,0,0,0
5670,M15670,M,299.2,310.7,1391,37.0,229,0,0,0,0,0,0
5671,H15671,H,299.2,308.4,1443,29.3,75,0,0,0,0,0,0
5672,L15672,L,299.2,308.8,1581,34.4,66,0,0,0,0,0,0
5673,M15673,M,299.2,308.4,1526,33.7,182,0,0,0,0,0,0
5674,L15674,L,299.1,308.4,1480,30.4,17,0,0,0,0,0,0
5675,H15675,H,299.1,309.1,1670,42.2,20,0,0,0,0,0,0
5676,L15676,L,299.1,309.0,1408,39.0,226,0,0,0,0,0,0
5677,M15677,M,299.2,308.7,1485,42.1,191,0,0,0,0,0,0
5678,L15678,L,299.2,308.9,1549,43.1,164,0,0,0,0,0,0
5679,M15679,M,299.1,308.4,1413,44.5,18,0,0,0,0,0,0
5680,L15680,L,299.1,309.5,1551,42.4,216,0,0,0,0,0,0
5681,L15681,L,299.1,311.1,1607,34.1,55,0,0,0,0,0,0
5682,L15682,L,299.0,308.1,1489,43.5,189,0,0,0,0,0,0
5683,H15683,H,298.9,309.3,1431,41.3,17,0,0,0,0,0,0
5684,L15684,L,298.9,309.0,1469,53.1,231,1,0,0,0,1,0
5685,L15685,L,299.0,309.6,1232,40.0,157,0,0,0,0,0,0
5686,M15686,M,299.0,309.7,1601,42.3,183,0,0,0,0,0,0
5687,M15687,M,299.0,309.2,1526,39.4,105,0,0,0,0,0,0
5688,H15688,H,299.0,309.0,1482,40.3,242,0,0,0,0,0,0
5689,L15689,L,299.0,308.5,1333,39.9,169,0,0,0,0,0,0
5690,M15690,M,299.0,308.2,1611,37.4,52,0,0,0,0,0,0
5691,L15691,L,298.9,308.8,1456,41.1,225,0,0,0,0,0,0
5692,L15692,L,299.0,307.7,1557,43.7,201,0,0,0,0,0,0
5693,M15693,M,298.9,308.3,1499,37.5,85,0,0,0,0,0,0
5694,M15694,M,299.0,310.1,1339,45.0,49,0,0,0,0,0,0
5695,M15695,M,299.0,309.1,1627,44.3,126,0,0,0,0,0,0
5696,L15696,L,299.0,309.9,1608,34.7,3,0,0,0,0,0,0
5697,L15697,L,299.0,310.4,1576,34.2,62,0,0,0,0,0,0
5698,L15698,L,299.0,308.8,1531,42.7,194,0,0,0,0,0,0
5699,H15699,H,299.1,309.3,1380,36.5,112,0,0,0,0,0,0
5700,L15700,L,299.1,308.8,1587,33.7,247,0,0,0,0,0,0
5701,L15701,L,299.0,308.2,1720,50.3,55,1,0,0,1,0,0
5702,L15702,L,299.0,308.1,1512,34.2,176,0,0,0,0,0,0
5703,M15703,M,299.1,310.0,1514,30.9,219,0,0,0,0,0,0
5704,L15704,L,299.2,309.4,1390,35.3,149,0,0,0,0,0,0
5705,H15705,H,299.2,311.1,1293,41.4,139,0,0,0,0,0,0
5706,L15706,L,299.3,310.3,1464,40.4,176,0,0,0,0,0,0
5707,H15707,H,299.3,308.6,1648,51.3,12,0,0,0,0,0,0
5708,L15708,L,299.4,310.2,1634,35.4,104,0,0,0,0,0,0
5709,M15709,M,299.4,309.0,1493,41.4,32,0,0,0,0,0,0
5710,H15710,H,299.3,310.5,1543,46.8,174,0,0,0,0,0,0
5711,L15711,L,299.3,308.8,1378,36.0,63,0,0,0,0,0,0
5712,H15712,H,299.3,308.2,1511,44.2,82,0,0,0,0,0,0
5713,L15713,L,299.2,308.4,1448,29.0,104,0,0,0,0,0,0
5714,H15714,H,299.2,308.4,1505,50.6,144,0,0,0,0,0,0
5715,M15715,M,299.3,308.4,1473,46.0,238,0,0,0,0,0,0
5716,L15716,L,299.3,308.7,1471,35.9,33,0,0,0,0,0,0
5717,L15717,L,299.3,310.2,1600,45.0,67,0,0,0,0,0,0
5718,L15718,L,299.2,311.0,1696,47.9,38,0,0,0,0,0,0
5719,L15719,L,299.2,307.8,1483,32.3,199,0,0,0,0,0,0
5720,L15720,L,299.1,310.4,1642,36.4,224,0,0,0,0,0,0
5721,L15721,L,299.2,308.7,1376,48.1,128,0,0,0,0,0,0
5722,L15722,L,299.2,309.6,1491,40.4,132,0,0,0,0,0,0
5723,M15723,M,299.2,307.6,1370,42.6,223,1,0,1,0,0,0
5724,L15724,L,299.3,309.8,1469,40.4,39,0,0,0,0,0,0
5725,L15725,L,299.2,307.2,1572,45.3,62,0,0,0,0,0,0
5726,M15726,M,299.3,309.6,1612,43.1,128,0,0,0,0,0,0
5727,L15727,L,299.3,309.5,1422,40.6,162,0,0,0,0,0,0
5728,L15728,L,299.3,309.5,1546,27.4,213,0,0,0,0,0,0
5729,L15729,L,299.4,308.6,1623,43.8,220,0,0,0,0,0,0
5730,H15730,H,299.3,309.8,1609,44.4,144,0,0,0,0,0,0
5731,H15731,H,299.2,309.6,1526,32.6,93,0,0,0,0,0,0
5732,L15732,L,299.2,308.9,1441,33.0,98,0,0,0,0,0,0
5733,M15733,M,299.2,309.9,1431,43.1,59,0,0,0,0,0,0
5734,M15734,M,299.2,309.1,1416,41.2,128,0,0,0,0,0,0
5735,M15735,M,299.1,309.6,1497,28.2,131,0,0,0,0,0,0
5736,M15736,M,299.1,309.0,1418,35.1,136,0,0,0,0,0,0
5737,M15737,M,299.1,309.3,1568,41.9,44,0,0,0,0,0,0
5738,L15738,L,299.0,309.6,1523,44.1,159,0,0,0,0,0,0
5739,L15739,L,299.1,308.7,1518,36.5,68,0,0,0,0,0,0
5740,L15740,L,299.1,307.9,1316,39.1,13,0,0,0,0,0,0
5741,H15741,H,299.1,309.4,1503,34.7,178,0,0,0,0,0,0
5742,M15742,M,299.1,310.3,1454,47.9,217,0,0,0,0,0,0
5743,H15743,H,299.0,309.3,1717,41.0,150,0,0,0,0,0,0
5744,H15744,H,298.9,309.3,1372,36.0,173,0,0,0,0,0,0
5745,L15745,L,299.0,309.0,1479,33.1,213,0,0,0,0,0,0
5746,M15746,M,299.0,309.7,1538,32.4,154,0,0,0,0,0,0
5747,M15747,M,299.0,308.8,1403,50.9,88,0,0,0,0,0,0
5748,H15748,H,298.9,308.4,1693,39.0,35,0,0,0,0,0,0
5749,H15749,H,298.8,309.9,1695,37.6,195,0,0,0,0,0,0
5750,M15750,M,298.8,308.3,1414,38.7,31,0,0,0,0,0,0
5751,L15751,L,298.9,309.8,1441,36.2,72,0,0,0,0,0,0
5752,M15752,M,299.0,310.1,1715,39.4,193,0,0,0,0,0,0
5753,L15753,L,299.0,309.6,1640,40.2,169,0,0,0,0,0,0
5754,M15754,M,299.0,307.8,1463,40.1,49,0,0,0,0,0,0
5755,H15755,H,299.0,309.1,1543,32.4,56,0,0,0,0,0,0
5756,L15756,L,299.0,308.8,1361,45.4,230,0,0,0,0,0,0
5757,M15757,M,299.1,308.6,1720,36.7,116,0,0,0,0,0,0
5758,L15758,L,299.2,309.3,1507,36.0,191,0,0,0,0,0,0
5759,L15759,L,299.2,309.9,1559,35.8,173,0,0,0,0,0,0
5760,L15760,L,299.2,308.7,1406,33.7,244,0,0,0,0,0,0
5761,M15761,M,299.3,309.1,1386,41.6,216,0,0,0,0,0,0
5762,H15762,H,299.3,309.0,1545,45.4,110,0,0,0,0,0,0
5763,H15763,H,299.4,310.5,1692,35.7,201,0,0,0,0,0,0
5764,L15764,L,299.3,309.0,1446,28.9,228,0,0,0,0,0,0
5765,H15765,H,299.3,308.0,1402,33.8,88,0,0,0,0,0,0
5766,M15766,M,299.3,307.7,1531,37.3,103,0,0,0,0,0,0
5767,L15767,L,299.3,309.7,1664,32.6,53,0,0,0,0,0,0
5768,L15768,L,299.4,308.7,1436,36.4,52,0,0,0,0,0,0
5769,L15769,L,299.4,310.1,1475,36.7,156,0,0,0,0,0,0
5770,H15770,H,299.5,308.2,1584,39.9,164,0,0,0,0,0,0
5771,M15771,M,299.6,309.0,1594,31.3,68,0,0,0,0,0,0
5772,M15772,M,299.6,308.2,1472,43.5,13,0,0,0,0,0,0
5773,L15773,L,299.7,310.1,1610,50.0,224,1,0,0,0,1,0
5774,M15774,M,299.7,310.3,1553,48.6,154,0,0,0,0,0,0
5775,L15775,L,299.7,310.0,1502,36.5,4,0,0,0,0,0,0
5776,L15776,L,299.7,308.6,1590,44.0,242,0,0,0,0,0,0
5777,M15777,M,299.7,309.0,1576,43.3,117,0,0,0,0,0,0
5778,L15778,L,299.7,310.0,1395,39.7,248,0,0,0,0,0,0
5779,H15779,H,299.8,308.1,1648,41.1,171,0,0,0,0,0,0
5780,L15780,L,299.8,309.5,1535,44.1,142,0,0,0,0,0,0
5781,M15781,M,299.7,311.2,1638,45.3,66,0,0,0,0,0,0
5782,L15782,L,299.7,309.5,1505,35.1,0,0,0,0,0,0,0
5783,M15783,M,299.7,308.2,1525,44.5,151,0,0,0,0,0,0
5784,L15784,L,299.7,309.1,1540,50.0,203,0,0,0,0,0,0
5785,L15785,L,299.8,309.1,1555,45.3,108,0,0,0,0,0,0
5786,H15786,H,299.8,312.0,1653,49.2,61,0,0,0,0,0,0
5787,L15787,L,299.9,311.5,1547,24.5,77,0,0,0,0,0,0
5788,H15788,H,299.9,310.7,1497,43.6,56,0,0,0,0,0,0
5789,H15789,H,299.9,309.6,1601,41.6,233,0,0,0,0,0,0
5790,L15790,L,299.9,311.1,1543,46.2,19,0,0,0,0,0,0
5791,L15791,L,300.0,308.9,1796,33.2,185,0,0,0,0,0,0
5792,M15792,M,300.0,311.1,1529,37.0,13,0,0,0,0,0,0
5793,H15793,H,300.1,311.0,1624,45.4,205,0,0,0,0,0,0
5794,H15794,H,300.1,309.9,1588,33.6,236,0,0,0,0,0,0
5795,M15795,M,300.0,311.2,1295,41.5,180,0,0,0,0,0,0
5796,M15796,M,300.0,309.6,1426,39.9,34,0,0,0,0,0,0
5797,L15797,L,300.1,308.8,1456,38.8,189,0,0,0,0,0,0
5798,H15798,H,300.1,311.1,1350,43.4,188,0,0,0,0,0,0
5799,H15799,H,300.1,310.0,1460,33.3,247,0,0,0,0,0,0
5800,L15800,L,300.1,310.7,1363,35.3,146,0,0,0,0,0,0
5801,L15801,L,300.1,311.9,1389,39.2,83,0,0,0,0,0,0
5802,L15802,L,300.0,309.3,1524,32.8,41,0,0,0,0,0,0
5803,L15803,L,299.9,309.8,1692,47.4,171,0,0,0,0,0,0
5804,H15804,H,299.9,311.5,1364,35.2,214,0,0,0,0,0,0
5805,L15805,L,299.9,310.6,1378,44.7,97,0,0,0,0,0,0
5806,L15806,L,300.0,309.3,1447,34.7,0,0,0,0,0,0,0
5807,L15807,L,299.9,309.0,1485,44.2,67,0,0,0,0,0,0
5808,H15808,H,299.9,309.4,1346,30.3,103,0,0,0,0,0,0
5809,M15809,M,299.9,309.1,1430,48.5,208,0,0,0,0,0,0
5810,L15810,L,299.9,310.1,1421,46.8,217,0,0,0,0,0,0
5811,L15811,L,299.9,309.9,1532,36.7,77,0,0,0,0,0,0
5812,H15812,H,299.8,310.1,1543,35.0,173,0,0,0,0,0,0
5813,H15813,H,299.9,309.0,1485,42.7,50,0,0,0,0,0,0
5814,L15814,L,299.8,309.8,1462,30.8,31,0,0,0,0,0,0
5815,L15815,L,299.8,307.8,1429,40.2,99,0,0,0,0,0,0
5816,L15816,L,299.7,309.9,1505,35.2,211,0,0,0,0,0,0
5817,L15817,L,299.8,310.9,1402,38.5,207,0,0,0,0,0,0
5818,M15818,M,299.8,308.4,1655,36.1,242,0,0,0,0,0,0
5819,H15819,H,299.8,310.3,1350,35.2,146,0,0,0,0,0,0
5820,L15820,L,299.7,309.1,1434,50.2,236,1,0,0,0,1,0
5821,H15821,H,299.8,310.6,1587,44.7,38,0,0,0,0,0,0
5822,L15822,L,299.7,309.9,1460,31.1,215,0,0,0,0,0,0
5823,M15823,M,299.7,310.1,1567,34.7,141,0,0,0,0,0,0
5824,M15824,M,299.8,309.9,1672,45.1,156,0,0,0,0,0,0
5825,L15825,L,299.8,311.1,1583,45.8,41,0,0,0,0,0,0
5826,L15826,L,299.8,310.2,1380,31.7,13,0,0,0,0,0,0
5827,M15827,M,299.9,309.2,1385,44.2,115,0,0,0,0,0,0
5828,L15828,L,299.9,310.0,1481,41.6,138,0,0,0,0,0,0
5829,L15829,L,299.9,309.5,1544,28.3,74,0,0,0,0,0,0
5830,M15830,M,299.9,310.1,1621,37.6,46,0,0,0,0,0,0
5831,H15831,H,299.9,309.5,1422,39.2,103,0,0,0,0,0,0
5832,L15832,L,299.9,309.3,1452,40.3,23,0,0,0,0,0,0
5833,H15833,H,300.0,310.2,1475,32.1,149,0,0,0,0,0,0
5834,L15834,L,299.9,310.0,1473,35.4,176,0,0,0,0,0,0
5835,M15835,M,300.0,311.1,1650,36.3,182,0,0,0,0,0,0
5836,M15836,M,300.0,309.6,1490,36.8,54,0,0,0,0,0,0
5837,H15837,H,300.1,308.1,1515,36.9,212,0,0,0,0,0,0
5838,L15838,L,300.1,309.8,1591,39.2,69,0,0,0,0,0,0
5839,M15839,M,300.1,308.5,1659,41.9,77,0,0,0,0,0,0
5840,M15840,M,300.0,310.4,1496,50.6,72,0,0,0,0,0,0
5841,L15841,L,300.0,308.3,1626,45.2,162,0,0,0,0,0,0
5842,L15842,L,300.0,309.0,1683,47.9,43,0,0,0,0,0,0
5843,L15843,L,299.9,309.6,1489,37.1,163,0,0,0,0,0,0
5844,L15844,L,299.9,311.4,1444,34.0,88,0,0,0,0,0,0
5845,H15845,H,299.8,308.8,1719,44.8,14,0,0,0,0,0,0
5846,L15846,L,299.8,309.8,1612,39.9,44,0,0,0,0,0,0
5847,L15847,L,299.7,310.3,1501,44.4,121,0,0,0,0,0,0
5848,M15848,M,299.7,311.2,1565,34.7,61,0,0,0,0,0,0
5849,L15849,L,299.8,310.6,1396,43.9,91,0,0,0,0,0,0
5850,M15850,M,299.9,311.0,1611,38.9,177,0,0,0,0,0,0
5851,L15851,L,299.9,310.7,1320,37.2,205,0,0,0,0,0,0
5852,H15852,H,299.9,308.7,1607,37.8,12,0,0,0,0,0,0
5853,H15853,H,299.8,310.2,1428,42.9,104,0,0,0,0,0,0
5854,H15854,H,299.8,310.7,1335,44.6,158,0,0,0,0,0,0
5855,L15855,L,299.8,308.9,1300,37.8,4,0,0,0,0,0,0
5856,M15856,M,299.8,309.2,1452,42.1,82,0,0,0,0,0,0
5857,L15857,L,299.9,309.1,1571,42.0,135,0,0,0,0,0,0
5858,L15858,L,299.8,310.6,1361,44.4,140,0,0,0,0,0,0
5859,L15859,L,299.8,309.8,1376,45.9,168,0,0,0,0,0,0
5860,M15860,M,299.8,309.5,1451,50.9,16,0,0,0,0,0,0
5861,L15861,L,299.9,308.7,1581,37.2,31,0,0,0,0,0,0
5862,M15862,M,300.0,309.9,1593,48.8,4,0,0,0,0,0,0
5863,L15863,L,299.9,309.4,1514,40.7,125,0,0,0,0,0,0
5864,L15864,L,299.9,310.2,1598,33.4,136,0,0,0,0,0,0
5865,M15865,M,299.9,308.8,1569,36.1,106,0,0,0,0,0,0
5866,L15866,L,299.9,310.0,1458,42.8,161,0,0,0,0,0,0
5867,M15867,M,299.8,309.4,1591,44.3,236,0,0,0,0,0,0
5868,L15868,L,299.7,308.5,1372,33.9,0,0,0,0,0,0,0
5869,H15869,H,299.7,308.4,1549,35.4,167,0,0,0,0,0,0
5870,M15870,M,299.7,308.5,1383,36.8,206,0,0,0,0,0,0
5871,L15871,L,299.7,309.5,1514,34.8,181,0,0,0,0,0,0
5872,L15872,L,299.6,309.7,1622,28.7,125,0,0,0,0,0,0
5873,M15873,M,299.6,309.9,1521,26.7,31,0,0,0,0,0,0
5874,H15874,H,299.6,310.0,1499,37.7,125,0,0,0,0,0,0
5875,L15875,L,299.6,308.9,1523,41.5,225,0,0,0,0,0,0
5876,L15876,L,299.6,310.7,1566,43.9,98,0,0,0,0,0,0
5877,H15877,H,299.6,309.1,1713,31.8,244,0,0,0,0,0,0
5878,M15878,M,299.6,310.0,1565,31.9,112,0,0,0,0,0,0
5879,L15879,L,299.5,309.4,1450,36.8,177,0,0,0,0,0,0
5880,L15880,L,299.5,309.9,1479,40.0,186,0,0,0,0,0,0
5881,L15881,L,299.6,309.4,1410,46.1,219,0,0,0,0,0,0
5882,M15882,M,299.6,310.0,1376,44.3,208,0,0,0,0,0,0
5883,L15883,L,299.6,309.6,1257,37.8,189,0,0,0,0,0,0
5884,H15884,H,299.6,310.4,1454,42.2,237,0,0,0,0,0,0
5885,L15885,L,299.6,308.7,1360,34.9,10,0,0,0,0,0,0
5886,L15886,L,299.6,307.8,1510,40.4,22,0,0,0,0,0,0
5887,M15887,M,299.5,308.5,1449,39.6,118,0,0,0,0,0,0
5888,H15888,H,299.5,310.5,1391,48.4,25,0,0,0,0,0,0
5889,H15889,H,299.5,309.4,1290,43.0,62,0,0,0,0,0,0
5890,L15890,L,299.5,309.6,1465,35.4,173,0,0,0,0,0,0
5891,M15891,M,299.5,308.4,1325,35.4,68,0,0,0,0,0,0
5892,M15892,M,299.5,309.5,1571,38.0,89,0,0,0,0,0,0
5893,L15893,L,299.5,308.5,1525,30.6,133,0,0,0,0,0,0
5894,L15894,L,299.5,308.7,1477,38.6,50,0,0,0,0,0,0
5895,L15895,L,299.5,309.1,1645,39.1,42,0,0,0,0,0,0
5896,L15896,L,299.5,310.0,1501,42.8,225,0,0,0,0,0,0
5897,H15897,H,299.5,310.1,1539,43.7,169,0,0,0,0,0,0
5898,L15898,L,299.5,310.1,1569,40.6,140,0,0,0,0,0,0
5899,H15899,H,299.6,308.0,1448,30.2,24,0,0,0,0,0,0
5900,M15900,M,299.5,309.5,1449,32.7,129,0,0,0,0,0,0
5901,M15901,M,299.5,309.3,1504,36.4,13,0,0,0,0,0,0
5902,M15902,M,299.4,307.9,1365,43.9,144,1,0,1,0,0,0
5903,L15903,L,299.5,309.5,1679,43.7,104,0,0,0,0,0,0
5904,L15904,L,299.5,309.2,1516,38.5,103,0,0,0,0,0,0
5905,L15905,L,299.5,310.0,1480,54.2,167,0,0,0,0,0,0
5906,M15906,M,299.5,309.6,1709,49.4,38,0,0,0,0,0,0
5907,L15907,L,299.5,308.9,1390,47.4,152,0,0,0,0,0,0
5908,M15908,M,299.4,310.4,1654,44.2,218,0,0,0,0,0,0
5909,L15909,L,299.5,307.3,1581,42.8,47,0,0,0,0,0,0
5910,L15910,L,299.6,309.5,1612,42.3,114,0,0,0,0,0,0
5911,L15911,L,299.7,307.9,1482,29.2,215,0,0,0,0,0,0
5912,H15912,H,299.7,308.8,1506,33.7,48,0,0,0,0,0,0
5913,M15913,M,299.7,310.2,1466,38.7,160,0,0,0,0,0,0
5914,L15914,L,299.7,308.4,1600,40.8,26,0,0,0,0,0,0
5915,M15915,M,299.7,308.2,1539,39.3,44,0,0,0,0,0,0
5916,L15916,L,299.6,312.0,1444,41.6,30,0,0,0,0,0,0
5917,H15917,H,299.6,308.2,1449,27.4,62,0,0,0,0,0,0
5918,M15918,M,299.6,311.2,1499,43.0,111,0,0,0,0,0,0
5919,L15919,L,299.6,309.4,1467,40.4,165,0,0,0,0,0,0
5920,M15920,M,299.6,309.1,1644,38.9,206,0,0,0,0,0,0
5921,L15921,L,299.6,310.2,1581,45.6,107,0,0,0,0,0,0
5922,H15922,H,299.7,311.0,1581,33.7,247,0,0,0,0,0,0
5923,L15923,L,299.7,308.5,1523,38.6,167,0,0,0,0,0,0
5924,M15924,M,299.7,309.2,1417,41.7,185,0,0,0,0,0,0
5925,L15925,L,299.8,310.7,1570,34.9,64,0,0,0,0,0,0
5926,M15926,M,299.9,310.2,1290,28.0,10,0,0,0,0,0,0
5927,M15927,M,300.0,311.1,1517,33.1,142,0,0,0,0,0,0
5928,M15928,M,299.9,310.5,1419,39.6,96,0,0,0,0,0,0
5929,M15929,M,299.9,311.8,1411,38.5,184,0,0,0,0,0,0
5930,H15930,H,299.9,310.1,1454,39.9,111,0,0,0,0,0,0
5931,L15931,L,299.9,310.1,1492,36.0,223,0,0,0,0,0,0
5932,L15932,L,299.9,310.2,1498,32.1,152,0,0,0,0,0,0
5933,L15933,L,299.9,309.8,1579,40.8,166,0,0,0,0,0,0
5934,H15934,H,300.0,310.8,1483,39.0,32,0,0,0,0,0,0
5935,L15935,L,299.9,310.1,1490,43.8,28,0,0,0,0,0,0
5936,M15936,M,300.0,310.8,1360,35.5,185,0,0,0,0,0,0
5937,M15937,M,300.0,311.0,1373,27.9,225,0,0,0,0,0,0
5938,L15938,L,300.0,310.5,1529,24.4,199,0,0,0,0,0,0
5939,L15939,L,300.0,310.5,1563,37.6,247,0,0,0,0,0,0
5940,L15940,L,300.0,309.0,1474,40.8,10,0,0,0,0,0,0
5941,L15941,L,300.1,309.6,1593,38.6,140,0,0,0,0,0,0
5942,L15942,L,300.1,311.0,1359,36.6,68,0,0,0,0,0,0
5943,L15943,L,300.1,311.6,1540,30.5,241,0,0,0,0,0,0
5944,H15944,H,300.1,308.2,1415,28.7,210,0,0,0,0,0,0
5945,H15945,H,300.2,309.7,1407,42.2,20,0,0,0,0,0,0
5946,L15946,L,300.2,310.2,1424,38.6,2,0,0,0,0,0,0
5947,L15947,L,300.2,309.3,1492,37.8,153,0,0,0,0,0,0
5948,L15948,L,300.3,309.5,1544,30.7,160,0,0,0,0,0,0
5949,M15949,M,300.3,310.8,1536,34.2,93,0,0,0,0,0,0
5950,H15950,H,300.3,311.9,1471,40.3,21,0,0,0,0,0,0
5951,L15951,L,300.3,308.3,1563,41.7,61,0,0,0,0,0,0
5952,L15952,L,300.3,310.1,1669,39.0,4,0,0,0,0,0,0
5953,M15953,M,300.4,310.8,1488,48.3,146,0,0,0,0,0,0
5954,M15954,M,300.3,311.1,1509,36.5,8,0,0,0,0,0,0
5955,L15955,L,300.3,310.6,1439,47.7,57,0,0,0,0,0,0
5956,M15956,M,300.3,312.1,1461,41.3,23,0,0,0,0,0,0
5957,L15957,L,300.3,310.3,1625,40.6,166,0,0,0,0,0,0
5958,L15958,L,300.3,311.6,1626,45.6,203,0,0,0,0,0,0
5959,M15959,M,300.3,309.6,1480,36.3,237,0,0,0,0,0,0
5960,H15960,H,300.3,310.3,1549,38.0,60,0,0,0,0,0,0
5961,L15961,L,300.3,309.1,1592,32.7,126,0,0,0,0,0,0
5962,H15962,H,300.4,311.3,1455,45.6,47,0,0,0,0,0,0
5963,L15963,L,300.4,310.2,1369,42.0,236,0,0,0,0,0,0
5964,M15964,M,300.4,310.7,1569,46.6,218,0,0,0,0,0,0
5965,L15965,L,300.4,310.1,1590,41.2,177,0,0,0,0,0,0
5966,H15966,H,300.5,311.1,1575,46.6,61,0,0,0,0,0,0
5967,H15967,H,300.5,310.9,1463,35.5,233,0,0,0,0,0,0
5968,L15968,L,300.5,309.5,1652,45.9,180,0,0,0,0,0,0
5969,H15969,H,300.6,309.6,1528,37.6,148,0,0,0,0,0,0
5970,H15970,H,300.6,310.6,1385,40.0,37,0,0,0,0,0,0
5971,M15971,M,300.5,311.2,1340,44.4,117,0,0,0,0,0,0
5972,L15972,L,300.6,312.4,1470,54.0,226,1,0,0,0,1,0
5973,H15973,H,300.6,310.9,1522,44.9,223,0,0,0,0,0,0
5974,H15974,H,300.6,311.6,1471,45.5,58,0,0,0,0,0,0
5975,L15975,L,300.6,309.0,1699,36.7,227,0,0,0,0,0,0
5976,H15976,H,300.6,312.6,1540,40.9,96,0,0,0,0,0,0
5977,L15977,L,300.5,311.1,1403,39.4,170,0,0,0,0,0,0
5978,L15978,L,300.5,310.4,1273,48.4,16,0,0,0,0,0,0
5979,M15979,M,300.5,310.3,1524,39.1,68,0,0,0,0,0,0
5980,M15980,M,300.5,309.4,1599,48.0,171,0,0,0,0,0,0
5981,M15981,M,300.4,309.6,1686,32.2,211,0,0,0,0,0,0
5982,L15982,L,300.4,312.3,1480,48.4,190,0,0,0,0,0,0
5983,H15983,H,300.4,309.4,1672,34.8,22,0,0,0,0,0,0
5984,L15984,L,300.5,309.5,1364,45.1,102,0,0,0,0,0,0
5985,L15985,L,300.6,309.9,1466,34.8,195,0,0,0,0,0,0
5986,L15986,L,300.5,309.3,1399,43.7,153,0,0,0,0,0,0
5987,M15987,M,300.6,310.6,1579,34.2,93,0,0,0,0,0,0
5988,H15988,H,300.5,311.6,1370,46.2,175,0,0,0,0,0,0
5989,M15989,M,300.5,309.9,1540,45.1,174,0,0,0,0,0,0
5990,H15990,H,300.5,309.1,1376,36.4,45,0,0,0,0,0,0
5991,L15991,L,300.5,310.8,1676,43.5,28,0,0,0,0,0,0
5992,M15992,M,300.6,310.5,1463,45.7,33,0,0,0,0,0,0
5993,L15993,L,300.6,311.6,1538,34.5,9,0,0,0,0,0,0
5994,L15994,L,300.6,310.1,1321,33.8,19,0,0,0,0,0,0
5995,L15995,L,300.6,310.3,1351,33.6,215,0,0,0,0,0,0
5996,M15996,M,300.6,310.5,1423,32.7,33,0,0,0,0,0,0
5997,M15997,M,300.7,310.7,1585,33.5,100,0,0,0,0,0,0
5998,M15998,M,300.6,310.2,1566,45.5,140,0,0,0,0,0,0
5999,L15999,L,300.6,310.0,1609,43.3,86,0,0,0,0,0,0
6000,L16000,L,300.5,308.7,1349,29.8,137,1,0,1,0,0,0
6001,M16001,M,300.5,310.0,1551,36.9,213,0,0,0,0,0,0
6002,L16002,L,300.5,311.2,1444,33.1,44,0,0,0,0,0,0
6003,H16003,H,300.5,311.4,1419,45.2,127,0,0,0,0,0,0
6004,M16004,M,300.5,310.0,1446,37.3,205,0,0,0,0,0,0
6005,L16005,L,300.4,311.7,1488,30.7,88,0,0,0,0,0,0
6006,H16006,H,300.3,310.3,1566,41.0,81,0,0,0,0,0,0
6007,M16007,M,300.3,309.0,1612,43.6,211,0,0,0,0,0,0
6008,L16008,L,300.3,308.6,1552,34.3,118,0,0,0,0,0,0
6009,M16009,M,300.3,311.5,1563,38.4,91,0,0,0,0,0,0
6010,L16010,L,300.3,309.9,1682,34.6,135,0,0,0,0,0,0
6011,H16011,H,300.3,309.1,1570,47.5,4,0,0,0,0,0,0
6012,H16012,H,300.3,308.1,1479,37.4,212,0,0,0,0,0,0
6013,H16013,H,300.4,310.0,1558,35.7,19,0,0,0,0,0,0
6014,M16014,M,300.3,310.7,1671,39.7,120,0,0,0,0,0,0
6015,L16015,L,300.3,309.6,1413,38.8,171,0,0,0,0,0,0
6016,M16016,M,300.3,309.3,1457,44.1,207,0,0,0,0,0,0
6017,L16017,L,300.2,309.6,1645,47.3,57,0,0,0,0,0,0
6018,M16018,M,300.1,311.3,1471,47.3,147,0,0,0,0,0,0
6019,M16019,M,300.1,308.8,1576,37.7,242,0,0,0,0,0,0
6020,L16020,L,300.2,309.6,1629,41.8,216,0,0,0,0,0,0
6021,L16021,L,300.3,311.5,1374,48.9,198,0,0,0,0,0,0
6022,H16022,H,300.3,310.8,1459,49.2,88,0,0,0,0,0,0
6023,H16023,H,300.3,310.5,1620,34.7,99,0,0,0,0,0,0
6024,L16024,L,300.4,309.7,1487,43.6,114,0,0,0,0,0,0
6025,L16025,L,300.5,310.5,1298,42.5,73,0,0,0,0,0,0
6026,L16026,L,300.5,309.9,1449,45.6,167,0,0,0,0,0,0
6027,H16027,H,300.4,309.5,1579,47.5,15,0,0,0,0,0,0
6028,L16028,L,300.3,309.2,1628,33.8,3,0,0,0,0,0,0
6029,M16029,M,300.3,311.1,1505,35.9,9,0,0,0,0,0,0
6030,L16030,L,300.3,310.3,1548,45.4,178,0,0,0,0,0,0
6031,M16031,M,300.3,310.6,1463,40.9,47,0,0,0,0,0,0
6032,L16032,L,300.2,310.4,1590,26.6,222,0,0,0,0,0,0
6033,M16033,M,300.2,310.6,1643,30.0,203,0,0,0,0,0,0
6034,L16034,L,300.2,309.9,1577,44.0,19,0,0,0,0,0,0
6035,M16035,M,300.2,309.7,1488,45.0,31,0,0,0,0,0,0
6036,L16036,L,300.2,309.4,1543,31.9,193,0,0,0,0,0,0
6037,M16037,M,300.1,308.7,1595,46.6,59,0,0,0,0,0,0
6038,H16038,H,300.1,309.0,1503,38.8,10,0,0,0,0,0,0
6039,L16039,L,300.2,309.8,1580,33.9,19,0,0,0,0,0,0
6040,H16040,H,300.2,308.6,1537,36.6,22,0,0,0,0,0,0
6041,M16041,M,300.2,308.8,1642,32.7,126,0,0,0,0,0,0
6042,L16042,L,300.2,311.2,1570,36.3,76,0,0,0,0,0,0
6043,L16043,L,300.0,310.2,1450,28.8,34,0,0,0,0,0,0
6044,L16044,L,300.0,309.5,1640,39.6,144,0,0,0,0,0,0
6045,M16045,M,299.9,312.2,1546,43.5,9,0,0,0,0,0,0
6046,M16046,M,300.0,308.3,1486,31.9,231,0,0,0,0,0,0
6047,L16047,L,300.1,311.1,1365,40.1,37,0,0,0,0,0,0
6048,M16048,M,300.1,310.0,1523,35.2,205,0,0,0,0,0,0
6049,H16049,H,300.3,311.1,1683,44.0,82,0,0,0,0,0,0
6050,H16050,H,300.3,310.4,1227,26.1,31,1,0,0,1,0,0
6051,M16051,M,300.3,308.4,1231,44.3,247,1,0,1,0,0,0
6052,H16052,H,300.3,310.4,1577,29.1,53,0,0,0,0,0,0
6053,M16053,M,300.4,310.7,1524,38.7,224,0,0,0,0,0,0
6054,L16054,L,300.5,308.3,1567,35.7,56,0,0,0,0,0,0
6055,H16055,H,300.4,312.4,1447,37.8,106,0,0,0,0,0,0
6056,L16056,L,300.5,310.8,1286,30.8,216,0,0,0,0,0,0
6057,L16057,L,300.4,311.1,1417,50.0,24,0,0,0,0,0,0
6058,L16058,L,300.4,309.3,1656,32.3,141,0,0,0,0,0,0
6059,H16059,H,300.5,311.2,1455,32.8,44,0,0,0,0,0,0
6060,H16060,H,300.5,311.6,1456,50.8,171,0,0,0,0,0,0
6061,L16061,L,300.5,310.7,1237,41.9,117,0,0,0,0,0,0
6062,L16062,L,300.5,310.5,1320,32.5,37,0,0,0,0,0,0
6063,L16063,L,300.5,309.6,1611,39.2,124,0,0,0,0,0,0
6064,M16064,M,300.5,310.3,1474,38.6,35,0,0,0,0,0,0
6065,L16065,L,300.5,310.0,1599,29.9,87,0,0,0,0,0,0
6066,M16066,M,300.5,311.1,1425,35.5,232,0,0,0,0,0,0
6067,L16067,L,300.6,309.7,1353,39.8,123,0,0,0,0,0,0
6068,L16068,L,300.6,311.2,1474,47.6,166,0,0,0,0,0,0
6069,L16069,L,300.6,309.7,1443,38.9,166,0,0,0,0,0,0
6070,L16070,L,300.5,310.2,1417,39.3,12,0,0,0,0,0,0
6071,H16071,H,300.5,311.1,1419,35.1,193,0,0,0,0,0,0
6072,L16072,L,300.5,309.8,1487,46.6,161,0,0,0,0,0,0
6073,L16073,L,300.5,311.2,1451,45.4,123,0,0,0,0,0,0
6074,L16074,L,300.5,311.1,1407,44.7,14,0,0,0,0,0,0
6075,L16075,L,300.5,310.2,1680,40.7,57,0,0,0,0,0,0
6076,L16076,L,300.5,311.7,1546,30.4,111,0,0,0,0,0,0
6077,L16077,L,300.5,310.6,1516,46.5,58,0,0,0,0,0,0
6078,M16078,M,300.6,311.7,1493,40.3,193,0,0,0,0,0,0
6079,M16079,M,300.5,312.3,1567,38.1,51,0,0,0,0,0,0
6080,L16080,L,300.6,310.3,1553,42.7,216,0,0,0,0,0,0
6081,L16081,L,300.6,311.3,1397,41.3,68,0,0,0,0,0,0
6082,H16082,H,300.6,310.0,1347,33.6,225,0,0,0,0,0,0
6083,L16083,L,300.6,309.6,1273,38.1,243,0,0,0,0,0,0
6084,L16084,L,300.6,310.4,1679,28.6,102,0,0,0,0,0,0
6085,L16085,L,300.6,309.3,1455,40.5,4,0,0,0,0,0,0
6086,L16086,L,300.6,309.7,1559,48.0,42,0,0,0,0,0,0
6087,M16087,M,300.6,311.2,1520,29.2,7,0,0,0,0,0,0
6088,L16088,L,300.7,310.1,1591,40.8,240,0,0,0,0,0,0
6089,M16089,M,300.6,311.3,1494,44.0,77,0,0,0,0,0,0
6090,L16090,L,300.5,310.8,1367,44.9,92,0,0,0,0,0,0
6091,L16091,L,300.5,312.3,1396,35.5,221,0,0,0,0,0,0
6092,M16092,M,300.4,310.9,1465,33.4,62,0,0,0,0,0,0
6093,L16093,L,300.5,311.6,1341,36.5,228,0,0,0,0,0,0
6094,M16094,M,300.4,310.8,1415,47.1,195,0,0,0,0,0,0
6095,L16095,L,300.4,310.7,1380,29.7,162,0,0,0,0,0,0
6096,M16096,M,300.4,311.6,1467,32.7,198,0,0,0,0,0,0
6097,L16097,L,300.4,311.1,1450,37.2,217,0,0,0,0,0,0
6098,H16098,H,300.4,310.6,1512,34.1,31,0,0,0,0,0,0
6099,L16099,L,300.4,310.6,1585,39.7,234,0,0,0,0,0,0
6100,H16100,H,300.4,311.0,1476,48.5,96,0,0,0,0,0,0
6101,L16101,L,300.4,309.7,1350,32.8,117,0,0,0,0,0,0
6102,M16102,M,300.4,309.7,1295,39.1,23,0,0,0,0,0,0
6103,L16103,L,300.5,311.9,1516,40.0,49,0,0,0,0,0,0
6104,H16104,H,300.5,312.4,1433,38.0,117,0,0,0,0,0,0
6105,L16105,L,300.7,309.7,1484,30.5,186,0,0,0,0,0,0
6106,L16106,L,300.6,310.0,1533,36.2,192,0,0,0,0,0,0
6107,L16107,L,300.6,311.8,1644,36.2,220,0,0,0,0,0,0
6108,L16108,L,300.6,311.1,1325,43.8,127,0,0,0,0,0,0
6109,L16109,L,300.5,311.2,1399,42.5,111,0,0,0,0,0,0
6110,H16110,H,300.6,311.5,1491,30.7,236,0,0,0,0,0,0
6111,H16111,H,300.6,310.4,1386,37.7,37,0,0,0,0,0,0
6112,L16112,L,300.7,311.0,1351,37.0,165,0,0,0,0,0,0
6113,H16113,H,300.6,310.9,1631,51.7,148,0,0,0,0,0,0
6114,M16114,M,300.6,309.7,1395,41.8,150,0,0,0,0,0,0
6115,L16115,L,300.6,310.9,1369,33.5,173,0,0,0,0,0,0
6116,M16116,M,300.6,311.8,1385,35.3,196,0,0,0,0,0,0
6117,M16117,M,300.6,310.3,1609,37.7,157,0,0,0,0,0,0
6118,H16118,H,300.6,310.8,1430,42.2,167,0,0,0,0,0,0
6119,L16119,L,300.6,310.8,1361,42.9,81,0,0,0,0,0,0
6120,M16120,M,300.6,310.3,1416,41.2,69,0,0,0,0,0,0
6121,L16121,L,300.6,311.3,1495,38.7,68,0,0,0,0,0,0
6122,L16122,L,300.5,309.9,1589,39.2,169,0,0,0,0,0,0
6123,L16123,L,300.5,311.8,1581,39.2,145,0,0,0,0,0,0
6124,H16124,H,300.5,311.2,1422,29.3,186,0,0,0,0,0,0
6125,H16125,H,300.5,309.5,1447,39.6,12,0,0,0,0,0,0
6126,M16126,M,300.5,312.2,1710,36.5,118,0,0,0,0,0,0
6127,M16127,M,300.5,310.7,1600,30.1,211,0,0,0,0,0,0
6128,L16128,L,300.5,309.8,1475,54.5,101,0,0,0,0,0,0
6129,L16129,L,300.5,311.6,1270,41.9,20,0,0,0,0,0,0
6130,L16130,L,300.6,311.1,1454,40.1,195,0,0,0,0,0,0
6131,L16131,L,300.6,308.9,1367,37.8,76,1,0,1,0,0,0
6132,M16132,M,300.7,310.1,1414,44.4,81,0,0,0,0,0,0
6133,M16133,M,300.7,311.0,1403,33.0,76,0,0,0,0,0,0
6134,L16134,L,300.6,308.5,1477,38.1,204,0,0,0,0,0,0
6135,L16135,L,300.6,310.7,1507,34.3,230,0,0,0,0,0,0
6136,L16136,L,300.6,310.7,1427,44.3,228,0,0,0,0,0,0
6137,L16137,L,300.6,309.4,1372,35.0,188,0,0,0,0,0,0
6138,H16138,H,300.6,310.9,1482,46.6,98,0,0,0,0,0,0
6139,M16139,M,300.7,310.7,1450,39.4,165,0,0,0,0,0,0
6140,H16140,H,300.7,309.5,1310,44.6,167,0,0,0,0,0,0
6141,L16141,L,300.6,311.6,1561,42.4,154,0,0,0,0,0,0
6142,L16142,L,300.6,311.4,1427,46.4,185,0,0,0,0,0,0
6143,L16143,L,300.7,310.4,1473,34.4,217,0,0,0,0,0,0
6144,H16144,H,300.6,310.4,1478,45.4,203,0,0,0,0,0,0
6145,M16145,M,300.6,311.4,1498,28.8,193,0,0,0,0,0,0
6146,L16146,L,300.6,310.4,1515,40.3,42,0,0,0,0,0,0
6147,M16147,M,300.6,308.7,1370,36.7,121,1,0,1,0,0,0
6148,L16148,L,300.6,311.1,1531,31.6,123,0,0,0,0,0,0
6149,M16149,M,300.5,309.7,1466,34.6,19,0,0,0,0,0,0
6150,H16150,H,300.5,310.1,1608,36.2,162,0,0,0,0,0,0
6151,M16151,M,300.5,312.0,1581,38.8,54,0,0,0,0,0,0
6152,M16152,M,300.5,310.3,1632,36.9,73,0,0,0,0,0,0
6153,L16153,L,300.4,310.4,1406,40.5,71,0,0,0,0,0,0
6154,L16154,L,300.4,310.9,1629,35.0,167,0,0,0,0,0,0
6155,L16155,L,300.4,310.9,1509,37.1,45,0,0,0,0,0,0
6156,L16156,L,300.4,309.5,1569,38.3,227,0,0,0,0,0,0
6157,M16157,M,300.5,310.4,1567,41.1,222,0,0,0,0,0,0
6158,M16158,M,300.5,310.5,1546,45.1,78,0,0,0,0,0,0
6159,L16159,L,300.6,310.8,1391,45.1,169,0,0,0,0,0,0
6160,H16160,H,300.5,310.8,1596,41.4,145,0,0,0,0,0,0
6161,L16161,L,300.6,313.2,1535,42.6,245,0,0,0,0,0,0
6162,L16162,L,300.5,309.4,1353,41.9,14,0,0,0,0,0,0
6163,L16163,L,300.5,311.5,1452,38.1,210,0,0,0,0,0,0
6164,L16164,L,300.5,311.6,1379,45.4,215,0,0,0,0,0,0
6165,L16165,L,300.5,310.9,1357,34.5,98,0,0,0,0,0,0
6166,L16166,L,300.5,309.8,1585,27.7,65,0,0,0,0,0,0
6167,L16167,L,300.5,312.2,1352,33.8,140,0,0,0,0,0,0
6168,H16168,H,300.5,308.3,1368,48.4,108,1,0,1,0,0,0
6169,L16169,L,300.4,309.7,1698,38.2,56,0,0,0,0,0,0
6170,L16170,L,300.4,311.6,1455,41.6,136,0,0,0,0,0,0
6171,L16171,L,300.4,310.0,1566,38.4,120,0,0,0,0,0,0
6172,M16172,M,300.4,312.0,1612,43.4,98,0,0,0,0,0,0
6173,L16173,L,300.3,308.8,1577,40.4,65,0,0,0,0,0,0
6174,H16174,H,300.3,309.2,1515,39.6,237,0,0,0,0,0,0
6175,M16175,M,300.4,309.9,1496,43.7,143,0,0,0,0,0,0
6176,M16176,M,300.4,310.8,1554,37.2,109,0,0,0,0,0,0
6177,M16177,M,300.4,310.2,1478,42.2,227,0,0,0,0,0,0
6178,L16178,L,300.4,309.9,1569,39.0,129,0,0,0,0,0,0
6179,L16179,L,300.4,311.8,1474,39.4,143,0,0,0,0,0,0
6180,L16180,L,300.4,311.9,1485,35.1,71,0,0,0,0,0,0
6181,M16181,M,300.4,310.0,1688,38.7,249,0,0,0,0,0,0
6182,L16182,L,300.5,308.8,1452,36.8,0,0,0,0,0,0,0
6183,L16183,L,300.5,308.3,1502,46.8,209,0,0,0,0,0,0
6184,H16184,H,300.5,310.7,1543,29.9,245,0,0,0,0,0,0
6185,L16185,L,300.4,311.1,1549,45.3,104,0,0,0,0,0,0
6186,H16186,H,300.4,310.5,1529,29.5,153,0,0,0,0,0,0
6187,M16187,M,300.5,310.4,1375,43.2,171,0,0,0,0,0,0
6188,L16188,L,300.4,309.6,1516,35.0,132,0,0,0,0,0,0
6189,L16189,L,300.4,311.0,1524,43.4,20,0,0,0,0,0,0
6190,L16190,L,300.4,312.0,1614,39.3,34,0,0,0,0,0,0
6191,M16191,M,300.4,308.1,1574,31.4,103,0,0,0,0,0,0
6192,M16192,M,300.3,310.3,1621,48.2,219,0,0,0,0,0,0
6193,M16193,M,300.3,309.3,1400,44.7,53,0,0,0,0,0,0
6194,H16194,H,300.3,308.8,1400,43.0,217,0,0,0,0,0,0
6195,M16195,M,300.2,309.1,1533,36.2,223,0,0,0,0,0,0
6196,L16196,L,300.2,310.6,1613,44.9,123,0,0,0,0,0,0
6197,L16197,L,300.3,310.7,1480,32.3,239,0,0,0,0,0,0
6198,H16198,H,300.3,311.8,1426,26.6,177,0,0,0,0,0,0
6199,L16199,L,300.3,310.3,1340,30.6,107,0,0,0,0,0,0
6200,L16200,L,300.3,308.5,1536,34.5,43,0,0,0,0,0,0
6201,M16201,M,300.2,310.0,1489,35.5,84,0,0,0,0,0,0
6202,L16202,L,300.2,308.8,1457,37.4,3,0,0,0,0,0,0
6203,H16203,H,300.2,309.0,1591,37.7,122,0,0,0,0,0,0
6204,M16204,M,300.2,310.8,1491,36.1,41,0,0,0,0,0,0
6205,L16205,L,300.2,310.4,1500,27.3,168,0,0,0,0,0,0
6206,H16206,H,300.3,310.9,1590,41.2,163,0,0,0,0,0,0
6207,L16207,L,300.4,310.0,1719,38.4,23,0,0,0,0,0,0
6208,L16208,L,300.4,311.2,1456,35.8,224,0,0,0,0,0,0
6209,L16209,L,300.4,310.0,1412,48.4,132,0,0,0,0,0,0
6210,L16210,L,300.3,311.5,1401,38.5,184,0,0,0,0,0,0
6211,L16211,L,300.3,310.6,1548,40.4,66,0,0,0,0,0,0
6212,L16212,L,300.3,310.1,1391,44.8,10,0,0,0,0,0,0
6213,L16213,L,300.3,310.5,1463,31.1,172,0,0,0,0,0,0
6214,L16214,L,300.2,310.2,1471,39.9,95,0,0,0,0,0,0
6215,M16215,M,300.1,311.7,1656,44.8,21,0,0,0,0,0,0
6216,H16216,H,300.1,310.4,1619,39.5,138,0,0,0,0,0,0
6217,L16217,L,300.2,310.2,1346,32.2,249,0,0,0,0,0,0
6218,L16218,L,300.2,310.0,1658,37.1,165,0,0,0,0,0,0
6219,L16219,L,300.2,311.0,1378,41.1,186,0,0,0,0,0,0
6220,L16220,L,300.2,310.9,1516,27.4,85,0,0,0,0,0,0
6221,M16221,M,300.0,309.8,1417,31.9,131,0,0,0,0,0,0
6222,M16222,M,300.0,308.9,1461,51.8,230,0,0,0,0,0,0
6223,L16223,L,300.1,309.2,1402,42.9,194,0,0,0,0,0,0
6224,L16224,L,300.0,309.8,1668,48.9,245,1,0,0,0,1,0
6225,L16225,L,300.1,311.5,1486,45.2,137,0,0,0,0,0,0
6226,M16226,M,300.1,309.9,1523,42.4,228,0,0,0,0,0,0
6227,L16227,L,300.1,309.5,1393,38.1,18,0,0,0,0,0,0
6228,H16228,H,300.1,308.3,1358,42.3,81,1,0,1,0,0,0
6229,M16229,M,300.1,311.6,1456,48.7,155,0,0,0,0,0,0
6230,L16230,L,300.0,310.6,1552,45.0,94,0,0,0,0,0,0
6231,M16231,M,300.0,310.8,1488,41.0,16,0,0,0,0,0,0
6232,H16232,H,300.1,311.0,1597,39.0,23,0,0,0,0,0,0
6233,M16233,M,300.1,310.0,1512,43.0,128,0,0,0,0,0,0
6234,L16234,L,300.1,310.2,1501,36.8,4,0,0,0,0,0,0
6235,L16235,L,300.1,311.6,1554,43.0,159,0,0,0,0,0,0
6236,H16236,H,300.1,310.3,1510,35.8,52,0,0,0,0,0,0
6237,M16237,M,300.1,310.7,1594,37.9,80,0,0,0,0,0,0
6238,M16238,M,300.1,311.0,1556,33.8,184,0,0,0,0,0,0
6239,H16239,H,300.0,310.6,1591,37.4,212,0,0,0,0,0,0
6240,H16240,H,300.0,309.9,1572,35.9,232,0,0,0,0,0,0
6241,H16241,H,300.0,309.9,1636,50.2,170,0,0,0,0,0,0
6242,L16242,L,299.9,310.7,1583,34.6,85,0,0,0,0,0,0
6243,M16243,M,300.0,310.8,1675,42.3,102,0,0,0,0,0,0
6244,M16244,M,300.0,311.2,1446,34.3,166,0,0,0,0,0,0
6245,M16245,M,299.9,310.5,1583,40.3,161,0,0,0,0,0,0
6246,M16246,M,299.8,310.4,1362,41.7,205,0,0,0,0,0,0
6247,L16247,L,299.8,309.3,1595,28.9,79,0,0,0,0,0,0
6248,M16248,M,299.9,309.3,1506,31.6,4,0,0,0,0,0,0
6249,M16249,M,299.9,310.7,1594,34.3,17,0,0,0,0,0,0
6250,L16250,L,299.9,309.4,1668,32.2,131,0,0,0,0,0,0
6251,L16251,L,299.9,309.9,1580,40.5,235,0,0,0,0,0,0
6252,L16252,L,299.9,311.3,1459,41.5,242,0,0,0,0,0,0
6253,L16253,L,300.0,311.2,1391,33.6,219,0,0,0,0,0,0
6254,L16254,L,299.9,310.2,1554,40.7,108,0,0,0,0,0,0
6255,L16255,L,300.0,309.7,1471,37.5,90,0,0,0,0,0,0
6256,M16256,M,300.0,309.8,1566,39.4,69,0,0,0,0,0,0
6257,M16257,M,300.0,310.9,1449,36.2,138,0,0,0,0,0,0
6258,M16258,M,300.1,310.0,1407,42.9,174,0,0,0,0,0,0
6259,H16259,H,300.1,309.6,1476,49.8,212,0,0,0,0,0,0
6260,L16260,L,300.1,311.3,1550,44.6,80,0,0,0,0,0,0
6261,L16261,L,300.2,310.3,1512,48.4,30,0,0,0,0,0,0
6262,H16262,H,300.2,309.6,1419,31.6,225,0,0,0,0,0,0
6263,L16263,L,300.2,310.6,1680,35.9,12,0,0,0,0,0,0
6264,H16264,H,300.2,311.2,1486,43.4,22,0,0,0,0,0,0
6265,H16265,H,300.2,309.2,1274,49.0,248,0,0,0,0,0,0
6266,M16266,M,300.2,310.0,1593,43.9,64,0,0,0,0,0,0
6267,H16267,H,300.2,310.0,1499,33.8,195,0,0,0,0,0,0
6268,L16268,L,300.2,310.7,1483,37.4,29,0,0,0,0,0,0
6269,L16269,L,300.2,310.9,1481,42.0,158,0,0,0,0,0,0
6270,M16270,M,300.3,309.8,1482,39.0,46,0,0,0,0,0,0
6271,L16271,L,300.3,308.8,1667,35.2,143,0,0,0,0,0,0
6272,H16272,H,300.3,311.4,1546,38.3,170,0,0,0,0,0,0
6273,L16273,L,300.4,309.3,1526,39.9,130,0,0,0,0,0,0
6274,M16274,M,300.5,310.8,1474,33.5,11,0,0,0,0,0,0
6275,M16275,M,300.4,310.3,1673,45.9,203,0,0,0,0,0,0
6276,M16276,M,300.4,310.5,1584,37.4,138,0,0,0,0,0,0
6277,L16277,L,300.4,312.1,1599,39.6,15,0,0,0,0,0,0
6278,L16278,L,300.3,313.4,1528,46.2,156,0,0,0,0,0,0
6279,H16279,H,300.3,308.6,1600,39.3,116,0,0,0,0,0,0
6280,L16280,L,300.2,311.2,1539,45.9,148,0,0,0,0,0,0
6281,H16281,H,300.3,310.1,1463,33.8,108,0,0,0,0,0,0
6282,M16282,M,300.3,311.4,1537,42.6,235,0,0,0,0,0,0
6283,M16283,M,300.3,311.3,1710,45.0,233,0,0,0,0,0,0
6284,M16284,M,300.3,311.7,1520,35.0,57,0,0,0,0,0,0
6285,L16285,L,300.3,310.6,1627,38.9,170,0,0,0,0,0,0
6286,M16286,M,300.3,309.4,1619,39.1,241,0,0,0,0,0,0
6287,H16287,H,300.3,311.3,1556,41.3,4,0,0,0,0,0,0
6288,L16288,L,300.3,310.5,1666,42.8,179,0,0,0,0,0,0
6289,H16289,H,300.2,310.0,1283,34.5,140,0,0,0,0,0,0
6290,L16290,L,300.2,309.7,1316,39.6,80,0,0,0,0,0,0
6291,L16291,L,300.3,311.3,1673,49.5,139,0,0,0,0,0,0
6292,L16292,L,300.3,311.9,1435,46.3,208,0,0,0,0,0,0
6293,H16293,H,300.3,309.1,1511,44.8,0,0,0,0,0,0,0
6294,L16294,L,300.3,310.9,1675,38.8,7,0,0,0,0,0,0
6295,H16295,H,300.3,309.9,1520,52.8,143,0,0,0,0,0,0
6296,H16296,H,300.3,308.8,1669,46.2,142,0,0,0,0,0,0
6297,L16297,L,300.3,310.4,1461,40.2,18,0,0,0,0,0,0
6298,L16298,L,300.2,309.4,1562,41.3,152,0,0,0,0,0,0
6299,M16299,M,300.2,308.7,1506,37.2,30,0,0,0,0,0,0
6300,L16300,L,300.2,309.5,1649,42.4,233,0,0,0,0,0,0
6301,M16301,M,300.2,309.1,1474,43.6,129,0,0,0,0,0,0
6302,L16302,L,300.2,309.5,1404,44.2,120,0,0,0,0,0,0
6303,L16303,L,300.1,308.8,1453,38.9,58,0,0,0,0,0,0
6304,M16304,M,300.1,309.7,1458,31.2,216,0,0,0,0,0,0
6305,L16305,L,300.2,309.5,1435,41.5,30,0,0,0,0,0,0
6306,L16306,L,300.2,310.5,1431,44.2,195,0,0,0,0,0,0
6307,L16307,L,300.1,310.7,1612,34.1,195,0,0,0,0,0,0
6308,L16308,L,300.1,310.4,1641,39.5,243,0,0,0,0,0,0
6309,M16309,M,300.1,309.8,1539,48.0,139,0,0,0,0,0,0
6310,H16310,H,300.1,309.8,1435,32.8,144,0,0,0,0,0,0
6311,L16311,L,300.1,309.3,1442,38.3,212,0,0,0,0,0,0
6312,M16312,M,300.2,309.4,1293,48.9,28,0,0,0,0,0,0
6313,M16313,M,300.2,310.9,1538,40.9,213,1,1,0,0,0,0
6314,L16314,L,300.2,308.5,1432,36.8,163,0,0,0,0,0,0
6315,L16315,L,300.3,310.2,1647,40.0,103,0,0,0,0,0,0
6316,H16316,H,300.2,309.9,1362,45.0,207,0,0,0,0,0,0
6317,M16317,M,300.2,310.8,1441,38.8,62,0,0,0,0,0,0
6318,M16318,M,300.2,308.8,1490,43.6,14,0,0,0,0,0,0
6319,M16319,M,300.3,310.3,1547,41.4,29,0,0,0,0,0,0
6320,L16320,L,300.3,310.7,1680,41.9,237,0,0,0,0,0,0
6321,M16321,M,300.4,308.5,1363,44.0,178,1,0,1,0,0,0
6322,M16322,M,300.4,309.3,1470,38.2,10,0,0,0,0,0,0
6323,M16323,M,300.5,310.4,1357,34.3,184,0,0,0,0,0,0
6324,L16324,L,300.5,311.0,1579,42.8,12,0,0,0,0,0,0
6325,L16325,L,300.4,310.6,1435,39.2,214,0,0,0,0,0,0
6326,L16326,L,300.5,311.1,1490,37.3,231,0,0,0,0,0,0
6327,H16327,H,300.6,309.5,1483,43.2,54,0,0,0,0,0,0
6328,L16328,L,300.6,309.0,1512,47.7,232,1,0,0,0,1,0
6329,L16329,L,300.6,310.7,1484,39.1,225,0,0,0,0,0,0
6330,L16330,L,300.6,309.4,1403,40.1,62,0,0,0,0,0,0
6331,L16331,L,300.6,309.8,1508,32.9,211,0,0,0,0,0,0
6332,M16332,M,300.6,311.5,1421,38.7,129,0,0,0,0,0,0
6333,M16333,M,300.6,310.7,1581,41.3,199,0,0,0,0,0,0
6334,M16334,M,300.6,310.0,1506,39.9,209,0,0,0,0,0,0
6335,L16335,L,300.6,309.9,1396,37.8,183,0,0,0,0,0,0
6336,M16336,M,300.6,311.3,1741,44.4,245,0,0,0,0,0,0
6337,L16337,L,300.6,310.9,1666,40.3,6,0,0,0,0,0,0
6338,L16338,L,300.6,309.4,1744,55.5,170,1,0,0,1,0,0
6339,L16339,L,300.7,308.7,1466,41.2,158,0,0,0,0,0,0
6340,L16340,L,300.7,312.6,1416,23.5,188,1,0,0,1,0,0
6341,L16341,L,300.7,309.4,1581,33.3,149,0,0,0,0,0,0
6342,M16342,M,300.7,311.2,1611,43.2,189,0,0,0,0,0,0
6343,M16343,M,300.6,312.1,1520,36.1,27,0,0,0,0,0,0
6344,H16344,H,300.6,310.7,1290,36.5,24,0,0,0,0,0,0
6345,L16345,L,300.6,310.0,1402,32.6,243,0,0,0,0,0,0
6346,L16346,L,300.6,309.2,1542,37.1,192,0,0,0,0,0,0
6347,L16347,L,300.7,309.2,1434,41.2,159,0,0,0,0,0,0
6348,H16348,H,300.7,311.0,1363,42.3,216,0,0,0,0,0,0
6349,M16349,M,300.7,312.1,1474,33.9,175,0,0,0,0,0,0
6350,M16350,M,300.7,310.3,1175,44.8,79,0,0,0,0,0,0
6351,L16351,L,300.8,310.3,1440,32.9,220,1,1,0,0,0,0
6352,M16352,M,300.9,311.6,1457,42.6,233,0,0,0,0,0,0
6353,L16353,L,300.8,310.1,1531,42.0,23,0,0,0,0,0,0
6354,M16354,M,300.8,311.1,1555,34.4,80,0,0,0,0,0,0
6355,H16355,H,300.9,311.0,1538,33.7,124,0,0,0,0,0,0
6356,H16356,H,300.9,310.5,1590,42.3,169,0,0,0,0,0,0
6357,M16357,M,301.0,310.9,1483,36.6,69,0,0,0,0,0,0
6358,L16358,L,301.0,312.8,1354,38.9,77,0,0,0,0,0,0
6359,H16359,H,301.1,311.7,1504,44.1,89,0,0,0,0,0,0
6360,M16360,M,301.1,312.2,1412,42.9,123,0,0,0,0,0,0
6361,L16361,L,301.0,310.1,1364,34.5,91,0,0,0,0,0,0
6362,L16362,L,301.0,312.1,1558,39.7,110,0,0,0,0,0,0
6363,L16363,L,301.1,311.7,1359,34.4,163,0,0,0,0,0,0
6364,L16364,L,301.1,309.6,1568,45.2,158,0,0,0,0,0,0
6365,L16365,L,301.1,311.7,1371,49.2,127,0,0,0,0,0,0
6366,M16366,M,301.1,310.6,1471,34.9,154,0,0,0,0,0,0
6367,L16367,L,301.1,309.6,1444,39.8,193,0,0,0,0,0,0
6368,L16368,L,301.2,311.3,1614,45.5,210,0,0,0,0,0,0
6369,M16369,M,301.2,311.7,1559,40.1,219,1,1,0,0,0,0
6370,H16370,H,301.2,311.3,1418,43.4,172,0,0,0,0,0,0
6371,M16371,M,301.1,311.0,1484,40.3,43,0,0,0,0,0,0
6372,L16372,L,301.2,310.9,1633,33.7,56,0,0,0,0,0,0
6373,H16373,H,301.1,313.6,1649,40.7,20,0,0,0,0,0,0
6374,H16374,H,301.0,309.8,1363,46.8,54,0,0,0,0,0,0
6375,L16375,L,301.1,312.0,1632,41.9,108,0,0,0,0,0,0
6376,L16376,L,301.1,311.1,1624,49.7,142,0,0,0,0,0,0
6377,M16377,M,301.1,310.3,1518,29.4,161,0,0,0,0,0,0
6378,H16378,H,301.1,311.0,1491,42.3,103,0,0,0,0,0,0
6379,H16379,H,301.1,309.7,1445,36.1,130,0,0,0,0,0,0
6380,H16380,H,301.1,310.5,1375,34.7,128,0,0,0,0,0,0
6381,M16381,M,301.1,311.0,1534,48.0,23,0,0,0,0,0,0
6382,M16382,M,301.1,309.6,1483,38.5,170,0,0,0,0,0,0
6383,L16383,L,301.1,311.6,1543,37.9,26,0,0,0,0,0,0
6384,L16384,L,301.1,310.2,1546,42.1,136,0,0,0,0,0,0
6385,L16385,L,301.1,309.7,1752,27.1,87,0,0,0,0,0,0
6386,M16386,M,301.0,309.9,1620,48.1,144,0,0,0,0,0,0
6387,M16387,M,301.0,313.2,1555,51.4,91,0,0,0,0,0,0
6388,M16388,M,301.0,309.1,1286,45.5,38,1,0,1,0,0,0
6389,L16389,L,301.0,311.5,1539,42.5,54,0,0,0,0,0,0
6390,M16390,M,301.1,310.4,1658,38.7,195,0,0,0,0,0,0
6391,L16391,L,301.0,310.7,1457,33.5,124,0,0,0,0,0,0
6392,L16392,L,301.0,311.6,1719,47.2,220,0,0,0,0,0,0
6393,M16393,M,301.0,311.5,1554,45.5,44,0,0,0,0,0,0
6394,M16394,M,301.0,310.3,1529,42.7,155,0,0,0,0,0,0
6395,H16395,H,301.0,309.6,1401,42.0,183,0,0,0,0,0,0
6396,L16396,L,301.0,311.6,1650,41.8,100,0,0,0,0,0,0
6397,L16397,L,301.0,311.5,1417,36.8,156,0,0,0,0,0,0
6398,L16398,L,300.9,310.6,1444,55.0,235,1,0,0,0,1,0
6399,L16399,L,301.0,311.4,1312,38.3,243,0,0,0,0,0,0
6400,H16400,H,301.1,310.7,1590,37.4,28,0,0,0,0,0,0
6401,M16401,M,301.1,310.3,1559,46.7,68,0,0,0,0,0,0
6402,H16402,H,301.1,311.1,1501,39.8,10,0,0,0,0,0,0
6403,L16403,L,301.2,311.7,1574,39.9,129,0,0,0,0,0,0
6404,H16404,H,301.1,311.4,1565,48.5,195,0,0,0,0,0,0
6405,L16405,L,301.1,311.6,1463,44.1,137,0,0,0,0,0,0
6406,H16406,H,301.0,310.3,1422,44.4,247,0,0,0,0,0,0
6407,L16407,L,301.0,312.6,1328,31.5,102,0,0,0,0,0,0
6408,L16408,L,301.0,310.6,1482,42.4,107,0,0,0,0,0,0
6409,M16409,M,300.9,310.8,1369,34.0,199,0,0,0,0,0,0
6410,H16410,H,300.9,309.6,1516,37.3,118,0,0,0,0,0,0
6411,L16411,L,300.9,310.7,1484,41.1,214,0,0,0,0,0,0
6412,L16412,L,300.9,311.4,1460,39.8,154,0,0,0,0,0,0
6413,H16413,H,300.9,311.6,1605,43.9,86,0,0,0,0,0,0
6414,L16414,L,300.9,312.4,1401,44.6,111,0,0,0,0,0,0
6415,L16415,L,300.9,311.4,1315,45.1,225,0,0,0,0,0,0
6416,L16416,L,300.9,311.2,1477,31.9,162,0,0,0,0,0,0
6417,L16417,L,300.9,310.5,1426,54.2,208,1,0,0,0,1,0
6418,H16418,H,301.0,310.3,1512,39.9,238,0,0,0,0,0,0
6419,M16419,M,301.0,312.0,1409,47.3,177,0,0,0,0,0,0
6420,M16420,M,301.1,312.0,1542,24.9,73,0,0,0,0,0,0
6421,H16421,H,301.0,309.9,1403,38.4,245,0,0,0,0,0,0
6422,L16422,L,301.0,311.7,1402,31.2,1,0,0,0,0,0,0
6423,L16423,L,301.1,311.7,1562,34.8,16,0,0,0,0,0,0
6424,L16424,L,301.1,309.9,1495,40.3,94,0,0,0,0,0,0
6425,L16425,L,300.9,311.5,1381,38.0,79,0,0,0,0,0,0
6426,L16426,L,300.9,309.9,1405,47.9,23,0,0,0,0,0,0
6427,H16427,H,300.9,308.5,1463,50.6,56,0,0,0,0,0,0
6428,M16428,M,300.8,310.6,1386,34.2,70,0,0,0,0,0,0
6429,L16429,L,300.9,311.1,1471,37.1,82,0,0,0,0,0,0
6430,M16430,M,300.8,310.7,1475,33.8,143,0,0,0,0,0,0
6431,M16431,M,300.8,313.7,1408,46.9,96,0,0,0,0,0,0
6432,H16432,H,300.8,311.2,1565,41.0,35,0,0,0,0,0,0
6433,H16433,H,300.8,310.9,1398,40.2,44,0,0,0,0,0,0
6434,M16434,M,300.7,311.1,1625,41.9,9,0,0,0,0,0,0
6435,M16435,M,300.7,310.2,1478,38.1,62,0,0,0,0,0,0
6436,M16436,M,300.7,311.6,1434,34.9,42,0,0,0,0,0,0
6437,M16437,M,300.7,311.1,1554,40.3,50,0,0,0,0,0,0
6438,L16438,L,300.7,311.0,1503,38.4,206,0,0,0,0,0,0
6439,L16439,L,300.6,310.0,1576,42.1,106,0,0,0,0,0,0
6440,M16440,M,300.7,309.1,1300,30.2,2,1,0,1,0,0,0
6441,L16441,L,300.8,310.3,1552,41.1,193,0,0,0,0,0,0
6442,L16442,L,300.8,311.1,1448,35.9,234,0,0,0,0,0,0
6443,M16443,M,300.9,310.4,1504,40.9,233,0,0,0,0,0,0
6444,L16444,L,300.9,311.2,1491,45.4,162,0,0,0,0,0,0
6445,M16445,M,300.8,310.6,1635,36.7,218,0,0,0,0,0,0
6446,M16446,M,300.8,311.2,1314,47.2,68,0,0,0,0,0,0
6447,H16447,H,300.8,309.8,1661,29.6,78,0,0,0,0,0,0
6448,L16448,L,300.7,310.9,1571,49.3,35,0,0,0,0,0,0
6449,L16449,L,300.7,310.1,1515,47.4,48,0,0,0,0,0,0
6450,M16450,M,300.7,309.2,1357,34.7,224,1,0,1,0,0,0
6451,H16451,H,300.7,310.6,1333,34.7,0,0,0,0,0,0,0
6452,H16452,H,300.8,312.3,1444,31.0,203,0,0,0,0,0,0
6453,L16453,L,300.8,309.4,1564,45.5,169,0,0,0,0,0,0
6454,L16454,L,300.8,311.0,1499,38.0,168,0,0,0,0,0,0
6455,H16455,H,300.8,311.6,1558,37.6,72,0,0,0,0,0,0
6456,L16456,L,300.9,313.2,1354,33.3,184,0,0,0,0,0,0
6457,M16457,M,300.9,310.4,1504,50.9,249,1,0,0,0,1,0
6458,L16458,L,300.9,310.3,1610,34.2,115,0,0,0,0,0,0
6459,L16459,L,300.9,309.7,1645,40.1,147,0,0,0,0,0,0
6460,L16460,L,300.8,312.0,1375,41.3,221,0,0,0,0,0,0
6461,L16461,L,300.9,310.0,1465,37.6,13,0,0,0,0,0,0
6462,M16462,M,300.9,310.5,1466,36.4,121,0,0,0,0,0,0
6463,H16463,H,300.8,309.0,1437,37.8,214,0,0,0,0,0,0
6464,L16464,L,300.8,311.7,1591,43.4,92,0,0,0,0,0,0
6465,H16465,H,300.7,311.9,1787,37.9,242,0,0,0,0,0,0
6466,L16466,L,300.8,311.6,1389,49.8,233,1,0,0,0,1,0
6467,M16467,M,300.7,309.1,1542,35.3,226,0,0,0,0,0,0
6468,L16468,L,300.7,311.3,1530,44.5,179,0,0,0,0,0,0
6469,H16469,H,300.8,309.1,1532,29.5,218,0,0,0,0,0,0
6470,M16470,M,300.7,310.8,1633,35.3,53,0,0,0,0,0,0
6471,M16471,M,300.7,310.9,1537,35.1,48,0,0,0,0,0,0
6472,H16472,H,300.7,311.0,1286,33.4,218,0,0,0,0,0,0
6473,M16473,M,300.7,311.3,1356,41.7,29,0,0,0,0,0,0
6474,H16474,H,300.8,310.8,1393,39.3,130,0,0,0,0,0,0
6475,M16475,M,300.9,308.9,1425,26.3,11,0,0,0,0,0,0
6476,H16476,H,300.9,311.5,1486,52.0,110,0,0,0,0,0,0
6477,M16477,M,300.9,311.0,1479,41.1,158,0,0,0,0,0,0
6478,L16478,L,301.0,310.1,1318,40.0,164,0,0,0,0,0,0
6479,M16479,M,301.0,309.4,1339,47.9,154,1,0,1,0,0,0
6480,L16480,L,301.0,312.6,1288,45.9,238,0,0,0,0,0,0
6481,M16481,M,301.0,312.3,1345,38.2,115,0,0,0,0,0,0
6482,L16482,L,301.0,311.7,1599,28.3,151,0,0,0,0,0,0
6483,M16483,M,301.1,310.4,1473,43.4,111,0,0,0,0,0,0
6484,L16484,L,301.1,308.6,1405,34.2,168,0,0,0,0,0,0
6485,L16485,L,301.2,312.0,1308,47.4,103,0,0,0,0,0,0
6486,L16486,L,301.2,311.6,1399,35.3,191,0,0,0,0,0,0
6487,H16487,H,301.2,310.8,1561,37.3,10,0,0,0,0,0,0
6488,L16488,L,301.1,312.3,1548,31.9,90,0,0,0,0,0,0
6489,L16489,L,301.1,312.0,1475,32.4,72,0,0,0,0,0,0
6490,M16490,M,301.1,311.3,1473,39.3,15,0,0,0,0,0,0
6491,M16491,M,301.1,311.1,1323,38.8,13,0,0,0,0,0,0
6492,L16492,L,301.1,311.2,1422,37.1,174,0,0,0,0,0,0
6493,L16493,L,301.1,311.8,1556,52.3,157,0,0,0,0,0,0
6494,L16494,L,301.1,310.2,1433,43.6,109,0,0,0,0,0,0
6495,H16495,H,301.1,311.5,1662,40.1,151,0,0,0,0,0,0
6496,L16496,L,301.1,310.2,1621,23.5,233,0,0,0,0,0,0
6497,L16497,L,301.2,312.5,1455,45.0,140,0,0,0,0,0,0
6498,L16498,L,301.1,311.6,1473,58.0,224,1,0,0,0,1,0
6499,L16499,L,301.1,310.4,1722,38.9,118,0,0,0,0,0,0
6500,M16500,M,301.1,311.2,1585,35.1,125,0,0,0,0,0,0
6501,L16501,L,301.1,310.3,1507,41.0,8,0,0,0,0,0,0
6502,L16502,L,301.1,312.6,1519,31.4,176,0,0,0,0,0,0
6503,L16503,L,301.1,312.7,1515,42.8,153,0,0,0,0,0,0
6504,L16504,L,301.1,311.8,1498,49.0,48,0,0,0,0,0,0
6505,L16505,L,301.1,312.7,1393,36.0,41,0,0,0,0,0,0
6506,H16506,H,301.1,311.3,1460,36.2,172,0,0,0,0,0,0
6507,M16507,M,301.2,311.9,1356,39.5,113,0,0,0,0,0,0
6508,H16508,H,301.1,312.3,1572,37.0,76,0,0,0,0,0,0
6509,H16509,H,301.1,311.1,1487,30.9,148,0,0,0,0,0,0
6510,M16510,M,301.1,311.2,1578,37.7,156,0,0,0,0,0,0
6511,L16511,L,301.1,312.1,1373,36.5,91,0,0,0,0,0,0
6512,M16512,M,301.1,311.7,1642,48.2,151,0,0,0,0,0,0
6513,H16513,H,301.1,310.3,1630,46.9,204,0,0,0,0,0,0
6514,M16514,M,301.0,308.8,1343,48.4,119,1,0,1,0,0,0
6515,M16515,M,301.0,310.8,1449,44.8,169,0,0,0,0,0,0
6516,L16516,L,301.0,308.9,1460,41.2,83,0,0,0,0,0,0
6517,H16517,H,300.9,309.9,1356,34.8,102,0,0,0,0,0,0
6518,M16518,M,300.9,310.1,1474,48.0,70,0,0,0,0,0,0
6519,H16519,H,301.0,310.4,1556,42.1,168,0,0,0,0,0,0
6520,L16520,L,300.9,311.7,1453,32.5,47,0,0,0,0,0,0
6521,L16521,L,300.9,312.0,1329,34.5,78,0,0,0,0,0,0
6522,L16522,L,300.9,311.4,1577,32.4,216,0,0,0,0,0,0
6523,M16523,M,300.9,311.5,1421,27.7,226,0,0,0,0,0,0
6524,L16524,L,300.9,311.5,1431,42.3,76,0,0,0,0,0,0
6525,L16525,L,300.8,308.3,1668,32.6,42,0,0,0,0,0,0
6526,H16526,H,300.9,310.9,1540,35.5,7,0,0,0,0,0,0
6527,L16527,L,300.9,309.1,1419,40.2,212,0,0,0,0,0,0
6528,H16528,H,300.9,311.4,1381,38.9,62,0,0,0,0,0,0
6529,L16529,L,300.8,308.7,1597,35.7,244,0,0,0,0,0,0
6530,H16530,H,300.9,310.7,1590,49.1,119,0,0,0,0,0,0
6531,M16531,M,300.8,311.4,1449,30.8,62,0,0,0,0,0,0
6532,H16532,H,300.8,309.7,1374,31.1,5,0,0,0,0,0,0
6533,H16533,H,300.8,311.8,1539,42.7,73,0,0,0,0,0,0
6534,L16534,L,300.9,311.4,1559,36.2,249,0,0,0,0,0,0
6535,L16535,L,300.9,311.2,1463,36.0,240,0,0,0,0,0,0
6536,L16536,L,301.0,311.7,1390,33.5,51,0,0,0,0,0,0
6537,M16537,M,301.0,310.6,1502,42.0,232,0,0,0,0,0,0
6538,H16538,H,300.9,311.1,1546,41.4,20,0,0,0,0,0,0
6539,L16539,L,300.9,310.9,1451,40.7,141,0,0,0,0,0,0
6540,M16540,M,300.9,310.9,1526,36.5,115,0,0,0,0,0,0
6541,L16541,L,300.9,310.3,1536,35.5,250,0,0,0,0,0,0
6542,H16542,H,301.0,309.7,1615,39.0,236,0,0,0,0,0,0
6543,H16543,H,301.0,310.7,1458,45.8,57,0,0,0,0,0,0
6544,L16544,L,301.1,310.7,1386,49.4,224,1,0,0,0,1,0
6545,L16545,L,301.1,310.3,1493,46.7,152,0,0,0,0,0,0
6546,L16546,L,301.0,311.9,1669,43.0,55,0,0,0,0,0,0
6547,M16547,M,301.0,309.8,1324,45.9,82,0,0,0,0,0,0
6548,M16548,M,301.0,310.8,1269,32.9,8,0,0,0,0,0,0
6549,L16549,L,301.0,312.1,1489,35.7,240,0,0,0,0,0,0
6550,L16550,L,301.0,311.9,1462,43.1,238,0,0,0,0,0,0
6551,L16551,L,301.0,312.2,1479,39.3,243,0,0,0,0,0,0
6552,M16552,M,301.0,310.4,1475,42.0,228,0,0,0,0,0,0
6553,M16553,M,301.0,311.8,1601,45.9,227,0,0,0,0,0,0
6554,L16554,L,301.1,310.0,1496,44.9,163,0,0,0,0,0,0
6555,M16555,M,301.0,310.8,1582,33.5,184,0,0,0,0,0,0
6556,M16556,M,300.9,310.7,1252,40.1,206,0,0,0,0,0,0
6557,L16557,L,300.9,310.4,1447,34.5,132,0,0,0,0,0,0
6558,L16558,L,301.0,310.6,1418,35.3,80,0,0,0,0,0,0
6559,M16559,M,301.0,310.5,1272,29.7,93,0,0,0,0,0,0
6560,H16560,H,301.0,310.0,1510,40.8,134,0,0,0,0,0,0
6561,L16561,L,300.9,311.8,1490,29.3,133,0,0,0,0,0,0
6562,L16562,L,301.0,310.8,1453,42.4,206,0,0,0,0,0,0
6563,L16563,L,301.0,311.2,1487,48.2,248,1,0,0,0,1,0
6564,M16564,M,301.0,311.1,1510,43.2,51,0,0,0,0,0,0
6565,L16565,L,301.0,311.1,1601,40.3,237,0,0,0,0,0,0
6566,L16566,L,301.0,311.1,1564,49.2,201,0,0,0,0,0,0
6567,M16567,M,301.1,310.8,1533,42.0,197,0,0,0,0,0,0
6568,M16568,M,301.1,312.5,1731,34.8,105,0,0,0,0,0,0
6569,L16569,L,301.0,311.8,1429,40.8,54,0,0,0,0,0,0
6570,L16570,L,301.0,311.0,1364,51.8,243,1,0,0,0,1,0
6571,M16571,M,301.0,310.6,1617,33.4,232,0,0,0,0,0,0
6572,L16572,L,301.0,310.9,1687,31.7,204,0,0,0,0,0,0
6573,L16573,L,300.9,311.4,1436,43.7,13,0,0,0,0,0,0
6574,H16574,H,300.9,312.4,1638,38.7,128,0,0,0,0,0,0
6575,L16575,L,300.9,309.5,1447,36.8,224,0,0,0,0,0,0
6576,M16576,M,300.9,311.6,1558,32.4,210,0,0,0,0,0,0
6577,H16577,H,301.0,312.1,1564,28.3,200,0,0,0,0,0,0
6578,L16578,L,300.9,309.4,1437,31.3,164,0,0,0,0,0,0
6579,L16579,L,300.9,310.7,1685,49.7,48,0,0,0,0,0,0
6580,M16580,M,300.9,309.8,1696,39.9,239,0,0,0,0,0,0
6581,H16581,H,300.9,311.3,1398,28.2,139,0,0,0,0,0,0
6582,H16582,H,300.8,310.5,1520,47.1,132,0,0,0,0,0,0
6583,M16583,M,300.8,310.6,1591,47.4,69,0,0,0,0,0,0
6584,L16584,L,300.8,310.4,1312,47.4,115,0,0,0,0,0,0
6585,M16585,M,300.8,311.5,1503,37.5,118,0,0,0,0,0,0
6586,L16586,L,300.8,311.0,1335,38.4,138,0,0,0,0,0,0
6587,L16587,L,300.8,311.0,1567,40.8,242,0,0,0,0,0,0
6588,L16588,L,300.8,311.0,1509,48.4,180,0,0,0,0,0,0
6589,L16589,L,300.8,311.4,1463,36.7,229,0,0,0,0,0,0
6590,M16590,M,300.7,310.4,1343,35.5,182,0,0,0,0,0,0
6591,L16591,L,300.7,312.4,1440,44.2,201,0,0,0,0,0,0
6592,L16592,L,300.7,309.5,1552,47.3,78,0,0,0,0,0,0
6593,L16593,L,300.7,308.9,1496,39.7,49,0,0,0,0,0,0
6594,H16594,H,300.7,308.9,1619,44.0,180,0,0,0,0,0,0
6595,M16595,M,300.7,308.7,1613,40.7,124,0,0,0,0,0,0
6596,L16596,L,300.6,311.3,1609,38.5,230,0,0,0,0,0,0
6597,L16597,L,300.6,311.2,1446,35.0,54,0,0,0,0,0,0
6598,L16598,L,300.7,311.9,1529,33.1,91,0,0,0,0,0,0
6599,H16599,H,300.7,309.7,1403,36.3,2,0,0,0,0,0,0
6600,M16600,M,300.8,311.5,1374,34.1,119,0,0,0,0,0,0
6601,M16601,M,300.8,310.9,1618,41.7,143,0,0,0,0,0,0
6602,M16602,M,300.8,311.0,1381,47.3,172,0,0,0,0,0,0
6603,L16603,L,300.9,311.5,1371,41.2,80,0,0,0,0,0,0
6604,H16604,H,300.9,310.2,1511,34.5,163,0,0,0,0,0,0
6605,M16605,M,300.9,313.5,1473,45.1,18,0,0,0,0,0,0
6606,L16606,L,300.9,312.3,1482,41.8,131,0,0,0,0,0,0
6607,L16607,L,300.9,310.4,1731,43.0,58,0,0,0,0,0,0
6608,M16608,M,300.9,309.8,1401,36.9,88,0,0,0,0,0,0
6609,H16609,H,300.9,310.8,1550,46.8,218,0,0,0,0,0,0
6610,L16610,L,300.8,311.0,1509,46.8,139,0,0,0,0,0,0
6611,H16611,H,300.8,311.9,1601,38.9,62,0,0,0,0,0,0
6612,M16612,M,300.8,309.6,1421,44.3,183,0,0,0,0,0,0
6613,L16613,L,300.7,311.0,1478,46.6,26,0,0,0,0,0,0
6614,L16614,L,300.7,309.2,1511,37.2,195,0,0,0,0,0,0
6615,L16615,L,300.7,311.1,1357,39.5,124,0,0,0,0,0,0
6616,M16616,M,300.7,310.6,1319,40.5,151,0,0,0,0,0,0
6617,L16617,L,300.8,312.7,1498,33.4,208,0,0,0,0,0,0
6618,L16618,L,300.8,309.2,1634,42.6,247,0,0,0,0,0,0
6619,M16619,M,300.8,312.2,1465,46.1,153,0,0,0,0,0,0
6620,M16620,M,300.9,309.2,1478,39.1,209,0,0,0,0,0,0
6621,L16621,L,300.9,309.6,1615,42.0,21,0,0,0,0,0,0
6622,L16622,L,300.9,309.2,1485,48.4,69,0,0,0,0,0,0
6623,L16623,L,300.9,311.2,1578,37.6,18,0,0,0,0,0,0
6624,M16624,M,301.0,309.8,1767,42.2,100,0,0,0,0,0,0
6625,H16625,H,301.0,309.7,1442,36.6,161,0,0,0,0,0,0
6626,L16626,L,301.1,311.3,1482,36.4,138,0,0,0,0,0,0
6627,H16627,H,301.1,311.5,1540,42.1,119,0,0,0,0,0,0
6628,M16628,M,301.1,311.2,1649,41.4,87,0,0,0,0,0,0
6629,M16629,M,301.2,311.0,1488,43.3,172,0,0,0,0,0,0
6630,M16630,M,301.2,313.0,1573,40.5,36,0,0,0,0,0,0
6631,L16631,L,301.1,311.3,1535,42.8,150,0,0,0,0,0,0
6632,L16632,L,301.1,311.9,1493,50.0,167,0,0,0,0,0,0
6633,M16633,M,301.2,311.3,1458,46.4,170,0,0,0,0,0,0
6634,M16634,M,301.2,310.1,1439,42.0,3,0,0,0,0,0,0
6635,M16635,M,301.2,311.8,1807,43.0,81,0,0,0,0,0,0
6636,L16636,L,301.1,310.5,1346,38.2,221,0,0,0,0,0,0
6637,H16637,H,301.2,311.1,1355,39.0,14,0,0,0,0,0,0
6638,M16638,M,301.1,311.4,1524,43.0,228,0,0,0,0,0,0
6639,L16639,L,301.0,309.1,1520,40.5,150,0,0,0,0,0,0
6640,L16640,L,301.0,309.4,1543,44.8,139,0,0,0,0,0,0
6641,M16641,M,301.0,311.9,1413,47.6,67,0,0,0,0,0,0
6642,M16642,M,301.1,310.4,1397,39.4,67,0,0,0,0,0,0
6643,L16643,L,301.1,310.4,1471,27.9,179,0,0,0,0,0,0
6644,H16644,H,301.1,311.2,1591,52.2,168,0,0,0,0,0,0
6645,L16645,L,301.1,310.7,1398,36.1,104,0,0,0,0,0,0
6646,L16646,L,301.1,311.5,1515,41.2,205,0,0,0,0,0,0
6647,H16647,H,301.1,311.0,1449,44.4,58,0,0,0,0,0,0
6648,H16648,H,301.1,311.3,1348,48.5,57,0,0,0,0,0,0
6649,M16649,M,301.1,310.4,1372,50.8,119,0,0,0,0,0,0
6650,H16650,H,301.1,311.3,1591,37.8,186,0,0,0,0,0,0
6651,L16651,L,301.0,312.2,1440,47.1,199,0,0,0,0,0,0
6652,H16652,H,301.1,310.5,1624,41.2,150,0,0,0,0,0,0
6653,L16653,L,301.1,312.0,1496,56.5,128,0,0,0,0,0,0
6654,L16654,L,301.2,311.1,1363,46.6,55,0,0,0,0,0,0
6655,L16655,L,301.2,311.9,1548,38.9,202,0,0,0,0,0,0
6656,L16656,L,301.1,311.2,1420,35.2,218,0,0,0,0,0,0
6657,L16657,L,301.0,311.0,1462,24.2,3,0,0,0,0,0,0
6658,L16658,L,301.1,311.4,1613,44.0,28,0,0,0,0,0,0
6659,L16659,L,301.0,312.2,1371,46.1,16,0,0,0,0,0,0
6660,L16660,L,301.0,311.2,1455,44.5,176,0,0,0,0,0,0
6661,M16661,M,301.1,311.5,1392,25.9,210,0,0,0,0,0,0
6662,L16662,L,301.0,310.6,1381,32.5,236,0,0,0,0,0,0
6663,L16663,L,301.1,312.6,1453,42.9,50,0,0,0,0,0,0
6664,M16664,M,301.1,311.7,1414,50.7,249,1,0,0,0,1,0
6665,H16665,H,301.0,311.1,1473,39.7,176,0,0,0,0,0,0
6666,M16666,M,301.0,310.9,1564,46.5,23,0,0,0,0,0,0
6667,L16667,L,300.9,311.9,1425,33.8,243,0,0,0,0,0,0
6668,M16668,M,301.0,310.4,1353,41.2,43,0,0,0,0,0,0
6669,L16669,L,300.9,309.2,1564,38.4,115,0,0,0,0,0,0
6670,L16670,L,300.8,310.9,1424,47.1,237,1,0,0,0,1,0
6671,L16671,L,300.8,312.0,1683,36.8,245,0,0,0,0,0,0
6672,H16672,H,300.8,312.4,1459,50.1,168,0,0,0,0,0,0
6673,L16673,L,300.8,310.7,1486,38.2,56,0,0,0,0,0,0
6674,L16674,L,300.7,310.8,1270,33.6,235,0,0,0,0,0,0
6675,L16675,L,300.7,311.2,1384,33.8,183,0,0,0,0,0,0
6676,H16676,H,300.7,310.4,1272,36.3,31,0,0,0,0,0,0
6677,M16677,M,300.7,311.2,1529,42.2,158,0,0,0,0,0,0
6678,L16678,L,300.7,310.6,1492,36.3,240,0,0,0,0,0,0
6679,M16679,M,300.7,311.8,1563,35.1,143,0,0,0,0,0,0
6680,M16680,M,300.7,311.4,1581,45.3,159,0,0,0,0,0,0
6681,M16681,M,300.7,311.5,1596,20.7,107,1,0,0,1,0,0
6682,L16682,L,300.5,310.3,1477,37.4,41,0,0,0,0,0,0
6683,H16683,H,300.5,312.5,1509,32.0,121,0,0,0,0,0,0
6684,L16684,L,300.5,311.0,1558,34.8,33,0,0,0,0,0,0
6685,M16685,M,300.5,310.7,1421,41.5,226,0,0,0,0,0,0
6686,L16686,L,300.5,309.7,1406,38.8,250,0,0,0,0,0,0
6687,L16687,L,300.5,310.4,1654,38.2,164,0,0,0,0,0,0
6688,L16688,L,300.5,310.6,1319,47.1,143,0,0,0,0,0,0
6689,M16689,M,300.5,309.7,1550,39.9,84,0,0,0,0,0,0
6690,L16690,L,300.5,310.2,1534,50.8,140,0,0,0,0,0,0
6691,M16691,M,300.4,310.2,1388,44.3,121,0,0,0,0,0,0
6692,L16692,L,300.4,310.4,1433,34.2,119,0,0,0,0,0,0
6693,M16693,M,300.4,308.7,1464,51.6,81,0,0,0,0,0,0
6694,H16694,H,300.4,310.3,1522,41.7,193,0,0,0,0,0,0
6695,M16695,M,300.4,310.0,1535,51.2,119,0,0,0,0,0,0
6696,M16696,M,300.3,310.2,1497,38.4,160,0,0,0,0,0,0
6697,M16697,M,300.3,311.3,1519,41.6,104,0,0,0,0,0,0
6698,L16698,L,300.3,312.4,1566,42.6,81,0,0,0,0,0,0
6699,H16699,H,300.2,310.9,1561,39.0,91,0,0,0,0,0,0
6700,L16700,L,300.3,309.0,1653,47.6,228,0,0,0,0,0,0
6701,M16701,M,300.3,310.0,1604,51.6,162,0,0,0,0,0,0
6702,M16702,M,300.4,311.0,1502,26.2,164,0,0,0,0,0,0
6703,L16703,L,300.4,310.9,1564,44.9,203,0,0,0,0,0,0
6704,L16704,L,300.5,311.4,1542,34.6,39,0,0,0,0,0,0
6705,L16705,L,300.4,310.3,1516,24.4,135,0,0,0,0,0,0
6706,H16706,H,300.5,310.1,1413,43.1,53,0,0,0,0,0,0
6707,H16707,H,300.4,312.2,1516,43.1,88,0,0,0,0,0,0
6708,M16708,M,300.4,310.4,1293,44.1,134,0,0,0,0,0,0
6709,M16709,M,300.4,309.4,1607,42.2,1,0,0,0,0,0,0
6710,H16710,H,300.4,311.9,1535,45.3,96,0,0,0,0,0,0
6711,L16711,L,300.6,309.1,1484,36.4,55,0,0,0,0,0,0
6712,L16712,L,300.6,307.1,1458,41.6,224,0,0,0,0,0,0
6713,M16713,M,300.6,311.4,1565,44.2,103,0,0,0,0,0,0
6714,H16714,H,300.6,311.5,1684,48.1,123,0,0,0,0,0,0
6715,H16715,H,300.6,311.0,1538,40.3,184,0,0,0,0,0,0
6716,L16716,L,300.6,309.3,1690,38.7,176,0,0,0,0,0,0
6717,L16717,L,300.6,310.5,1578,39.7,214,0,0,0,0,0,0
6718,L16718,L,300.7,310.4,1419,32.8,196,0,0,0,0,0,0
6719,L16719,L,300.7,310.2,1549,44.6,124,0,0,0,0,0,0
6720,L16720,L,300.8,312.2,1539,31.3,77,0,0,0,0,0,0
6721,M16721,M,300.9,309.8,1419,42.3,7,0,0,0,0,0,0
6722,L16722,L,301.0,311.3,1459,40.5,83,0,0,0,0,0,0
6723,H16723,H,301.0,312.1,1457,30.7,190,0,0,0,0,0,0
6724,L16724,L,300.9,311.3,1510,31.0,81,0,0,0,0,0,0
6725,M16725,M,300.8,312.1,1472,34.9,214,0,0,0,0,0,0
6726,L16726,L,300.9,311.5,1527,37.9,220,0,0,0,0,0,0
6727,L16727,L,300.9,311.3,1543,48.9,198,0,0,0,0,0,0
6728,L16728,L,301.0,311.3,1627,39.3,87,0,0,0,0,0,0
6729,H16729,H,300.9,311.5,1555,43.3,173,0,0,0,0,0,0
6730,H16730,H,301.0,310.6,1430,47.6,216,0,0,0,0,0,0
6731,L16731,L,301.0,309.7,1711,46.4,205,1,1,0,0,0,0
6732,L16732,L,300.9,311.9,1430,40.0,229,0,0,0,0,0,0
6733,H16733,H,300.9,312.1,1461,35.8,66,0,0,0,0,0,0
6734,L16734,L,300.9,311.1,1560,43.0,116,0,0,0,0,0,0
6735,L16735,L,300.9,310.4,1790,35.9,173,0,0,0,0,0,0
6736,M16736,M,300.9,309.3,1540,50.9,77,0,0,0,0,0,0
6737,H16737,H,300.9,311.0,1436,45.2,66,0,0,0,0,0,0
6738,L16738,L,300.9,309.6,1336,41.3,41,0,0,0,0,0,0
6739,L16739,L,300.9,309.4,1329,43.1,63,1,0,1,0,0,0
6740,H16740,H,300.9,310.8,1501,41.1,127,0,0,0,0,0,0
6741,L16741,L,301.0,310.2,1554,37.8,72,0,0,0,0,0,0
6742,L16742,L,301.0,311.3,1358,43.0,180,0,0,0,0,0,0
6743,M16743,M,300.9,310.7,1522,38.5,198,0,0,0,0,0,0
6744,H16744,H,300.8,310.2,1369,51.6,89,0,0,0,0,0,0
6745,L16745,L,300.9,309.1,1408,35.8,6,0,0,0,0,0,0
6746,H16746,H,300.9,310.1,1563,43.1,6,0,0,0,0,0,0
6747,M16747,M,301.0,310.2,1425,35.3,235,0,0,0,0,0,0
6748,L16748,L,300.9,309.7,1631,35.2,121,0,0,0,0,0,0
6749,H16749,H,301.1,310.7,1442,29.3,163,0,0,0,0,0,0
6750,L16750,L,301.1,309.9,1611,42.5,115,0,0,0,0,0,0
6751,L16751,L,301.1,311.0,1727,36.8,12,0,0,0,0,0,0
6752,M16752,M,301.1,311.3,1425,46.5,194,0,0,0,0,0,0
6753,L16753,L,301.0,310.1,1747,42.5,19,0,0,0,0,0,0
6754,L16754,L,300.9,311.3,1501,40.9,200,0,0,0,0,0,0
6755,L16755,L,300.7,309.4,1437,31.5,52,0,0,0,0,0,0
6756,L16756,L,300.8,309.7,1470,43.5,85,0,0,0,0,0,0
6757,H16757,H,300.8,310.7,1460,36.0,179,0,0,0,0,0,0
6758,M16758,M,300.8,311.5,1640,31.4,236,1,1,0,0,0,0
6759,H16759,H,300.8,311.7,1632,42.6,96,0,0,0,0,0,0
6760,L16760,L,300.8,312.4,1631,32.5,60,0,0,0,0,0,0
6761,L16761,L,300.9,310.5,1370,27.5,214,0,0,0,0,0,0
6762,L16762,L,300.9,310.8,1519,47.8,124,0,0,0,0,0,0
6763,L16763,L,300.9,309.9,1345,36.6,214,0,0,0,0,0,0
6764,L16764,L,300.9,309.6,1601,29.5,101,0,0,0,0,0,0
6765,M16765,M,300.9,311.1,1452,34.2,115,0,0,0,0,0,0
6766,H16766,H,300.9,310.2,1550,35.7,89,0,0,0,0,0,0
6767,H16767,H,300.9,312.2,1450,46.9,95,0,0,0,0,0,0
6768,L16768,L,301.0,309.6,1324,30.0,60,1,0,1,0,0,0
6769,H16769,H,301.0,311.5,1589,32.0,55,0,0,0,0,0,0
6770,L16770,L,301.0,310.0,1596,45.9,219,0,0,0,0,0,0
6771,L16771,L,301.0,310.2,1514,37.3,93,0,0,0,0,0,0
6772,H16772,H,301.0,311.5,1289,41.4,39,0,0,0,0,0,0
6773,M16773,M,301.0,310.3,1575,37.1,80,0,0,0,0,0,0
6774,L16774,L,301.0,310.4,1426,52.1,62,0,0,0,0,0,0
6775,L16775,L,300.9,310.1,1552,32.3,184,0,0,0,0,0,0
6776,L16776,L,301.0,312.8,1451,41.7,247,0,0,0,0,0,0
6777,M16777,M,301.0,310.4,1461,49.0,209,0,0,0,0,0,0
6778,L16778,L,301.0,311.0,1550,37.8,216,0,0,0,0,0,0
6779,H16779,H,301.0,310.8,1418,35.5,131,0,0,0,0,0,0
6780,L16780,L,301.0,311.2,1483,44.6,153,0,0,0,0,0,0
6781,L16781,L,300.9,310.3,1551,46.0,94,0,0,0,0,0,0
6782,L16782,L,301.0,310.8,1717,35.2,61,0,0,0,0,0,0
6783,M16783,M,301.0,311.4,1493,48.8,203,0,0,0,0,0,0
6784,L16784,L,301.1,310.2,1584,40.3,181,0,0,0,0,0,0
6785,M16785,M,301.0,312.1,1383,43.1,239,0,0,0,0,0,0
6786,H16786,H,301.1,312.3,1669,48.9,189,0,0,0,0,0,0
6787,H16787,H,301.0,311.7,1419,44.6,145,0,0,0,0,0,0
6788,H16788,H,301.0,311.1,1487,40.0,9,0,0,0,0,0,0
6789,H16789,H,301.1,308.1,1551,36.0,35,0,0,0,0,0,0
6790,M16790,M,301.0,311.5,1422,56.3,129,0,0,0,0,0,0
6791,H16791,H,301.1,310.7,1608,35.3,59,0,0,0,0,0,0
6792,L16792,L,301.1,310.8,1434,41.9,216,0,0,0,0,0,0
6793,L16793,L,301.0,309.1,1583,43.1,174,0,0,0,0,0,0
6794,L16794,L,301.1,311.6,1607,43.3,72,0,0,0,0,0,0
6795,L16795,L,301.1,309.6,1558,52.8,238,1,0,0,0,1,0
6796,L16796,L,301.0,311.1,1571,40.3,159,0,0,0,0,0,0
6797,H16797,H,301.0,311.9,1753,39.4,196,0,0,0,0,0,0
6798,L16798,L,301.0,310.5,1542,49.3,178,0,0,0,0,0,0
6799,L16799,L,301.0,312.2,1511,39.2,66,0,0,0,0,0,0
6800,M16800,M,301.0,310.2,1534,45.3,80,0,0,0,0,0,0
6801,L16801,L,300.9,311.5,1627,41.2,76,0,0,0,0,0,0
6802,L16802,L,301.0,309.6,1733,45.5,247,1,0,0,0,1,0
6803,L16803,L,301.0,312.0,1483,44.4,194,0,0,0,0,0,0
6804,L16804,L,301.0,311.9,1409,37.6,219,0,0,0,0,0,0
6805,L16805,L,300.9,311.4,1616,28.9,67,0,0,0,0,0,0
6806,M16806,M,301.0,310.6,1364,30.0,81,0,0,0,0,0,0
6807,M16807,M,301.0,309.6,1526,29.0,55,0,0,0,0,0,0
6808,L16808,L,301.1,310.7,1530,39.5,98,0,0,0,0,0,0
6809,L16809,L,301.1,312.2,1489,25.9,13,0,0,0,0,0,0
6810,L16810,L,301.1,311.3,1495,39.0,143,0,0,0,0,0,0
6811,M16811,M,301.1,309.5,1335,40.8,75,1,0,1,0,0,0
6812,L16812,L,301.0,309.9,1413,45.1,74,0,0,0,0,0,0
6813,L16813,L,301.1,312.4,1594,43.0,65,0,0,0,0,0,0
6814,M16814,M,301.2,311.7,1296,45.4,32,0,0,0,0,0,0
6815,L16815,L,301.2,309.9,1491,42.5,12,0,0,0,0,0,0
6816,L16816,L,301.0,309.3,1469,38.1,29,0,0,0,0,0,0
6817,L16817,L,301.0,310.4,1301,39.4,25,0,0,0,0,0,0
6818,H16818,H,301.0,309.1,1669,34.9,113,0,0,0,0,0,0
6819,H16819,H,301.0,310.8,1397,41.4,209,0,0,0,0,0,0
6820,M16820,M,301.0,313.5,1555,30.5,12,0,0,0,0,0,0
6821,L16821,L,301.1,309.5,1453,46.4,67,0,0,0,0,0,0
6822,M16822,M,301.1,310.9,1416,34.3,122,0,0,0,0,0,0
6823,H16823,H,301.1,312.4,1476,40.9,32,0,0,0,0,0,0
6824,H16824,H,301.0,311.8,1464,41.9,142,0,0,0,0,0,0
6825,L16825,L,301.0,310.9,1481,47.0,144,0,0,0,0,0,0
6826,H16826,H,301.1,311.0,1421,29.9,5,0,0,0,0,0,0
6827,L16827,L,301.1,310.0,1399,38.0,4,0,0,0,0,0,0
6828,L16828,L,301.2,310.9,1600,43.3,160,0,0,0,0,0,0
6829,M16829,M,301.2,311.4,1501,50.5,53,0,0,0,0,0,0
6830,L16830,L,301.2,312.3,1494,39.8,143,0,0,0,0,0,0
6831,H16831,H,301.1,310.5,1411,36.4,173,0,0,0,0,0,0
6832,L16832,L,301.1,310.9,1657,52.2,151,1,0,0,1,0,0
6833,M16833,M,301.1,310.1,1491,44.8,124,0,0,0,0,0,0
6834,H16834,H,301.1,311.4,1310,48.2,4,0,0,0,0,0,0
6835,H16835,H,301.1,311.9,1528,32.7,194,0,0,0,0,0,0
6836,L16836,L,301.1,311.7,1424,43.1,226,0,0,0,0,0,0
6837,L16837,L,301.1,309.9,1591,33.5,124,0,0,0,0,0,0
6838,M16838,M,301.0,311.2,1604,32.2,218,0,0,0,0,0,0
6839,L16839,L,301.0,310.3,1592,43.5,75,0,0,0,0,0,0
6840,H16840,H,300.9,312.0,1454,43.9,49,0,0,0,0,0,0
6841,H16841,H,301.0,310.8,1489,37.1,168,0,0,0,0,0,0
6842,L16842,L,301.0,309.5,1525,48.6,216,0,0,0,0,0,0
6843,L16843,L,301.1,310.8,1589,37.8,182,0,0,0,0,0,0
6844,L16844,L,301.1,311.5,1396,38.4,80,0,0,0,0,0,0
6845,H16845,H,301.1,311.3,1509,39.8,112,0,0,0,0,0,0
6846,L16846,L,301.1,310.6,1687,38.5,19,0,0,0,0,0,0
6847,L16847,L,301.1,310.6,1446,47.7,219,0,0,0,0,0,0
6848,L16848,L,301.0,310.0,1497,33.7,177,0,0,0,0,0,0
6849,M16849,M,301.0,310.6,1761,35.5,124,0,0,0,0,0,0
6850,L16850,L,301.0,310.1,1476,32.9,34,0,0,0,0,0,0
6851,L16851,L,301.0,312.0,1346,51.3,177,0,0,0,0,0,0
6852,H16852,H,301.0,310.1,1494,38.1,206,0,0,0,0,0,0
6853,H16853,H,301.0,311.2,1667,35.4,160,0,0,0,0,0,0
6854,M16854,M,301.0,311.0,1606,38.3,66,0,0,0,0,0,0
6855,L16855,L,301.0,312.0,1402,45.1,198,0,0,0,0,0,0
6856,L16856,L,301.0,312.1,1542,44.0,137,0,0,0,0,0,0
6857,M16857,M,301.1,311.8,1482,36.5,232,0,0,0,0,0,0
6858,L16858,L,301.0,311.4,1581,37.6,217,0,0,0,0,0,0
6859,H16859,H,301.0,309.9,1438,31.3,40,0,0,0,0,0,0
6860,M16860,M,301.0,309.9,1549,40.8,167,0,0,0,0,0,0
6861,L16861,L,301.0,310.1,1691,47.7,133,0,0,0,0,0,0
6862,H16862,H,301.0,311.7,1239,36.5,160,0,0,0,0,0,0
6863,H16863,H,300.9,311.0,1559,43.8,15,0,0,0,0,0,0
6864,L16864,L,300.9,311.7,1632,36.5,23,0,0,0,0,0,0
6865,M16865,M,300.9,311.9,1344,33.4,247,0,0,0,0,0,0
6866,L16866,L,301.0,310.2,1428,44.1,221,0,0,0,0,0,0
6867,L16867,L,301.0,311.0,1461,54.1,59,0,0,0,0,0,0
6868,L16868,L,301.1,311.1,1427,43.3,120,0,0,0,0,0,0
6869,M16869,M,301.0,310.6,1419,37.5,73,0,0,0,0,0,0
6870,H16870,H,300.9,310.4,1463,37.9,138,0,0,0,0,0,0
6871,M16871,M,300.9,312.1,1585,51.5,171,0,0,0,0,0,0
6872,L16872,L,300.9,311.0,1649,41.8,213,0,0,0,0,0,0
6873,M16873,M,301.0,311.0,1630,35.4,2,0,0,0,0,0,0
6874,L16874,L,300.9,310.1,1599,39.6,165,0,0,0,0,0,0
6875,H16875,H,301.0,311.7,1683,41.3,167,0,0,0,0,0,0
6876,L16876,L,301.0,310.0,1703,42.8,214,0,0,0,0,0,0
6877,L16877,L,301.0,311.5,1517,49.1,236,1,0,0,0,1,0
6878,L16878,L,301.0,311.5,1643,47.7,119,0,0,0,0,0,0
6879,M16879,M,301.0,310.6,1542,41.2,18,0,0,0,0,0,0
6880,L16880,L,300.9,311.3,1478,39.8,39,0,0,0,0,0,0
6881,M16881,M,301.0,311.2,1495,42.4,52,0,0,0,0,0,0
6882,L16882,L,301.0,310.9,1601,36.4,246,0,0,0,0,0,0
6883,L16883,L,301.0,311.0,1647,45.9,204,0,0,0,0,0,0
6884,L16884,L,301.0,311.1,1558,38.8,163,0,0,0,0,0,0
6885,H16885,H,301.0,311.2,1460,42.9,66,0,0,0,0,0,0
6886,H16886,H,301.1,311.1,1451,50.3,85,0,0,0,0,0,0
6887,L16887,L,301.1,310.0,1315,43.3,88,0,0,0,0,0,0
6888,L16888,L,301.1,310.9,1536,41.4,147,0,0,0,0,0,0
6889,L16889,L,301.0,311.3,1529,36.9,155,0,0,0,0,0,0
6890,M16890,M,301.0,311.1,1396,39.5,184,0,0,0,0,0,0
6891,L16891,L,301.1,312.0,1547,33.2,130,0,0,0,0,0,0
6892,H16892,H,301.0,311.7,1546,43.2,85,0,0,0,0,0,0
6893,H16893,H,301.0,310.2,1352,27.2,107,0,0,0,0,0,0
6894,L16894,L,301.0,310.8,1468,45.8,164,0,0,0,0,0,0
6895,L16895,L,301.0,310.7,1641,44.4,120,0,0,0,0,0,0
6896,H16896,H,301.0,311.0,1437,40.6,229,0,0,0,0,0,0
6897,H16897,H,301.1,311.1,1502,36.8,145,0,0,0,0,0,0
6898,L16898,L,301.1,311.7,1516,39.9,83,0,0,0,0,0,0
6899,L16899,L,301.0,311.2,1497,29.4,45,0,0,0,0,0,0
6900,L16900,L,301.0,312.2,1569,44.9,4,0,0,0,0,0,0
6901,L16901,L,301.0,311.2,1594,39.0,106,0,0,0,0,0,0
6902,L16902,L,301.0,310.2,1626,49.1,122,0,0,0,0,0,0
6903,L16903,L,300.9,310.4,1469,42.4,72,0,0,0,0,0,0
6904,M16904,M,300.9,311.5,1552,41.4,220,0,0,0,0,0,0
6905,L16905,L,300.9,309.3,1584,42.4,80,0,0,0,0,0,0
6906,L16906,L,300.9,309.5,1488,34.1,203,0,0,0,0,0,0
6907,L16907,L,300.9,310.9,1428,37.3,56,0,0,0,0,0,0
6908,H16908,H,300.9,311.8,1514,40.8,153,0,0,0,0,0,0
6909,H16909,H,300.8,312.1,1439,38.2,32,0,0,0,0,0,0
6910,L16910,L,300.8,310.6,1430,36.5,96,0,0,0,0,0,0
6911,L16911,L,300.8,311.8,1522,38.3,35,0,0,0,0,0,0
6912,H16912,H,300.8,310.9,1481,40.3,92,0,0,0,0,0,0
6913,L16913,L,300.8,309.2,1518,53.9,21,0,0,0,0,0,0
6914,L16914,L,300.7,310.7,1345,38.0,81,0,0,0,0,0,0
6915,L16915,L,300.8,310.2,1482,35.9,16,0,0,0,0,0,0
6916,L16916,L,300.9,311.8,1274,39.1,43,0,0,0,0,0,0
6917,L16917,L,300.8,310.7,1395,49.0,179,0,0,0,0,0,0
6918,H16918,H,300.7,309.4,1491,49.4,215,0,0,0,0,0,0
6919,M16919,M,300.7,309.2,1621,51.7,21,0,0,0,0,0,0
6920,L16920,L,300.8,310.7,1554,40.4,235,0,0,0,0,0,0
6921,H16921,H,300.7,308.3,1509,43.8,196,0,0,0,0,0,0
6922,L16922,L,300.7,310.2,1462,33.7,128,0,0,0,0,0,0
6923,L16923,L,300.8,311.0,1475,37.9,210,1,1,0,0,0,0
6924,M16924,M,300.8,309.7,1631,33.3,29,0,0,0,0,0,0
6925,M16925,M,300.9,311.9,1389,42.8,166,0,0,0,0,0,0
6926,L16926,L,300.9,312.1,1427,40.2,206,0,0,0,0,0,0
6927,L16927,L,300.9,309.9,1607,41.4,237,0,0,0,0,0,0
6928,M16928,M,301.0,310.7,1466,34.9,249,0,0,0,0,0,0
6929,M16929,M,301.0,312.0,1694,45.1,162,0,0,0,0,0,0
6930,M16930,M,301.0,311.0,1569,25.6,68,0,0,0,0,0,0
6931,L16931,L,301.0,309.6,1615,38.5,197,0,0,0,0,0,0
6932,L16932,L,301.0,310.9,1337,39.4,88,0,0,0,0,0,0
6933,L16933,L,301.0,310.2,1606,27.9,10,0,0,0,0,0,0
6934,L16934,L,301.0,312.2,1415,42.3,50,0,0,0,0,0,0
6935,H16935,H,301.0,311.6,1572,39.0,62,0,0,0,0,0,0
6936,L16936,L,301.0,310.7,1464,43.4,85,0,0,0,0,0,0
6937,L16937,L,301.0,311.1,1522,52.0,122,0,0,0,0,0,0
6938,M16938,M,301.0,309.7,1389,41.9,33,0,0,0,0,0,0
6939,L16939,L,301.0,310.2,1328,45.8,120,0,0,0,0,0,0
6940,L16940,L,301.0,312.6,1515,48.3,235,1,0,0,0,1,0
6941,H16941,H,301.0,311.1,1471,43.0,248,0,0,0,0,0,0
6942,H16942,H,301.0,312.0,1411,34.8,182,0,0,0,0,0,0
6943,M16943,M,301.1,311.3,1332,30.2,77,0,0,0,0,0,0
6944,L16944,L,301.1,312.4,1232,42.2,122,0,0,0,0,0,0
6945,M16945,M,301.1,309.1,1552,37.6,200,0,0,0,0,0,0
6946,M16946,M,301.1,310.9,1474,47.7,19,0,0,0,0,0,0
6947,L16947,L,301.1,312.8,1440,37.1,207,0,0,0,0,0,0
6948,L16948,L,301.1,312.1,1521,39.9,185,0,0,0,0,0,0
6949,H16949,H,301.2,312.5,1601,33.0,208,0,0,0,0,0,0
6950,L16950,L,301.2,311.2,1527,37.9,16,0,0,0,0,0,0
6951,M16951,M,301.1,310.6,1456,34.3,33,0,0,0,0,0,0
6952,L16952,L,301.0,310.0,1713,34.9,233,0,0,0,0,0,0
6953,L16953,L,301.1,310.0,1436,39.7,202,1,1,0,0,0,0
6954,L16954,L,301.0,311.8,1359,36.4,98,0,0,0,0,0,0
6955,H16955,H,301.0,311.6,1510,55.8,189,0,0,0,0,0,0
6956,L16956,L,301.1,311.0,1474,45.0,161,0,0,0,0,0,0
6957,M16957,M,301.0,311.6,1595,46.5,227,0,0,0,0,0,0
6958,M16958,M,301.0,311.2,1447,39.3,199,0,0,0,0,0,0
6959,M16959,M,301.0,312.0,1483,40.6,146,0,0,0,0,0,0
6960,H16960,H,301.0,312.0,1413,37.4,115,0,0,0,0,0,0
6961,M16961,M,301.0,309.9,1581,55.7,113,1,0,0,1,0,0
6962,L16962,L,301.0,311.2,1514,39.3,96,0,0,0,0,0,0
6963,H16963,H,300.9,309.3,1472,36.4,125,0,0,0,0,0,0
6964,M16964,M,300.9,311.1,1485,35.5,119,0,0,0,0,0,0
6965,L16965,L,301.0,311.6,1498,42.0,214,0,0,0,0,0,0
6966,L16966,L,301.0,309.7,1356,48.5,249,1,0,0,0,1,0
6967,H16967,H,301.0,310.6,1616,46.5,65,0,0,0,0,0,0
6968,L16968,L,301.1,311.1,1610,35.5,71,0,0,0,0,0,0
6969,M16969,M,301.1,311.4,1504,35.3,92,0,0,0,0,0,0
6970,L16970,L,301.2,310.9,1493,47.5,169,0,0,0,0,0,0
6971,L16971,L,301.2,310.0,1400,52.6,50,0,0,0,0,0,0
6972,M16972,M,301.2,311.2,1673,39.1,198,0,0,0,0,0,0
6973,L16973,L,301.2,309.6,1649,47.2,176,0,0,0,0,0,0
6974,L16974,L,301.3,311.0,1539,31.2,123,0,0,0,0,0,0
6975,M16975,M,301.3,310.9,1582,34.9,156,0,0,0,0,0,0
6976,L16976,L,301.3,311.1,1623,33.9,94,0,0,0,0,0,0
6977,M16977,M,301.3,310.8,1603,42.5,29,0,0,0,0,0,0
6978,H16978,H,301.3,309.8,1414,38.9,98,0,0,0,0,0,0
6979,M16979,M,301.3,311.0,1469,41.4,152,0,0,0,0,0,0
6980,L16980,L,301.3,312.2,1547,47.3,110,0,0,0,0,0,0
6981,L16981,L,301.3,312.6,1520,36.1,195,0,0,0,0,0,0
6982,M16982,M,301.4,313.8,1575,40.6,112,0,0,0,0,0,0
6983,H16983,H,301.4,313.1,1564,32.0,234,0,0,0,0,0,0
6984,H16984,H,301.4,310.2,1525,47.0,189,0,0,0,0,0,0
6985,H16985,H,301.4,311.0,1240,46.6,37,0,0,0,0,0,0
6986,L16986,L,301.5,311.5,1617,42.2,16,0,0,0,0,0,0
6987,L16987,L,301.5,311.4,1584,40.7,73,0,0,0,0,0,0
6988,L16988,L,301.4,311.5,1707,36.9,128,0,0,0,0,0,0
6989,L16989,L,301.5,313.9,1452,31.6,17,0,0,0,0,0,0
6990,L16990,L,301.5,310.4,1316,41.8,190,0,0,0,0,0,0
6991,H16991,H,301.4,310.7,1482,44.5,173,0,0,0,0,0,0
6992,L16992,L,301.4,313.0,1546,52.1,146,0,0,0,0,0,0
6993,L16993,L,301.4,310.8,1456,37.6,124,0,0,0,0,0,0
6994,L16994,L,301.3,311.7,1637,41.6,49,0,0,0,0,0,0
6995,H16995,H,301.3,312.3,1434,46.7,119,0,0,0,0,0,0
6996,M16996,M,301.3,311.8,1490,46.9,95,0,0,0,0,0,0
6997,M16997,M,301.3,311.5,1475,36.3,53,0,0,0,0,0,0
6998,H16998,H,301.3,312.2,1777,38.3,30,0,0,0,0,0,0
6999,L16999,L,301.3,310.4,1409,36.8,96,0,0,0,0,0,0
7000,M17000,M,301.3,310.8,1558,34.6,213,0,0,0,0,0,0
7001,L17001,L,301.2,311.8,1380,48.8,192,0,0,0,0,0,0
7002,L17002,L,301.2,309.2,1534,40.4,232,0,0,0,0,0,0
7003,H17003,H,301.2,312.6,1405,39.6,45,0,0,0,0,0,0
7004,M17004,M,301.2,311.5,1610,41.5,34,0,0,0,0,0,0
7005,L17005,L,301.1,311.3,1591,40.3,235,0,0,0,0,0,0
7006,L17006,L,301.2,309.6,1527,38.7,48,0,0,0,0,0,0
7007,M17007,M,301.2,309.9,1361,35.4,80,0,0,0,0,0,0
7008,L17008,L,301.3,310.9,1495,49.4,161,0,0,0,0,0,0
7009,L17009,L,301.3,312.1,1470,36.6,28,0,0,0,0,0,0
7010,L17010,L,301.3,309.2,1583,34.4,133,0,0,0,0,0,0
7011,L17011,L,301.3,312.0,1410,39.5,0,0,0,0,0,0,0
7012,H17012,H,301.2,310.8,1616,52.9,182,0,0,0,0,0,0
7013,L17013,L,301.3,311.1,1597,35.1,26,0,0,0,0,0,0
7014,L17014,L,301.3,311.6,1363,44.3,139,0,0,0,0,0,0
7015,M17015,M,301.4,311.6,1478,38.5,3,0,0,0,0,0,0
7016,H17016,H,301.3,310.6,1495,41.5,246,0,0,0,0,0,0
7017,L17017,L,301.4,312.0,1601,45.5,79,0,0,0,0,0,0
7018,L17018,L,301.4,309.1,1431,29.7,179,0,0,0,0,0,0
7019,L17019,L,301.4,311.0,1521,34.6,127,0,0,0,0,0,0
7020,M17020,M,301.4,311.5,1610,45.4,10,0,0,0,0,0,0
7021,M17021,M,301.4,311.0,1525,40.6,51,0,0,0,0,0,0
7022,H17022,H,301.3,309.4,1314,41.3,83,1,0,1,0,0,0
7023,H17023,H,301.3,312.0,1451,44.3,153,0,0,0,0,0,0
7024,M17024,M,301.3,310.1,1590,34.7,155,0,0,0,0,0,0
7025,M17025,M,301.3,311.2,1578,46.3,233,0,0,0,0,0,0
7026,L17026,L,301.3,311.5,1275,44.9,71,0,0,0,0,0,0
7027,L17027,L,301.3,311.3,1520,41.4,193,0,0,0,0,0,0
7028,H17028,H,301.4,312.5,1595,42.8,103,0,0,0,0,0,0
7029,L17029,L,301.3,311.2,1554,47.0,89,0,0,0,0,0,0
7030,L17030,L,301.3,311.7,1565,36.4,154,0,0,0,0,0,0
7031,M17031,M,301.4,311.3,1706,44.0,96,0,0,0,0,0,0
7032,L17032,L,301.3,311.9,1496,50.5,124,0,0,0,0,0,0
7033,M17033,M,301.3,312.7,1530,43.8,182,0,0,0,0,0,0
7034,M17034,M,301.4,311.6,1406,38.7,70,0,0,0,0,0,0
7035,L17035,L,301.5,312.3,1437,53.9,53,0,0,0,0,0,0
7036,H17036,H,301.4,312.9,1467,41.4,45,0,0,0,0,0,0
7037,L17037,L,301.5,312.8,1585,48.4,163,0,0,0,0,0,0
7038,L17038,L,301.5,311.1,1425,37.5,127,0,0,0,0,0,0
7039,M17039,M,301.4,312.5,1623,46.4,148,0,0,0,0,0,0
7040,M17040,M,301.4,311.7,1391,36.7,176,0,0,0,0,0,0
7041,M17041,M,301.4,312.5,1564,41.9,33,0,0,0,0,0,0
7042,L17042,L,301.4,312.0,1555,36.4,121,0,0,0,0,0,0
7043,M17043,M,301.4,311.7,1526,51.4,86,0,0,0,0,0,0
7044,L17044,L,301.3,311.7,1598,38.7,161,0,0,0,0,0,0
7045,H17045,H,301.3,311.6,1426,33.4,167,0,0,0,0,0,0
7046,L17046,L,301.4,311.7,1453,40.6,134,0,0,0,0,0,0
7047,M17047,M,301.4,311.2,1404,43.2,89,0,0,0,0,0,0
7048,L17048,L,301.4,311.1,1501,39.8,231,0,0,0,0,0,0
7049,L17049,L,301.4,313.2,1488,35.1,51,0,0,0,0,0,0
7050,L17050,L,301.4,311.9,1586,46.2,48,0,0,0,0,0,0
7051,H17051,H,301.5,310.9,1539,47.6,118,0,0,0,0,0,0
7052,M17052,M,301.5,311.2,1569,30.1,80,0,0,0,0,0,0
7053,H17053,H,301.5,312.6,1480,34.7,94,0,0,0,0,0,0
7054,L17054,L,301.5,310.8,1541,39.0,230,0,0,0,0,0,0
7055,L17055,L,301.5,310.0,1681,36.8,88,0,0,0,0,0,0
7056,L17056,L,301.5,310.1,1365,43.2,36,1,0,1,0,0,0
7057,H17057,H,301.5,309.8,1316,51.0,189,1,0,1,0,0,0
7058,L17058,L,301.5,310.2,1564,37.7,142,0,0,0,0,0,0
7059,H17059,H,301.5,310.3,1415,49.5,1,0,0,0,0,0,0
7060,H17060,H,301.5,312.9,1362,31.2,138,0,0,0,0,0,0
7061,H17061,H,301.5,311.5,1553,42.7,95,0,0,0,0,0,0
7062,M17062,M,301.5,311.2,1400,36.4,221,0,0,0,0,0,0
7063,M17063,M,301.5,310.1,1654,42.9,16,0,0,0,0,0,0
7064,M17064,M,301.5,311.4,1516,29.5,215,0,0,0,0,0,0
7065,L17065,L,301.5,309.8,1480,32.3,172,0,0,0,0,0,0
7066,M17066,M,301.5,311.2,1418,42.9,195,0,0,0,0,0,0
7067,L17067,L,301.5,313.6,1522,36.2,119,0,0,0,0,0,0
7068,L17068,L,301.7,312.3,1341,38.1,241,0,0,0,0,0,0
7069,L17069,L,301.7,311.5,1253,51.0,188,0,0,0,0,0,0
7070,L17070,L,301.7,312.4,1345,40.8,173,0,0,0,0,0,0
7071,L17071,L,301.7,311.2,1614,45.4,31,0,0,0,0,0,0
7072,L17072,L,301.7,310.9,1408,35.4,18,0,0,0,0,0,0
7073,M17073,M,301.8,313.5,1357,32.0,194,0,0,0,0,0,0
7074,L17074,L,301.8,310.6,1491,39.5,3,0,0,0,0,0,0
7075,M17075,M,301.8,311.5,1722,31.1,24,0,0,0,0,0,0
7076,L17076,L,301.8,312.1,1609,35.8,200,0,0,0,0,0,0
7077,M17077,M,301.7,310.8,1420,41.4,20,0,0,0,0,0,0
7078,M17078,M,301.8,312.4,1418,39.3,214,0,0,0,0,0,0
7079,M17079,M,301.7,311.4,1420,42.0,237,0,0,0,0,0,0
7080,M17080,M,301.7,312.4,1409,43.6,92,0,0,0,0,0,0
7081,L17081,L,301.7,312.3,1554,32.8,221,0,0,0,0,0,0
7082,M17082,M,301.7,311.4,1466,34.3,88,0,0,0,0,0,0
7083,L17083,L,301.6,313.3,1389,26.9,112,0,0,0,0,0,0
7084,L17084,L,301.7,311.1,1366,37.8,220,0,0,0,0,0,0
7085,M17085,M,301.7,313.0,1730,44.4,97,0,0,0,0,0,0
7086,L17086,L,301.7,312.8,1574,48.9,141,0,0,0,0,0,0
7087,M17087,M,301.7,313.5,1414,41.1,149,0,0,0,0,0,0
7088,M17088,M,301.8,311.9,1621,48.2,47,0,0,0,0,0,0
7089,L17089,L,301.8,311.0,1385,42.3,50,0,0,0,0,0,0
7090,L17090,L,301.8,313.9,1486,40.6,207,0,0,0,0,0,0
7091,L17091,L,301.9,311.5,1475,36.3,10,0,0,0,0,0,0
7092,H17092,H,301.9,311.1,1518,25.7,186,0,0,0,0,0,0
7093,M17093,M,301.9,311.7,1406,47.3,13,0,0,0,0,0,0
7094,L17094,L,301.9,310.9,1513,39.7,6,0,0,0,0,0,0
7095,L17095,L,301.9,312.4,1325,48.3,196,0,0,0,0,0,0
7096,M17096,M,301.9,311.3,1462,34.3,185,0,0,0,0,0,0
7097,H17097,H,301.9,311.6,1634,54.6,39,1,0,0,1,0,0
7098,L17098,L,302.0,312.9,1603,38.5,220,0,0,0,0,0,0
7099,L17099,L,301.9,312.6,1430,35.8,80,0,0,0,0,0,0
7100,H17100,H,301.9,311.9,1347,38.7,221,0,0,0,0,0,0
7101,L17101,L,301.9,312.1,1282,41.0,152,0,0,0,0,0,0
7102,L17102,L,301.9,311.9,1562,39.6,205,0,0,0,0,0,0
7103,H17103,H,301.9,311.5,1528,36.9,122,0,0,0,0,0,0
7104,M17104,M,302.0,312.0,1539,29.2,169,0,0,0,0,0,0
7105,L17105,L,301.9,312.4,1669,35.2,85,0,0,0,0,0,0
7106,L17106,L,301.9,311.8,1515,46.4,43,0,0,0,0,0,0
7107,L17107,L,302.0,312.4,1523,34.7,4,0,0,0,0,0,0
7108,L17108,L,301.9,311.1,1360,29.7,103,0,0,0,0,0,0
7109,H17109,H,301.9,311.3,1662,33.7,27,0,0,0,0,0,0
7110,L17110,L,301.8,311.1,1484,39.5,203,0,0,0,0,0,0
7111,M17111,M,301.8,311.3,1418,35.4,227,0,0,0,0,0,0
7112,H17112,H,301.9,313.2,1521,38.3,187,0,0,0,0,0,0
7113,L17113,L,302.0,312.7,1700,35.2,204,0,0,0,0,0,0
7114,L17114,L,302.0,310.9,1714,46.1,120,0,0,0,0,0,0
7115,M17115,M,302.0,312.5,1403,42.9,148,0,0,0,0,0,0
7116,H17116,H,302.1,311.7,1618,53.3,95,1,0,0,1,0,0
7117,H17117,H,302.1,311.4,1534,37.7,48,0,0,0,0,0,0
7118,L17118,L,302.1,310.6,1599,38.3,183,0,0,0,0,0,0
7119,M17119,M,302.0,313.0,1528,47.1,56,0,0,0,0,0,0
7120,M17120,M,302.0,310.6,1561,42.3,84,0,0,0,0,0,0
7121,H17121,H,302.0,312.0,1632,34.4,188,0,0,0,0,0,0
7122,L17122,L,302.0,311.1,1325,43.3,100,0,0,0,0,0,0
7123,M17123,M,302.1,312.9,1536,42.4,37,0,0,0,0,0,0
7124,H17124,H,302.0,311.7,1383,29.2,200,0,0,0,0,0,0
7125,L17125,L,302.1,311.9,1454,36.1,228,0,0,0,0,0,0
7126,L17126,L,302.0,311.9,1500,41.1,129,0,0,0,0,0,0
7127,L17127,L,302.0,312.3,1399,48.7,130,0,0,0,0,0,0
7128,L17128,L,302.0,312.1,1442,44.2,170,0,0,0,0,0,0
7129,L17129,L,302.0,312.0,1360,36.6,73,0,0,0,0,0,0
7130,H17130,H,302.1,311.5,1441,35.8,34,0,0,0,0,0,0
7131,L17131,L,302.0,310.4,1551,44.8,200,0,0,0,0,0,0
7132,L17132,L,301.9,310.8,1587,25.4,167,0,0,0,0,0,0
7133,M17133,M,302.0,312.7,1423,35.2,239,0,0,0,0,0,0
7134,L17134,L,302.0,311.7,1633,48.5,124,0,0,0,0,0,0
7135,L17135,L,302.0,311.3,1558,41.8,245,0,0,0,0,0,0
7136,M17136,M,302.1,310.7,1643,35.4,223,1,1,0,0,0,0
7137,H17137,H,302.1,310.3,1323,32.8,84,1,0,1,0,0,0
7138,M17138,M,302.0,311.3,1531,45.0,57,0,0,0,0,0,0
7139,M17139,M,301.9,312.8,1561,40.5,33,0,0,0,0,0,0
7140,L17140,L,301.9,311.4,1328,38.7,24,0,0,0,0,0,0
7141,H17141,H,301.9,312.3,1741,42.2,233,0,0,0,0,0,0
7142,L17142,L,301.9,311.3,1436,41.0,183,0,0,0,0,0,0
7143,M17143,M,301.8,312.4,1554,40.5,31,0,0,0,0,0,0
7144,L17144,L,301.7,311.4,1593,32.1,109,0,0,0,0,0,0
7145,H17145,H,301.7,310.5,1510,33.8,100,0,0,0,0,0,0
7146,M17146,M,301.7,311.5,1639,44.5,149,0,0,0,0,0,0
7147,M17147,M,301.7,313.6,1700,43.4,126,0,0,0,0,0,0
7148,L17148,L,301.7,313.5,1389,42.3,88,0,0,0,0,0,0
7149,L17149,L,301.8,312.3,1512,36.5,192,0,0,0,0,0,0
7150,M17150,M,301.8,311.7,1592,44.6,108,0,0,0,0,0,0
7151,M17151,M,301.8,312.1,1337,37.8,99,0,0,0,0,0,0
7152,L17152,L,301.8,312.2,1606,47.8,20,0,0,0,0,0,0
7153,H17153,H,301.8,311.7,1671,35.5,232,0,0,0,0,0,0
7154,H17154,H,301.8,312.2,1628,36.8,207,0,0,0,0,0,0
7155,L17155,L,301.8,312.0,1544,39.1,223,0,0,0,0,0,0
7156,H17156,H,301.7,311.4,1654,45.1,20,0,0,0,0,0,0
7157,M17157,M,301.7,310.5,1536,39.8,116,0,0,0,0,0,0
7158,L17158,L,301.6,311.1,1368,40.2,155,0,0,0,0,0,0
7159,L17159,L,301.7,312.5,1448,37.7,146,0,0,0,0,0,0
7160,M17160,M,301.6,311.6,1474,41.6,247,0,0,0,0,0,0
7161,M17161,M,301.7,312.0,1494,39.6,13,0,0,0,0,0,0
7162,L17162,L,301.7,311.4,1491,35.3,214,0,0,0,0,0,0
7163,M17163,M,301.7,310.7,1466,40.8,23,0,0,0,0,0,0
7164,M17164,M,301.7,311.5,1522,40.9,19,0,0,0,0,0,0
7165,M17165,M,301.7,310.7,1650,54.1,159,1,0,0,1,0,0
7166,L17166,L,301.8,310.7,1521,36.3,231,0,0,0,0,0,0
7167,H17167,H,301.8,313.0,1563,35.0,201,0,0,0,0,0,0
7168,L17168,L,301.8,311.4,1281,41.7,179,0,0,0,0,0,0
7169,L17169,L,301.8,311.1,1513,34.0,64,0,0,0,0,0,0
7170,L17170,L,301.8,313.4,1609,33.6,222,0,0,0,0,0,0
7171,L17171,L,301.7,312.5,1625,31.4,51,0,0,0,0,0,0
7172,H17172,H,301.7,311.4,1615,35.4,100,0,0,0,0,0,0
7173,L17173,L,301.8,312.2,1530,35.5,185,0,0,0,0,0,0
7174,M17174,M,301.9,311.6,1541,32.3,206,0,0,0,0,0,0
7175,L17175,L,301.9,311.2,1433,38.5,103,0,0,0,0,0,0
7176,L17176,L,301.8,312.3,1585,25.8,94,0,0,0,0,0,0
7177,H17177,H,301.8,311.4,1433,43.0,91,0,0,0,0,0,0
7178,M17178,M,301.8,311.9,1568,36.7,9,0,0,0,0,0,0
7179,L17179,L,301.7,312.7,1504,37.5,69,0,0,0,0,0,0
7180,M17180,M,301.7,312.6,1501,43.5,14,0,0,0,0,0,0
7181,L17181,L,301.7,311.1,1600,42.2,174,0,0,0,0,0,0
7182,L17182,L,301.7,312.2,1556,36.2,218,0,0,0,0,0,0
7183,M17183,M,301.7,310.6,1528,42.7,9,0,0,0,0,0,0
7184,M17184,M,301.7,312.2,1450,49.3,148,0,0,0,0,0,0
7185,L17185,L,301.6,311.7,1660,33.9,18,0,0,0,0,0,0
7186,H17186,H,301.6,312.0,1533,44.5,67,0,0,0,0,0,0
7187,M17187,M,301.5,311.2,1575,33.3,21,0,0,0,0,0,0
7188,L17188,L,301.5,313.6,1508,47.1,62,0,0,0,0,0,0
7189,M17189,M,301.5,310.6,1431,35.7,37,0,0,0,0,0,0
7190,M17190,M,301.4,312.4,1535,35.5,14,0,0,0,0,0,0
7191,M17191,M,301.3,310.3,1440,46.9,69,0,0,0,0,0,0
7192,L17192,L,301.3,311.8,1544,44.3,113,0,0,0,0,0,0
7193,M17193,M,301.4,311.9,1173,35.9,202,0,0,0,0,0,0
7194,L17194,L,301.4,311.4,1460,40.8,43,0,0,0,0,0,0
7195,H17195,H,301.4,310.9,1499,35.7,157,0,0,0,0,0,0
7196,M17196,M,301.5,311.6,1405,30.4,103,0,0,0,0,0,0
7197,L17197,L,301.4,311.7,1536,41.1,23,0,0,0,0,0,0
7198,M17198,M,301.5,313.3,1458,37.9,85,0,0,0,0,0,0
7199,H17199,H,301.5,310.6,1499,34.3,93,0,0,0,0,0,0
7200,H17200,H,301.5,310.9,1445,47.8,173,0,0,0,0,0,0
7201,L17201,L,301.5,311.8,1597,34.5,131,0,0,0,0,0,0
7202,L17202,L,301.5,311.2,1555,40.9,241,0,0,0,0,0,0
7203,M17203,M,301.5,311.4,1530,46.5,5,0,0,0,0,0,0
7204,L17204,L,301.4,312.5,1506,38.5,37,0,0,0,0,0,0
7205,H17205,H,301.5,308.6,1753,35.6,25,0,0,0,0,0,0
7206,L17206,L,301.6,311.0,1484,41.8,146,0,0,0,0,0,0
7207,L17207,L,301.5,309.8,1430,42.7,1,0,0,0,0,0,0
7208,L17208,L,301.5,310.3,1383,45.3,67,0,0,0,0,0,0
7209,L17209,L,301.6,314.0,1591,51.2,247,1,0,0,0,1,0
7210,M17210,M,301.5,312.1,1663,37.3,68,0,0,0,0,0,0
7211,L17211,L,301.6,312.6,1415,41.2,46,0,0,0,0,0,0
7212,L17212,L,301.6,311.6,1472,32.4,98,0,0,0,0,0,0
7213,L17213,L,301.6,312.4,1464,44.0,156,0,0,0,0,0,0
7214,M17214,M,301.6,309.8,1488,41.1,63,0,0,0,0,0,0
7215,L17215,L,301.6,312.6,1323,38.9,79,0,0,0,0,0,0
7216,M17216,M,301.5,310.7,1581,36.3,236,0,0,0,0,0,0
7217,M17217,M,301.5,311.0,1619,37.9,139,0,0,0,0,0,0
7218,M17218,M,301.5,312.0,1310,41.4,212,0,0,0,0,0,0
7219,H17219,H,301.4,311.8,1676,34.2,72,0,0,0,0,0,0
7220,H17220,H,301.6,311.6,1662,38.2,138,0,0,0,0,0,0
7221,H17221,H,301.5,310.1,1193,40.1,7,0,0,0,0,0,0
7222,L17222,L,301.5,311.6,1283,30.8,59,0,0,0,0,0,0
7223,L17223,L,301.5,312.5,1487,33.7,153,0,0,0,0,0,0
7224,L17224,L,301.6,311.0,1632,36.0,159,0,0,0,0,0,0
7225,H17225,H,301.6,312.9,1529,49.4,166,0,0,0,0,0,0
7226,H17226,H,301.6,310.7,1502,35.0,131,0,0,0,0,0,0
7227,H17227,H,301.6,311.6,1557,39.7,225,0,0,0,0,0,0
7228,L17228,L,301.6,313.1,1419,33.8,91,0,0,0,0,0,0
7229,H17229,H,301.6,310.9,1628,35.3,216,0,0,0,0,0,0
7230,L17230,L,301.5,312.6,1490,31.4,242,0,0,0,0,0,0
7231,L17231,L,301.5,313.5,1337,44.0,117,0,0,0,0,0,0
7232,L17232,L,301.4,311.6,1420,32.0,125,0,0,0,0,0,0
7233,L17233,L,301.4,310.9,1537,45.4,118,0,0,0,0,0,0
7234,M17234,M,301.4,310.6,1471,42.8,171,0,0,0,0,0,0
7235,L17235,L,301.4,312.7,1461,39.5,226,0,0,0,0,0,0
7236,L17236,L,301.5,312.8,1520,45.6,82,0,0,0,0,0,0
7237,M17237,M,301.5,312.9,1536,58.6,162,1,0,0,1,0,0
7238,H17238,H,301.5,311.5,1377,42.9,178,0,0,0,0,0,0
7239,M17239,M,301.5,312.6,1622,33.3,178,0,0,0,0,0,0
7240,L17240,L,301.6,311.5,1487,48.9,230,1,0,0,0,1,0
7241,H17241,H,301.6,310.7,1542,41.1,156,0,0,0,0,0,0
7242,H17242,H,301.6,312.7,1510,52.7,205,0,0,0,0,0,0
7243,L17243,L,301.5,313.1,1459,37.0,84,0,0,0,0,0,0
7244,M17244,M,301.5,310.5,1591,47.7,163,0,0,0,0,0,0
7245,L17245,L,301.5,310.4,1508,40.0,229,0,0,0,0,0,0
7246,L17246,L,301.4,311.5,1507,55.9,205,1,0,0,0,1,0
7247,M17247,M,301.4,312.3,1251,38.3,103,0,0,0,0,0,0
7248,H17248,H,301.4,310.2,1582,58.0,113,1,0,0,1,0,0
7249,L17249,L,301.4,311.7,1483,42.6,187,0,0,0,0,0,0
7250,H17250,H,301.4,310.8,1575,45.1,14,0,0,0,0,0,0
7251,H17251,H,301.4,312.1,1664,50.2,50,0,0,0,0,0,0
7252,H17252,H,301.4,310.6,1582,35.3,49,0,0,0,0,0,0
7253,L17253,L,301.4,312.2,1505,45.8,221,0,0,0,0,0,0
7254,H17254,H,301.4,311.3,1471,38.2,110,0,0,0,0,0,0
7255,L17255,L,301.4,310.4,1753,40.9,54,0,0,0,0,0,0
7256,M17256,M,301.4,311.4,1548,40.5,11,0,0,0,0,0,0
7257,L17257,L,301.3,309.4,1521,43.4,177,0,0,0,0,0,0
7258,L17258,L,301.4,310.8,1482,43.2,189,0,0,0,0,0,0
7259,M17259,M,301.3,311.7,1410,36.5,132,0,0,0,0,0,0
7260,L17260,L,301.4,309.6,1305,40.7,154,1,0,1,0,0,0
7261,L17261,L,301.3,308.7,1652,26.0,78,0,0,0,0,0,0
7262,L17262,L,301.3,309.0,1422,45.9,89,0,0,0,0,0,0
7263,M17263,M,301.1,312.4,1481,50.2,8,0,0,0,0,0,0
7264,L17264,L,301.2,311.1,1489,41.1,103,0,0,0,0,0,0
7265,H17265,H,301.2,310.7,1643,30.4,103,0,0,0,0,0,0
7266,L17266,L,301.2,312.2,1423,44.5,162,0,0,0,0,0,0
7267,L17267,L,301.2,310.7,1526,35.4,140,0,0,0,0,0,0
7268,L17268,L,301.1,311.4,1551,41.1,236,0,0,0,0,0,0
7269,L17269,L,301.2,311.2,1362,44.1,43,0,0,0,0,0,0
7270,L17270,L,301.1,310.6,1352,43.3,238,0,0,0,0,0,0
7271,L17271,L,301.1,311.4,1428,46.5,173,0,0,0,0,0,0
7272,H17272,H,301.2,311.9,1524,40.9,96,0,0,0,0,0,0
7273,M17273,M,301.1,310.9,1512,41.0,97,0,0,0,0,0,0
7274,L17274,L,301.1,310.6,1488,44.4,118,0,0,0,0,0,0
7275,L17275,L,301.2,310.9,1565,39.6,67,0,0,0,0,0,0
7276,H17276,H,301.2,308.9,1414,35.9,204,0,0,0,0,0,0
7277,L17277,L,301.2,311.5,1483,42.7,201,0,0,0,0,0,0
7278,L17278,L,301.3,310.1,1489,33.2,52,0,0,0,0,0,0
7279,M17279,M,301.2,311.9,1417,39.5,108,0,0,0,0,0,0
7280,M17280,M,301.3,311.2,1730,31.7,0,0,0,0,0,0,0
7281,M17281,M,301.3,311.4,1284,36.7,10,0,0,0,0,0,0
7282,L17282,L,301.2,311.9,1624,36.9,177,0,0,0,0,0,0
7283,L17283,L,301.2,310.3,1580,34.1,136,0,0,0,0,0,0
7284,M17284,M,301.1,311.5,1581,46.6,37,0,0,0,0,0,0
7285,L17285,L,301.1,311.4,1510,46.1,214,0,0,0,0,0,0
7286,M17286,M,301.1,310.9,1633,47.9,140,0,0,0,0,0,0
7287,M17287,M,301.2,310.2,1455,38.9,132,0,0,0,0,0,0
7288,L17288,L,301.2,311.8,1539,37.4,24,0,0,0,0,0,0
7289,H17289,H,301.2,311.9,1507,44.8,125,0,0,0,0,0,0
7290,H17290,H,301.2,311.3,1477,40.8,9,0,0,0,0,0,0
7291,M17291,M,301.2,310.1,1512,40.7,132,0,0,0,0,0,0
7292,L17292,L,301.1,310.5,1405,24.7,21,0,0,0,0,0,0
7293,L17293,L,301.1,311.0,1434,44.5,41,0,0,0,0,0,0
7294,L17294,L,301.1,311.8,1658,43.7,216,0,0,0,0,0,0
7295,L17295,L,301.1,309.5,1788,40.0,100,0,0,0,0,0,0
7296,H17296,H,301.1,310.5,1552,44.9,147,0,0,0,0,0,0
7297,L17297,L,301.1,310.7,1583,43.6,27,0,0,0,0,0,0
7298,L17298,L,301.1,311.0,1525,35.8,20,0,0,0,0,0,0
7299,L17299,L,301.2,309.9,1546,38.7,138,0,0,0,0,0,0
7300,M17300,M,301.2,311.0,1554,34.0,220,0,0,0,0,0,0
7301,L17301,L,301.3,311.0,1604,48.8,68,0,0,0,0,0,0
7302,L17302,L,301.3,310.3,1654,45.9,36,0,0,0,0,0,0
7303,L17303,L,301.2,311.1,1412,35.1,176,0,0,0,0,0,0
7304,H17304,H,301.3,310.7,1783,43.7,116,0,0,0,0,0,0
7305,L17305,L,301.3,311.8,1514,41.7,196,0,0,0,0,0,0
7306,H17306,H,301.3,310.4,1514,35.9,32,0,0,0,0,0,0
7307,H17307,H,301.3,311.4,1459,40.7,44,0,0,0,0,0,0
7308,L17308,L,301.4,310.6,1459,45.2,227,0,0,0,0,0,0
7309,M17309,M,301.5,310.9,1562,45.6,135,0,0,0,0,0,0
7310,L17310,L,301.5,311.8,1564,54.0,115,0,0,0,0,0,0
7311,H17311,H,301.5,311.8,1557,40.6,246,0,0,0,0,0,0
7312,M17312,M,301.5,311.1,1455,38.6,133,0,0,0,0,0,0
7313,L17313,L,301.6,311.3,1230,43.4,142,0,0,0,0,0,0
7314,L17314,L,301.6,310.2,1320,38.9,142,1,0,1,0,0,0
7315,L17315,L,301.6,313.0,1501,36.5,244,0,0,0,0,0,0
7316,H17316,H,301.7,312.4,1534,34.4,239,0,0,0,0,0,0
7317,L17317,L,301.7,312.3,1458,19.4,136,1,0,0,1,0,0
7318,M17318,M,301.6,310.0,1431,44.4,60,0,0,0,0,0,0
7319,L17319,L,301.6,311.1,1530,30.2,55,0,0,0,0,0,0
7320,H17320,H,301.7,311.4,1489,34.7,132,0,0,0,0,0,0
7321,L17321,L,301.7,309.8,1452,41.8,125,0,0,0,0,0,0
7322,M17322,M,301.8,312.7,1338,38.1,153,0,0,0,0,0,0
7323,L17323,L,301.7,313.2,1416,52.9,214,1,0,0,0,1,0
7324,M17324,M,301.7,313.7,1593,30.9,207,0,0,0,0,0,0
7325,L17325,L,301.7,310.6,1404,53.4,125,0,0,0,0,0,0
7326,L17326,L,301.7,311.8,1566,48.3,122,0,0,0,0,0,0
7327,L17327,L,301.7,313.0,1639,45.5,184,0,0,0,0,0,0
7328,M17328,M,301.7,311.5,1421,48.6,230,0,0,0,0,0,0
7329,L17329,L,301.7,311.1,1456,42.4,34,0,0,0,0,0,0
7330,M17330,M,301.7,309.8,1599,29.8,9,0,0,0,0,0,0
7331,L17331,L,301.7,312.8,1623,43.1,90,0,0,0,0,0,0
7332,H17332,H,301.7,311.7,1436,31.1,207,0,0,0,0,0,0
7333,H17333,H,301.7,310.9,1338,36.8,20,0,0,0,0,0,0
7334,M17334,M,301.6,311.9,1625,39.5,139,0,0,0,0,0,0
7335,L17335,L,301.7,311.8,1558,34.5,8,0,0,0,0,0,0
7336,L17336,L,301.7,311.9,1540,45.7,143,0,0,0,0,0,0
7337,L17337,L,301.8,311.6,1592,38.7,200,0,0,0,0,0,0
7338,L17338,L,301.8,313.4,1381,42.5,119,0,0,0,0,0,0
7339,M17339,M,301.8,311.7,1539,39.9,220,0,0,0,0,0,0
7340,M17340,M,301.9,313.5,1471,40.8,181,0,0,0,0,0,0
7341,H17341,H,301.9,312.5,1560,34.7,126,0,0,0,0,0,0
7342,L17342,L,302.0,312.3,1580,33.0,22,0,0,0,0,0,0
7343,M17343,M,302.0,311.9,1598,39.1,38,0,0,0,0,0,0
7344,L17344,L,302.0,313.0,1560,34.2,234,0,0,0,0,0,0
7345,M17345,M,302.1,312.2,1525,48.4,240,0,0,0,0,0,0
7346,L17346,L,302.0,311.1,1528,31.7,127,0,0,0,0,0,0
7347,L17347,L,302.0,311.1,1537,54.0,215,1,0,0,0,1,0
7348,L17348,L,302.0,312.4,1438,41.8,21,0,0,0,0,0,0
7349,M17349,M,302.0,311.1,1463,40.4,54,0,0,0,0,0,0
7350,H17350,H,301.9,311.9,1540,36.8,158,0,0,0,0,0,0
7351,L17351,L,301.9,313.0,1565,43.9,73,0,0,0,0,0,0
7352,L17352,L,302.0,312.3,1435,38.8,46,0,0,0,0,0,0
7353,L17353,L,302.0,311.3,1392,41.8,233,0,0,0,0,0,0
7354,M17354,M,302.0,313.4,1332,45.1,26,0,0,0,0,0,0
7355,L17355,L,302.0,312.5,1374,44.0,127,0,0,0,0,0,0
7356,M17356,M,302.0,313.0,1446,47.4,225,0,0,0,0,0,0
7357,H17357,H,302.0,309.7,1455,43.2,47,0,0,0,0,0,0
7358,H17358,H,302.1,312.4,1472,34.3,166,0,0,0,0,0,0
7359,L17359,L,302.0,312.8,1379,27.5,215,1,1,0,0,0,0
7360,H17360,H,301.9,313.6,1319,41.3,148,0,0,0,0,0,0
7361,M17361,M,301.9,310.4,1513,41.4,14,0,0,0,0,0,0
7362,L17362,L,301.9,313.1,1513,51.6,80,0,0,0,0,0,0
7363,M17363,M,302.0,313.6,1562,39.3,117,0,0,0,0,0,0
7364,H17364,H,302.0,309.9,1582,42.2,44,0,0,0,0,0,0
7365,L17365,L,302.0,312.4,1539,44.7,18,0,0,0,0,0,0
7366,L17366,L,302.1,312.7,1511,43.1,180,0,0,0,0,0,0
7367,L17367,L,302.1,311.8,1588,45.1,216,0,0,0,0,0,0
7368,M17368,M,302.1,311.7,1642,35.1,54,0,0,0,0,0,0
7369,L17369,L,302.2,312.9,1432,34.1,231,0,0,0,0,0,0
7370,H17370,H,302.2,311.5,1577,38.3,85,0,0,0,0,0,0
7371,M17371,M,302.1,311.9,1438,27.0,104,0,0,0,0,0,0
7372,M17372,M,302.1,313.0,1522,39.8,242,0,0,0,0,0,0
7373,L17373,L,302.2,313.9,1607,36.0,176,0,0,0,0,0,0
7374,M17374,M,302.2,312.7,1473,41.9,233,0,0,0,0,0,0
7375,L17375,L,302.2,312.3,1405,38.4,77,0,0,0,0,0,0
7376,L17376,L,302.1,311.6,1454,33.9,125,0,0,0,0,0,0
7377,M17377,M,302.0,311.0,1405,47.9,188,0,0,0,0,0,0
7378,L17378,L,301.9,313.0,1393,40.5,59,0,0,0,0,0,0
7379,M17379,M,301.9,311.8,1621,45.2,219,0,0,0,0,0,0
7380,L17380,L,301.9,313.1,1553,41.1,75,0,0,0,0,0,0
7381,L17381,L,301.9,311.6,1428,42.8,90,0,0,0,0,0,0
7382,L17382,L,301.9,311.2,1402,31.8,115,0,0,0,0,0,0
7383,H17383,H,301.9,312.3,1408,47.7,23,0,0,0,0,0,0
7384,M17384,M,302.0,311.9,1428,45.3,213,0,0,0,0,0,0
7385,M17385,M,301.9,310.7,1615,39.9,166,0,0,0,0,0,0
7386,L17386,L,301.8,313.6,1489,41.7,125,0,0,0,0,0,0
7387,L17387,L,301.8,311.2,1713,46.0,188,0,0,0,0,0,0
7388,H17388,H,301.9,312.8,1496,37.8,232,0,0,0,0,0,0
7389,L17389,L,302.0,312.8,1442,30.5,113,0,0,0,0,0,0
7390,L17390,L,302.0,310.8,1593,37.9,230,0,0,0,0,0,0
7391,M17391,M,302.0,311.0,1333,40.9,99,0,0,0,0,0,0
7392,L17392,L,302.0,311.7,1519,39.8,150,0,0,0,0,0,0
7393,H17393,H,302.0,311.1,1379,47.9,71,0,0,0,0,0,0
7394,M17394,M,302.0,313.7,1282,34.2,219,0,0,0,0,0,0
7395,L17395,L,301.9,311.7,1488,35.0,113,0,0,0,0,0,0
7396,L17396,L,301.9,312.8,1583,33.7,92,0,0,0,0,0,0
7397,L17397,L,301.8,312.4,1521,42.6,206,0,0,0,0,0,0
7398,H17398,H,301.8,312.1,1509,30.8,166,0,0,0,0,0,0
7399,M17399,M,301.7,311.8,1240,44.5,71,0,0,0,0,0,0
7400,L17400,L,301.7,313.0,1485,34.4,91,0,0,0,0,0,0
7401,L17401,L,301.6,310.8,1485,35.4,96,0,0,0,0,0,0
7402,M17402,M,301.7,313.4,1562,50.6,10,0,0,0,0,0,0
7403,M17403,M,301.7,310.4,1394,47.4,41,0,0,0,0,0,0
7404,L17404,L,301.7,312.5,1583,40.7,228,0,0,0,0,0,0
7405,L17405,L,301.7,310.3,1449,32.1,125,0,0,0,0,0,0
7406,L17406,L,301.7,311.4,1470,52.1,152,0,0,0,0,0,0
7407,M17407,M,301.7,311.8,1553,38.8,161,0,0,0,0,0,0
7408,H17408,H,301.7,311.2,1381,41.5,21,0,0,0,0,0,0
7409,L17409,L,301.6,311.4,1582,45.5,129,0,0,0,0,0,0
7410,M17410,M,301.5,310.2,1365,28.2,178,0,0,0,0,0,0
7411,L17411,L,301.5,310.5,1566,36.2,143,0,0,0,0,0,0
7412,L17412,L,301.5,312.0,1476,39.6,138,0,0,0,0,0,0
7413,L17413,L,301.6,311.6,1485,40.8,205,1,1,0,0,0,0
7414,H17414,H,301.5,310.9,1193,32.2,95,0,0,0,0,0,0
7415,L17415,L,301.5,312.8,1441,42.0,213,0,0,0,0,0,0
7416,M17416,M,301.4,310.2,1479,40.2,68,0,0,0,0,0,0
7417,L17417,L,301.5,311.1,1655,50.0,99,0,0,0,0,0,0
7418,L17418,L,301.5,311.0,1496,46.0,214,0,0,0,0,0,0
7419,L17419,L,301.5,312.1,1435,38.4,61,0,0,0,0,0,0
7420,M17420,M,301.5,311.5,1583,38.8,18,0,0,0,0,0,0
7421,L17421,L,301.5,311.4,1449,46.1,156,0,0,0,0,0,0
7422,M17422,M,301.5,309.7,1603,41.7,169,0,0,0,0,0,0
7423,L17423,L,301.6,312.5,1526,31.8,150,0,0,0,0,0,0
7424,L17424,L,301.7,311.4,1410,52.6,59,0,0,0,0,0,0
7425,L17425,L,301.6,311.7,1594,34.1,200,0,0,0,0,0,0
7426,L17426,L,301.6,310.9,1560,54.9,145,0,0,0,0,0,0
7427,L17427,L,301.6,310.7,1590,42.6,94,0,0,0,0,0,0
7428,L17428,L,301.5,313.0,1482,36.2,100,0,0,0,0,0,0
7429,M17429,M,301.5,309.7,1560,25.8,80,0,0,0,0,0,0
7430,M17430,M,301.6,310.5,1692,44.7,182,0,0,0,0,0,0
7431,L17431,L,301.5,313.0,1517,30.7,17,0,0,0,0,0,0
7432,L17432,L,301.5,312.1,1460,42.1,154,0,0,0,0,0,0
7433,L17433,L,301.6,311.2,1654,51.6,84,0,0,0,0,0,0
7434,L17434,L,301.5,312.7,1567,33.2,128,0,0,0,0,0,0
7435,L17435,L,301.4,311.8,1455,44.4,223,0,0,0,0,0,0
7436,H17436,H,301.3,311.6,1674,35.1,141,0,0,0,0,0,0
7437,L17437,L,301.3,311.5,1380,46.8,58,0,0,0,0,0,0
7438,L17438,L,301.3,311.7,1553,40.4,109,0,0,0,0,0,0
7439,L17439,L,301.3,311.8,1615,39.9,205,1,1,0,0,0,0
7440,L17440,L,301.2,313.4,1607,47.2,160,0,0,0,0,0,0
7441,M17441,M,301.3,311.1,1410,43.8,163,0,0,0,0,0,0
7442,L17442,L,301.3,311.1,1376,35.2,118,0,0,0,0,0,0
7443,L17443,L,301.3,310.1,1523,50.7,166,0,0,0,0,0,0
7444,M17444,M,301.4,311.3,1570,30.8,119,0,0,0,0,0,0
7445,L17445,L,301.4,313.2,1392,41.7,75,0,0,0,0,0,0
7446,M17446,M,301.4,312.4,1530,35.1,172,0,0,0,0,0,0
7447,M17447,M,301.4,310.8,1354,31.1,152,0,0,0,0,0,0
7448,L17448,L,301.4,311.5,1606,33.2,142,0,0,0,0,0,0
7449,M17449,M,301.4,310.1,1443,39.7,19,0,0,0,0,0,0
7450,L17450,L,301.3,310.3,1484,42.1,33,0,0,0,0,0,0
7451,M17451,M,301.3,311.4,1586,46.4,57,0,0,0,0,0,0
7452,L17452,L,301.2,310.7,1577,48.9,59,0,0,0,0,0,0
7453,L17453,L,301.2,310.1,1547,41.7,205,0,0,0,0,0,0
7454,M17454,M,301.2,311.7,1603,37.3,157,0,0,0,0,0,0
7455,H17455,H,301.2,311.1,1541,46.2,107,0,0,0,0,0,0
7456,H17456,H,301.2,309.6,1645,36.3,140,0,0,0,0,0,0
7457,M17457,M,301.1,309.1,1329,30.4,205,1,0,1,0,0,0
7458,L17458,L,301.1,310.6,1494,45.6,92,0,0,0,0,0,0
7459,L17459,L,301.1,309.5,1490,47.9,217,0,0,0,0,0,0
7460,L17460,L,301.0,309.2,1478,35.1,66,0,0,0,0,0,0
7461,L17461,L,301.0,312.1,1550,51.8,88,0,0,0,0,0,0
7462,L17462,L,301.0,310.9,1521,43.5,218,0,0,0,0,0,0
7463,H17463,H,300.9,310.7,1582,42.6,172,0,0,0,0,0,0
7464,L17464,L,301.0,310.8,1382,36.9,39,0,0,0,0,0,0
7465,L17465,L,300.9,309.8,1729,46.1,207,0,0,0,0,0,0
7466,L17466,L,300.9,311.3,1461,30.9,165,0,0,0,0,0,0
7467,H17467,H,301.0,310.9,1529,38.0,202,0,0,0,0,0,0
7468,M17468,M,300.9,310.2,1479,35.6,220,0,0,0,0,0,0
7469,M17469,M,300.9,310.3,1508,32.1,46,0,0,0,0,0,0
7470,L17470,L,300.9,309.6,1447,45.2,242,0,0,0,0,0,0
7471,H17471,H,300.8,310.4,1521,42.0,249,0,0,0,0,0,0
7472,L17472,L,300.9,310.6,1558,44.8,87,0,0,0,0,0,0
7473,H17473,H,300.9,310.5,1260,38.3,156,0,0,0,0,0,0
7474,M17474,M,300.9,310.9,1467,45.9,161,0,0,0,0,0,0
7475,L17475,L,300.8,310.7,1463,40.5,138,0,0,0,0,0,0
7476,L17476,L,300.8,311.1,1732,37.2,19,0,0,0,0,0,0
7477,M17477,M,300.9,311.8,1586,36.2,147,0,0,0,0,0,0
7478,L17478,L,300.9,311.5,1650,28.1,200,0,0,0,0,0,0
7479,H17479,H,301.0,311.9,1556,47.0,55,0,0,0,0,0,0
7480,L17480,L,300.9,310.1,1508,46.3,150,0,0,0,0,0,0
7481,L17481,L,300.9,310.4,1536,57.6,99,1,0,0,1,0,0
7482,L17482,L,301.0,311.6,1612,38.0,246,0,0,0,0,0,0
7483,L17483,L,300.9,311.5,1675,36.0,112,0,0,0,0,0,0
7484,L17484,L,300.8,310.1,1530,29.8,218,0,0,0,0,0,0
7485,L17485,L,300.9,311.5,1438,45.8,87,0,0,0,0,0,0
7486,M17486,M,300.9,310.0,1592,44.4,103,0,0,0,0,0,0
7487,L17487,L,300.8,311.3,1415,49.3,24,0,0,0,0,0,0
7488,H17488,H,300.9,310.8,1539,34.5,216,1,1,0,0,0,0
7489,M17489,M,300.9,309.5,1568,44.3,239,0,0,0,0,0,0
7490,H17490,H,300.9,310.5,1489,36.9,32,0,0,0,0,0,0
7491,L17491,L,300.9,313.1,1410,48.1,158,0,0,0,0,0,0
7492,L17492,L,300.9,311.1,1455,43.2,201,0,0,0,0,0,0
7493,L17493,L,301.0,313.3,1468,30.7,102,0,0,0,0,0,0
7494,M17494,M,300.9,309.5,1395,39.2,78,0,0,0,0,0,0
7495,H17495,H,300.9,311.7,1461,28.3,128,0,0,0,0,0,0
7496,L17496,L,300.9,308.4,1355,33.0,181,1,0,1,0,0,0
7497,L17497,L,301.0,311.0,1559,33.4,15,0,0,0,0,0,0
7498,H17498,H,301.0,311.6,1533,36.2,84,0,0,0,0,0,0
7499,L17499,L,300.9,311.8,1527,38.4,58,0,0,0,0,0,0
7500,M17500,M,300.9,310.1,1461,41.0,193,0,0,0,0,0,0
7501,M17501,M,300.9,311.9,1475,40.7,124,0,0,0,0,0,0
7502,H17502,H,300.9,310.4,1417,39.9,130,0,0,0,0,0,0
7503,L17503,L,300.9,310.7,1551,42.0,142,0,0,0,0,0,0
7504,L17504,L,301.0,310.5,1364,32.5,31,0,0,0,0,0,0
7505,M17505,M,301.0,309.8,1508,40.4,247,0,0,0,0,0,0
7506,H17506,H,301.0,312.6,1437,48.6,177,0,0,0,0,0,0
7507,L17507,L,301.0,311.1,1676,39.0,110,0,0,0,0,0,0
7508,L17508,L,301.0,312.1,1553,43.0,218,0,0,0,0,0,0
7509,M17509,M,301.0,312.0,1500,42.4,99,0,0,0,0,0,0
7510,H17510,H,301.0,310.1,1389,45.2,226,0,0,0,0,0,0
7511,H17511,H,301.0,312.3,1364,41.7,187,0,0,0,0,0,0
7512,H17512,H,301.1,311.6,1550,45.1,102,0,0,0,0,0,0
7513,L17513,L,301.1,310.0,1680,43.0,215,0,0,0,0,0,0
7514,L17514,L,301.1,311.5,1541,43.9,115,0,0,0,0,0,0
7515,M17515,M,301.0,310.0,1518,42.7,117,0,0,0,0,0,0
7516,H17516,H,301.1,312.7,1519,34.0,242,0,0,0,0,0,0
7517,L17517,L,301.1,311.9,1510,33.0,118,0,0,0,0,0,0
7518,L17518,L,301.0,311.0,1520,37.9,135,0,0,0,0,0,0
7519,M17519,M,301.0,312.3,1431,49.3,6,0,0,0,0,0,0
7520,L17520,L,301.0,309.4,1403,39.0,131,0,0,0,0,0,0
7521,L17521,L,301.0,310.3,1511,41.9,221,0,0,0,0,0,0
7522,M17522,M,301.0,310.8,1649,28.2,9,0,0,0,0,0,0
7523,M17523,M,301.1,313.3,1578,41.2,59,0,0,0,0,0,0
7524,M17524,M,301.1,310.0,1377,40.5,24,0,0,0,0,0,0
7525,L17525,L,301.1,309.4,1474,24.0,41,0,0,0,0,0,0
7526,M17526,M,301.0,309.6,1573,41.7,46,0,0,0,0,0,0
7527,M17527,M,301.0,311.9,1652,30.1,95,0,0,0,0,0,0
7528,M17528,M,301.0,310.4,1679,35.6,247,0,0,0,0,0,0
7529,M17529,M,301.0,310.9,1479,46.0,245,0,0,0,0,0,0
7530,L17530,L,301.1,311.9,1582,40.9,223,0,0,0,0,0,0
7531,L17531,L,301.1,310.9,1525,37.3,113,0,0,0,0,0,0
7532,L17532,L,301.1,311.3,1488,36.8,31,0,0,0,0,0,0
7533,L17533,L,301.1,311.6,1506,37.5,73,0,0,0,0,0,0
7534,M17534,M,301.1,310.6,1507,41.0,246,0,0,0,0,0,0
7535,H17535,H,301.0,310.8,1618,32.8,200,0,0,0,0,0,0
7536,M17536,M,301.0,311.2,1360,46.7,152,0,0,0,0,0,0
7537,M17537,M,301.0,311.8,1547,33.1,216,0,0,0,0,0,0
7538,L17538,L,301.1,310.3,1654,29.6,232,0,0,0,0,0,0
7539,L17539,L,301.1,308.0,1643,45.9,245,1,0,0,0,1,0
7540,L17540,L,301.1,311.8,1557,37.4,15,0,0,0,0,0,0
7541,L17541,L,301.1,312.1,1424,40.4,176,0,0,0,0,0,0
7542,L17542,L,301.1,311.3,1578,43.9,143,0,0,0,0,0,0
7543,M17543,M,301.2,311.5,1632,35.7,93,0,0,0,0,0,0
7544,H17544,H,301.2,310.7,1448,40.8,165,0,0,0,0,0,0
7545,L17545,L,301.2,311.7,1536,43.9,4,0,0,0,0,0,0
7546,L17546,L,301.2,312.1,1479,49.9,6,0,0,0,0,0,0
7547,M17547,M,301.2,311.3,1439,36.9,204,0,0,0,0,0,0
7548,L17548,L,301.1,313.6,1468,37.2,7,0,0,0,0,0,0
7549,H17549,H,301.2,309.6,1513,43.4,32,0,0,0,0,0,0
7550,M17550,M,301.2,311.4,1408,41.3,61,0,0,0,0,0,0
7551,H17551,H,301.3,310.1,1392,39.2,201,0,0,0,0,0,0
7552,L17552,L,301.3,312.2,1411,49.6,115,0,0,0,0,0,0
7553,M17553,M,301.3,309.7,1533,29.9,211,0,0,0,0,0,0
7554,L17554,L,301.3,310.0,1353,31.5,159,0,0,0,0,0,0
7555,M17555,M,301.4,310.8,1278,30.0,220,0,0,0,0,0,0
7556,L17556,L,301.5,311.7,1637,47.2,128,0,0,0,0,0,0
7557,L17557,L,301.5,310.9,1399,43.1,90,0,0,0,0,0,0
7558,M17558,M,301.5,310.9,1481,31.8,147,0,0,0,0,0,0
7559,M17559,M,301.4,311.2,1592,39.3,54,0,0,0,0,0,0
7560,H17560,H,301.4,311.2,1356,39.8,190,0,0,0,0,0,0
7561,M17561,M,301.4,312.9,1356,26.7,77,0,0,0,0,0,0
7562,M17562,M,301.4,312.1,1437,41.1,206,1,1,0,0,0,0
7563,L17563,L,301.4,311.1,1596,32.9,5,0,0,0,0,0,0
7564,M17564,M,301.5,313.6,1498,44.2,51,0,0,0,0,0,0
7565,M17565,M,301.5,312.0,1499,33.1,1,0,0,0,0,0,0
7566,H17566,H,301.5,310.6,1470,41.3,220,0,0,0,0,0,0
7567,H17567,H,301.6,311.8,1556,47.8,38,0,0,0,0,0,0
7568,L17568,L,301.6,312.1,1643,45.8,247,1,0,0,0,1,0
7569,H17569,H,301.5,310.8,1798,43.0,248,0,0,0,0,0,0
7570,L17570,L,301.5,310.4,1485,39.5,120,0,0,0,0,0,0
7571,L17571,L,301.5,311.6,1653,31.0,31,0,0,0,0,0,0
7572,M17572,M,301.5,311.1,1600,37.4,115,0,0,0,0,0,0
7573,L17573,L,301.5,313.0,1527,38.6,178,0,0,0,0,0,0
7574,M17574,M,301.6,312.3,1279,38.2,196,0,0,0,0,0,0
7575,L17575,L,301.5,310.9,1462,30.8,213,0,0,0,0,0,0
7576,L17576,L,301.5,312.0,1466,42.6,91,0,0,0,0,0,0
7577,M17577,M,301.5,312.8,1536,32.9,31,0,0,0,0,0,0
7578,M17578,M,301.6,310.2,1480,49.3,92,0,0,0,0,0,0
7579,H17579,H,301.7,310.6,1444,40.9,231,0,0,0,0,0,0
7580,M17580,M,301.6,311.6,1703,45.9,130,0,0,0,0,0,0
7581,M17581,M,301.6,311.6,1631,45.8,61,0,0,0,0,0,0
7582,L17582,L,301.5,311.5,1298,52.5,222,1,0,0,0,1,0
7583,L17583,L,301.5,311.2,1472,41.1,12,0,0,0,0,0,0
7584,L17584,L,301.4,311.1,1563,37.7,69,0,0,0,0,0,0
7585,M17585,M,301.5,311.9,1633,37.8,20,0,0,0,0,0,0
7586,M17586,M,301.5,312.6,1458,49.0,188,0,0,0,0,0,0
7587,L17587,L,301.4,310.9,1478,32.1,246,0,0,0,0,0,0
7588,M17588,M,301.5,314.0,1509,34.7,13,0,0,0,0,0,0
7589,M17589,M,301.5,313.5,1566,41.4,88,0,0,0,0,0,0
7590,L17590,L,301.5,312.9,1346,39.1,70,0,0,0,0,0,0
7591,L17591,L,301.5,312.1,1298,45.8,106,0,0,0,0,0,0
7592,H17592,H,301.5,313.5,1625,32.0,149,0,0,0,0,0,0
7593,M17593,M,301.5,311.2,1401,39.6,127,0,0,0,0,0,0
7594,H17594,H,301.4,310.6,1712,38.9,31,0,0,0,0,0,0
7595,L17595,L,301.3,310.8,1414,33.6,168,0,0,0,0,0,0
7596,H17596,H,301.4,310.4,1482,45.3,31,0,0,0,0,0,0
7597,L17597,L,301.5,311.6,1537,39.4,169,0,0,0,0,0,0
7598,L17598,L,301.5,311.8,1287,39.2,179,0,0,0,0,0,0
7599,H17599,H,301.6,311.8,1786,35.1,221,0,0,0,0,0,0
7600,L17600,L,301.5,311.5,1461,37.8,80,0,0,0,0,0,0
7601,M17601,M,301.5,311.7,1416,33.9,231,0,0,0,0,0,0
7602,L17602,L,301.6,313.3,1383,45.2,181,0,0,0,0,0,0
7603,M17603,M,301.7,312.3,1536,46.2,101,0,0,0,0,0,0
7604,H17604,H,301.7,312.7,1529,50.1,189,0,0,0,0,0,0
7605,L17605,L,301.7,311.9,1387,42.6,84,0,0,0,0,0,0
7606,M17606,M,301.7,310.1,1363,38.0,217,1,0,1,0,0,0
7607,L17607,L,301.7,309.9,1606,37.2,42,0,0,0,0,0,0
7608,M17608,M,301.7,313.8,1434,42.9,130,0,0,0,0,0,0
7609,L17609,L,301.7,311.2,1328,41.2,165,0,0,0,0,0,0
7610,L17610,L,301.7,311.1,1485,39.0,208,0,0,0,0,0,0
7611,L17611,L,301.8,312.0,1460,38.4,166,0,0,0,0,0,0
7612,L17612,L,301.9,312.4,1695,47.0,197,0,0,0,0,0,0
7613,H17613,H,301.9,312.5,1448,37.4,212,0,0,0,0,0,0
7614,L17614,L,301.8,313.6,1469,48.1,44,0,0,0,0,0,0
7615,L17615,L,301.8,313.3,1522,41.1,45,0,0,0,0,0,0
7616,L17616,L,301.9,311.1,1443,37.8,114,0,0,0,0,0,0
7617,L17617,L,301.9,312.8,1544,35.3,103,0,0,0,0,0,0
7618,M17618,M,301.9,311.5,1398,39.1,12,0,0,0,0,0,0
7619,H17619,H,301.9,311.8,1476,43.0,51,0,0,0,0,0,0
7620,L17620,L,302.0,310.9,1541,37.7,8,0,0,0,0,0,0
7621,H17621,H,302.0,310.3,1614,45.1,184,0,0,0,0,0,0
7622,M17622,M,301.9,311.9,1441,37.4,68,0,0,0,0,0,0
7623,L17623,L,301.8,310.8,1440,39.3,42,0,0,0,0,0,0
7624,M17624,M,301.7,312.7,1654,32.3,6,0,0,0,0,0,0
7625,M17625,M,301.7,311.4,1445,43.4,229,0,0,0,0,0,0
7626,M17626,M,301.8,312.1,1494,38.4,43,0,0,0,0,0,0
7627,H17627,H,301.8,313.1,1671,49.5,171,0,0,0,0,0,0
7628,L17628,L,301.7,310.3,1507,44.2,101,0,0,0,0,0,0
7629,H17629,H,301.7,311.0,1475,40.5,222,0,0,0,0,0,0
7630,M17630,M,301.7,311.9,1483,47.4,67,0,0,0,0,0,0
7631,L17631,L,301.8,312.1,1426,42.4,121,0,0,0,0,0,0
7632,M17632,M,301.9,313.0,1545,46.0,76,0,0,0,0,0,0
7633,L17633,L,301.9,312.8,1408,34.8,43,0,0,0,0,0,0
7634,H17634,H,301.8,311.9,1578,42.8,206,0,0,0,0,0,0
7635,M17635,M,301.8,312.1,1502,43.0,39,0,0,0,0,0,0
7636,L17636,L,301.9,312.2,1524,30.7,204,0,0,0,0,0,0
7637,L17637,L,301.9,310.5,1673,49.0,170,0,0,0,0,0,0
7638,M17638,M,301.9,311.7,1355,33.0,234,1,1,0,0,0,0
7639,L17639,L,301.9,312.1,1502,32.2,61,0,0,0,0,0,0
7640,L17640,L,301.9,312.3,1564,22.9,170,0,0,0,0,0,0
7641,L17641,L,301.8,310.9,1438,42.8,217,0,0,0,0,0,0
7642,L17642,L,301.7,310.5,1595,30.1,146,0,0,0,0,0,0
7643,L17643,L,301.7,311.5,1446,36.9,244,0,0,0,0,0,0
7644,L17644,L,301.7,313.7,1529,45.0,48,0,0,0,0,0,0
7645,L17645,L,301.7,310.8,1488,41.2,192,0,0,0,0,0,0
7646,M17646,M,301.6,312.8,1516,36.3,76,0,0,0,0,0,0
7647,M17647,M,301.6,313.2,1507,30.5,152,0,0,0,0,0,0
7648,L17648,L,301.6,311.7,1497,39.4,211,0,0,0,0,0,0
7649,L17649,L,301.6,310.9,1453,45.1,40,0,0,0,0,0,0
7650,M17650,M,301.6,312.1,1434,44.2,22,0,0,0,0,0,0
7651,L17651,L,301.5,311.7,1532,50.7,185,0,0,0,0,0,0
7652,L17652,L,301.5,310.7,1505,36.1,215,0,0,0,0,0,0
7653,L17653,L,301.4,310.7,1431,32.1,42,0,0,0,0,0,0
7654,H17654,H,301.4,311.8,1534,41.9,104,0,0,0,0,0,0
7655,M17655,M,301.4,312.3,1454,41.3,112,0,0,0,0,0,0
7656,M17656,M,301.4,311.0,1656,40.0,230,0,0,0,0,0,0
7657,M17657,M,301.4,311.3,1749,35.5,167,0,0,0,0,0,0
7658,M17658,M,301.4,312.1,1639,24.1,157,0,0,0,0,0,0
7659,L17659,L,301.3,311.1,1633,34.0,161,0,0,0,0,0,0
7660,M17660,M,301.3,311.0,1581,43.3,109,0,0,0,0,0,0
7661,L17661,L,301.1,310.4,1479,41.7,137,0,0,0,0,0,0
7662,M17662,M,301.1,310.4,1310,45.8,104,0,0,0,0,0,0
7663,M17663,M,301.1,313.8,1397,42.1,59,0,0,0,0,0,0
7664,M17664,M,301.0,310.8,1432,44.4,128,0,0,0,0,0,0
7665,L17665,L,301.1,312.5,1621,44.6,139,0,0,0,0,0,0
7666,L17666,L,301.1,312.8,1526,40.1,173,0,0,0,0,0,0
7667,M17667,M,301.1,310.9,1434,40.2,242,0,0,0,0,0,0
7668,M17668,M,301.1,311.5,1315,22.5,92,1,0,0,1,0,0
7669,H17669,H,301.1,311.2,1732,36.1,74,0,0,0,0,0,0
7670,L17670,L,301.0,309.4,1553,36.3,232,0,0,0,0,0,0
7671,M17671,M,300.9,309.3,1591,39.3,144,0,0,0,0,0,0
7672,M17672,M,301.0,311.0,1446,34.4,211,0,0,0,0,0,0
7673,H17673,H,301.0,310.6,1486,45.6,57,0,0,0,0,0,0
7674,M17674,M,301.0,312.9,1466,34.7,37,0,0,0,0,0,0
7675,M17675,M,301.0,310.8,1506,46.6,5,0,0,0,0,0,0
7676,M17676,M,301.1,313.0,1685,34.2,189,0,0,0,0,0,0
7677,M17677,M,301.1,310.6,1380,36.4,211,0,0,0,0,0,0
7678,H17678,H,301.1,313.0,1496,35.9,201,0,0,0,0,0,0
7679,L17679,L,301.1,311.6,1536,37.0,137,0,0,0,0,0,0
7680,L17680,L,301.1,311.6,1488,47.1,222,0,0,0,0,0,0
7681,H17681,H,301.1,310.5,1600,38.0,25,0,0,0,0,0,0
7682,M17682,M,301.1,311.6,1326,38.2,57,0,0,0,0,0,0
7683,M17683,M,301.1,312.8,1688,35.5,16,0,0,0,0,0,0
7684,L17684,L,301.0,310.9,1363,38.4,52,0,0,0,0,0,0
7685,L17685,L,300.9,310.6,1387,41.3,205,0,0,0,0,0,0
7686,M17686,M,301.0,310.7,1455,38.7,4,0,0,0,0,0,0
7687,M17687,M,301.0,312.6,1435,39.1,66,0,0,0,0,0,0
7688,L17688,L,301.0,311.9,1542,46.1,106,0,0,0,0,0,0
7689,L17689,L,301.0,312.4,1531,41.6,242,0,0,0,0,0,0
7690,H17690,H,300.9,311.2,1511,33.1,147,0,0,0,0,0,0
7691,L17691,L,300.8,310.9,1358,39.5,178,0,0,0,0,0,0
7692,H17692,H,300.8,311.3,1486,36.8,173,0,0,0,0,0,0
7693,L17693,L,300.8,311.9,1502,43.1,206,0,0,0,0,0,0
7694,M17694,M,300.9,310.6,1623,40.6,66,0,0,0,0,0,0
7695,H17695,H,300.9,312.2,1520,46.8,130,0,0,0,0,0,0
7696,M17696,M,301.0,311.3,1538,35.6,150,0,0,0,0,0,0
7697,L17697,L,301.0,308.6,1696,38.8,136,0,0,0,0,0,0
7698,M17698,M,300.9,311.7,1384,33.6,138,0,0,0,0,0,0
7699,L17699,L,300.9,309.6,1461,39.7,174,0,0,0,0,0,0
7700,L17700,L,300.8,311.7,1386,30.8,176,0,0,0,0,0,0
7701,H17701,H,300.9,311.8,1661,41.9,247,0,0,0,0,0,0
7702,M17702,M,300.8,311.1,1667,39.7,249,0,0,0,0,0,0
7703,M17703,M,300.9,311.5,1653,40.9,171,0,0,0,0,0,0
7704,L17704,L,301.0,312.1,1555,44.7,112,0,0,0,0,0,0
7705,L17705,L,301.0,310.5,1538,41.3,232,0,0,0,0,0,0
7706,L17706,L,300.9,311.7,1454,32.3,140,0,0,0,0,0,0
7707,M17707,M,301.0,312.1,1577,36.7,135,0,0,0,0,0,0
7708,M17708,M,301.0,312.8,1372,39.5,190,0,0,0,0,0,0
7709,M17709,M,301.0,309.9,1372,38.0,21,0,0,0,0,0,0
7710,H17710,H,300.9,311.4,1458,38.8,37,0,0,0,0,0,0
7711,L17711,L,300.9,310.0,1689,49.7,26,0,0,0,0,0,0
7712,L17712,L,300.9,309.9,1449,40.6,25,0,0,0,0,0,0
7713,L17713,L,301.0,311.3,1462,42.3,22,0,0,0,0,0,0
7714,L17714,L,301.0,311.1,1529,27.9,119,0,0,0,0,0,0
7715,L17715,L,301.0,312.1,1590,44.5,102,0,0,0,0,0,0
7716,H17716,H,301.0,310.6,1625,57.1,222,1,0,0,1,0,0
7717,L17717,L,301.0,310.8,1388,48.1,220,0,0,0,0,0,0
7718,H17718,H,301.0,311.2,1490,37.4,64,0,0,0,0,0,0
7719,L17719,L,301.1,310.3,1522,53.7,73,0,0,0,0,0,0
7720,H17720,H,301.1,310.4,1532,40.2,46,0,0,0,0,0,0
7721,M17721,M,301.2,312.3,1587,41.8,60,0,0,0,0,0,0
7722,H17722,H,301.1,310.6,1582,38.4,173,0,0,0,0,0,0
7723,L17723,L,301.1,312.3,1503,38.2,131,0,0,0,0,0,0
7724,M17724,M,301.1,311.7,1615,26.5,158,0,0,0,0,0,0
7725,H17725,H,301.1,309.6,1597,44.7,3,0,0,0,0,0,0
7726,L17726,L,301.2,311.8,1589,38.2,28,0,0,0,0,0,0
7727,L17727,L,301.2,311.7,1447,38.9,72,0,0,0,0,0,0
7728,L17728,L,301.2,311.7,1571,41.6,78,0,0,0,0,0,0
7729,H17729,H,301.1,311.0,1620,37.5,43,0,0,0,0,0,0
7730,M17730,M,301.2,310.2,1449,41.6,232,0,0,0,0,0,0
7731,M17731,M,301.2,312.6,1513,47.2,2,0,0,0,0,0,0
7732,L17732,L,301.2,311.1,1656,42.4,186,0,0,0,0,0,0
7733,L17733,L,301.1,310.2,1540,39.1,78,0,0,0,0,0,0
7734,H17734,H,301.1,311.5,1491,39.3,120,0,0,0,0,0,0
7735,L17735,L,301.1,310.3,1646,41.2,180,0,0,0,0,0,0
7736,M17736,M,301.1,310.2,1453,35.0,138,0,0,0,0,0,0
7737,H17737,H,301.2,310.8,1330,41.2,133,0,0,0,0,0,0
7738,L17738,L,301.2,310.5,1422,44.1,46,0,0,0,0,0,0
7739,M17739,M,301.1,310.2,1614,40.5,6,0,0,0,0,0,0
7740,L17740,L,301.1,311.9,1552,37.5,114,0,0,0,0,0,0
7741,M17741,M,301.1,311.0,1507,38.3,109,0,0,0,0,0,0
7742,L17742,L,301.1,312.4,1606,43.9,67,0,0,0,0,0,0
7743,M17743,M,301.1,310.2,1517,33.4,212,0,0,0,0,0,0
7744,L17744,L,301.1,309.4,1478,35.1,0,0,0,0,0,0,0
7745,L17745,L,301.2,311.3,1584,30.4,183,0,0,0,0,0,0
7746,M17746,M,301.2,313.0,1462,40.2,250,0,0,0,0,0,0
7747,L17747,L,301.1,311.6,1549,45.2,214,0,0,0,0,0,0
7748,M17748,M,301.1,314.3,1421,48.0,76,0,0,0,0,0,0
7749,L17749,L,301.0,311.3,1395,49.3,42,0,0,0,0,0,0
7750,M17750,M,301.0,311.2,1413,35.9,155,0,0,0,0,0,0
7751,L17751,L,301.0,308.8,1497,41.5,156,0,0,0,0,0,0
7752,M17752,M,301.0,311.4,1435,37.6,17,0,0,0,0,0,0
7753,L17753,L,301.0,311.2,1438,49.9,86,0,0,0,0,0,0
7754,L17754,L,301.0,310.6,1485,47.8,219,0,0,0,0,0,0
7755,L17755,L,301.0,310.9,1493,41.0,72,0,0,0,0,0,0
7756,M17756,M,301.0,311.0,1345,36.3,244,0,0,0,0,0,0
7757,L17757,L,301.0,310.8,1248,19.3,189,1,0,0,1,0,0
7758,H17758,H,300.9,313.0,1540,31.4,106,0,0,0,0,0,0
7759,H17759,H,300.9,310.6,1514,28.9,5,0,0,0,0,0,0
7760,L17760,L,300.9,311.1,1363,31.3,143,0,0,0,0,0,0
7761,M17761,M,300.9,310.5,1544,51.3,228,0,0,0,0,0,0
7762,L17762,L,300.9,311.7,1543,32.2,128,0,0,0,0,0,0
7763,L17763,L,300.9,311.1,1470,33.6,21,0,0,0,0,0,0
7764,M17764,M,300.9,310.7,1696,34.5,45,0,0,0,0,0,0
7765,M17765,M,301.0,309.0,1627,55.6,189,1,0,0,1,0,0
7766,M17766,M,301.0,311.3,1460,39.6,150,0,0,0,0,0,0
7767,L17767,L,301.0,310.7,1462,46.0,148,0,0,0,0,0,0
7768,L17768,L,300.9,310.9,1354,41.1,50,0,0,0,0,0,0
7769,L17769,L,301.0,309.8,1622,28.1,127,0,0,0,0,0,0
7770,M17770,M,301.1,312.5,1525,49.2,94,0,0,0,0,0,0
7771,M17771,M,301.1,311.9,1582,42.4,37,0,0,0,0,0,0
7772,M17772,M,301.1,312.5,1287,39.3,155,0,0,0,0,0,0
7773,L17773,L,301.0,312.2,1578,50.6,43,0,0,0,0,0,0
7774,L17774,L,300.9,311.5,1449,37.9,90,0,0,0,0,0,0
7775,L17775,L,300.9,309.7,1558,39.1,166,0,0,0,0,0,0
7776,L17776,L,300.9,312.7,1552,37.9,169,0,0,0,0,0,0
7777,L17777,L,300.8,309.9,1498,46.5,41,0,0,0,0,0,0
7778,H17778,H,300.8,310.5,1430,44.9,59,0,0,0,0,0,0
7779,H17779,H,300.8,311.5,1540,41.7,125,0,0,0,0,0,0
7780,M17780,M,300.8,311.5,1416,33.7,56,0,0,0,0,0,0
7781,L17781,L,300.7,311.3,1605,37.8,76,0,0,0,0,0,0
7782,L17782,L,300.8,310.4,1428,33.7,95,0,0,0,0,0,0
7783,H17783,H,300.8,310.2,1502,47.0,6,0,0,0,0,0,0
7784,L17784,L,300.9,313.4,1425,30.6,50,0,0,0,0,0,0
7785,H17785,H,301.0,310.9,1516,49.6,224,0,0,0,0,0,0
7786,L17786,L,301.0,310.8,1397,47.7,110,0,0,0,0,0,0
7787,L17787,L,300.9,310.2,1419,34.5,237,0,0,0,0,0,0
7788,H17788,H,301.0,311.2,1729,37.5,204,0,0,0,0,0,0
7789,L17789,L,301.0,311.2,1584,35.7,31,0,0,0,0,0,0
7790,M17790,M,300.9,310.9,1537,42.6,6,0,0,0,0,0,0
7791,M17791,M,301.0,311.4,1551,48.5,75,0,0,0,0,0,0
7792,L17792,L,300.9,312.7,1531,47.1,167,0,0,0,0,0,0
7793,L17793,L,300.9,310.3,1491,37.4,142,0,0,0,0,0,0
7794,M17794,M,300.9,311.0,1576,47.5,58,0,0,0,0,0,0
7795,M17795,M,300.9,310.3,1417,47.0,112,0,0,0,0,0,0
7796,L17796,L,300.9,311.2,1660,38.9,84,0,0,0,0,0,0
7797,H17797,H,300.9,310.3,1512,39.9,139,0,0,0,0,0,0
7798,L17798,L,300.9,310.3,1580,49.3,76,0,0,0,0,0,0
7799,L17799,L,300.9,309.5,1657,46.4,231,0,0,0,0,0,0
7800,L17800,L,300.9,311.0,1549,47.3,169,0,0,0,0,0,0
7801,L17801,L,300.9,311.3,1419,55.5,38,0,0,0,0,0,0
7802,L17802,L,300.9,312.8,1622,43.3,62,0,0,0,0,0,0
7803,H17803,H,300.9,311.3,1670,42.0,129,0,0,0,0,0,0
7804,L17804,L,300.9,310.4,1305,48.1,28,0,0,0,0,0,0
7805,L17805,L,300.8,309.5,1490,51.9,60,0,0,0,0,0,0
7806,L17806,L,300.9,309.7,1529,36.3,239,0,0,0,0,0,0
7807,M17807,M,300.8,309.5,1474,38.8,28,0,0,0,0,0,0
7808,H17808,H,300.8,312.7,1375,33.9,227,0,0,0,0,0,0
7809,L17809,L,300.7,311.0,1412,42.1,37,0,0,0,0,0,0
7810,L17810,L,300.7,310.1,1315,45.3,6,0,0,0,0,0,0
7811,L17811,L,300.7,309.8,1596,34.3,29,0,0,0,0,0,0
7812,L17812,L,300.8,309.9,1637,46.8,214,0,0,0,0,0,0
7813,L17813,L,300.8,310.2,1636,37.3,114,0,0,0,0,0,0
7814,L17814,L,300.7,312.1,1497,36.8,219,0,0,0,0,0,0
7815,L17815,L,300.8,310.8,1527,46.8,183,0,0,0,0,0,0
7816,M17816,M,300.8,309.3,1607,36.2,214,0,0,0,0,0,0
7817,L17817,L,300.8,313.1,1477,31.6,163,0,0,0,0,0,0
7818,H17818,H,300.7,309.6,1405,44.5,169,0,0,0,0,0,0
7819,H17819,H,300.7,310.1,1443,39.2,220,0,0,0,0,0,0
7820,M17820,M,300.8,312.1,1518,47.2,3,0,0,0,0,0,0
7821,L17821,L,300.8,311.2,1429,45.0,211,0,0,0,0,0,0
7822,L17822,L,300.8,310.4,1547,29.5,4,0,0,0,0,0,0
7823,L17823,L,300.8,309.5,1364,47.9,45,0,0,0,0,0,0
7824,M17824,M,300.8,309.8,1476,51.4,74,0,0,0,0,0,0
7825,L17825,L,300.8,309.9,1541,46.2,129,0,0,0,0,0,0
7826,H17826,H,300.7,310.7,1513,46.4,104,0,0,0,0,0,0
7827,H17827,H,300.8,311.0,1426,38.5,53,0,0,0,0,0,0
7828,L17828,L,300.7,310.5,1574,37.1,107,0,0,0,0,0,0
7829,M17829,M,300.6,310.6,1526,41.3,215,0,0,0,0,0,0
7830,L17830,L,300.6,309.6,1291,45.5,58,0,0,0,0,0,0
7831,L17831,L,300.5,310.8,1546,45.4,32,0,0,0,0,0,0
7832,L17832,L,300.4,311.7,1458,37.4,21,0,0,0,0,0,0
7833,L17833,L,300.4,310.3,1448,36.8,46,0,0,0,0,0,0
7834,H17834,H,300.4,310.2,1417,31.1,133,0,0,0,0,0,0
7835,L17835,L,300.5,310.6,1400,43.9,23,0,0,0,0,0,0
7836,L17836,L,300.6,311.7,1521,37.7,220,0,0,0,0,0,0
7837,M17837,M,300.6,309.7,1555,38.2,176,0,0,0,0,0,0
7838,M17838,M,300.6,312.1,1515,50.4,223,0,0,0,0,0,0
7839,L17839,L,300.6,311.0,1595,43.6,116,0,0,0,0,0,0
7840,H17840,H,300.5,310.5,1558,41.9,238,0,0,0,0,0,0
7841,M17841,M,300.4,311.6,1299,45.0,221,0,0,0,0,0,0
7842,L17842,L,300.4,309.2,1408,48.5,237,1,0,0,0,1,0
7843,L17843,L,300.5,311.0,1619,30.3,125,0,0,0,0,0,0
7844,L17844,L,300.5,310.9,1373,36.6,50,0,0,0,0,0,0
7845,H17845,H,300.4,309.5,1226,38.6,117,0,0,0,0,0,0
7846,M17846,M,300.5,310.9,1683,34.1,40,0,0,0,0,0,0
7847,H17847,H,300.5,310.8,1530,38.4,249,0,0,0,0,0,0
7848,L17848,L,300.6,310.4,1432,30.7,66,0,0,0,0,0,0
7849,L17849,L,300.6,311.5,1415,45.5,88,0,0,0,0,0,0
7850,L17850,L,300.6,310.0,1563,36.9,91,0,0,0,0,0,0
7851,L17851,L,300.7,310.9,1548,41.2,120,0,0,0,0,0,0
7852,M17852,M,300.7,310.5,1533,40.3,206,0,0,0,0,0,0
7853,M17853,M,300.7,310.1,1481,43.3,80,0,0,0,0,0,0
7854,L17854,L,300.7,311.2,1372,25.2,129,0,0,0,0,0,0
7855,L17855,L,300.7,310.5,1496,42.7,90,0,0,0,0,0,0
7856,L17856,L,300.7,309.2,1607,38.3,99,0,0,0,0,0,0
7857,L17857,L,300.7,308.9,1446,42.4,77,0,0,0,0,0,0
7858,L17858,L,300.7,311.5,1560,32.9,42,0,0,0,0,0,0
7859,L17859,L,300.7,309.5,1460,42.5,122,0,0,0,0,0,0
7860,L17860,L,300.7,311.0,1580,47.8,31,0,0,0,0,0,0
7861,L17861,L,300.8,310.8,1402,41.1,139,0,0,0,0,0,0
7862,L17862,L,300.8,310.4,1501,35.7,22,0,0,0,0,0,0
7863,L17863,L,300.8,312.8,1546,36.0,143,0,0,0,0,0,0
7864,M17864,M,300.8,311.0,1432,43.5,171,0,0,0,0,0,0
7865,L17865,L,300.9,311.6,1536,43.4,1,0,0,0,0,0,0
7866,H17866,H,300.9,311.2,1497,42.1,6,0,0,0,0,0,0
7867,L17867,L,300.9,310.7,1496,39.8,20,0,0,0,0,0,0
7868,L17868,L,300.9,310.8,1432,41.2,185,0,0,0,0,0,0
7869,L17869,L,300.9,312.3,1600,39.6,94,0,0,0,0,0,0
7870,L17870,L,300.8,311.9,1405,37.7,150,1,0,0,0,0,1
7871,H17871,H,300.8,312.7,1528,44.5,125,0,0,0,0,0,0
7872,L17872,L,300.8,311.0,1415,41.9,187,0,0,0,0,0,0
7873,H17873,H,300.7,309.9,1493,47.7,120,0,0,0,0,0,0
7874,H17874,H,300.8,310.3,1564,46.7,24,0,0,0,0,0,0
7875,M17875,M,300.8,309.6,1471,41.7,34,0,0,0,0,0,0
7876,M17876,M,300.8,311.5,1192,43.6,226,0,0,0,0,0,0
7877,M17877,M,300.8,310.3,1366,34.3,172,0,0,0,0,0,0
7878,L17878,L,300.8,307.8,1284,39.5,134,1,0,1,0,0,0
7879,M17879,M,300.8,313.3,1507,42.1,196,0,0,0,0,0,0
7880,L17880,L,300.8,310.3,1499,30.5,31,0,0,0,0,0,0
7881,L17881,L,300.8,310.2,1465,42.6,52,0,0,0,0,0,0
7882,L17882,L,300.8,312.5,1437,34.2,68,0,0,0,0,0,0
7883,M17883,M,300.8,309.6,1522,34.9,24,0,0,0,0,0,0
7884,H17884,H,300.7,311.9,1355,36.8,94,0,0,0,0,0,0
7885,L17885,L,300.8,310.2,1596,39.8,211,0,0,0,0,0,0
7886,H17886,H,300.8,309.4,1508,32.0,85,0,0,0,0,0,0
7887,L17887,L,300.7,312.4,1406,45.1,101,0,0,0,0,0,0
7888,L17888,L,300.7,311.6,1458,41.1,76,0,0,0,0,0,0
7889,L17889,L,300.7,311.6,1487,51.5,230,1,0,0,0,1,0
7890,L17890,L,300.6,311.0,1362,41.8,129,0,0,0,0,0,0
7891,L17891,L,300.7,311.3,1567,43.4,85,0,0,0,0,0,0
7892,M17892,M,300.6,309.4,1597,34.9,60,0,0,0,0,0,0
7893,H17893,H,300.5,310.6,1512,32.9,136,0,0,0,0,0,0
7894,L17894,L,300.5,309.6,1594,43.7,50,0,0,0,0,0,0
7895,L17895,L,300.5,309.1,1765,33.4,1,0,0,0,0,0,0
7896,H17896,H,300.5,310.9,1312,43.9,172,0,0,0,0,0,0
7897,M17897,M,300.5,311.6,1505,50.2,31,0,0,0,0,0,0
7898,L17898,L,300.5,310.1,1366,45.7,199,0,0,0,0,0,0
7899,L17899,L,300.5,310.2,1656,43.4,79,0,0,0,0,0,0
7900,H17900,H,300.5,309.4,1525,41.6,96,0,0,0,0,0,0
7901,M17901,M,300.5,310.5,1430,37.7,74,0,0,0,0,0,0
7902,L17902,L,300.5,311.2,1474,39.3,159,0,0,0,0,0,0
7903,L17903,L,300.5,311.3,1634,36.6,7,0,0,0,0,0,0
7904,H17904,H,300.5,311.0,1545,32.1,223,0,0,0,0,0,0
7905,L17905,L,300.4,309.8,1558,40.2,84,0,0,0,0,0,0
7906,H17906,H,300.5,309.8,1649,46.6,216,0,0,0,0,0,0
7907,L17907,L,300.4,311.2,1595,32.3,120,0,0,0,0,0,0
7908,M17908,M,300.4,311.2,1612,48.4,19,0,0,0,0,0,0
7909,L17909,L,300.4,310.3,1487,47.3,192,0,0,0,0,0,0
7910,L17910,L,300.4,310.0,1275,42.4,148,0,0,0,0,0,0
7911,H17911,H,300.4,311.5,1510,42.4,6,0,0,0,0,0,0
7912,L17912,L,300.4,310.1,1434,38.9,120,0,0,0,0,0,0
7913,M17913,M,300.4,311.2,1579,40.3,121,0,0,0,0,0,0
7914,L17914,L,300.4,310.3,1323,37.2,216,0,0,0,0,0,0
7915,L17915,L,300.4,309.4,1583,40.2,136,0,0,0,0,0,0
7916,L17916,L,300.4,312.1,1519,40.8,85,0,0,0,0,0,0
7917,M17917,M,300.5,310.7,1535,51.3,129,0,0,0,0,0,0
7918,L17918,L,300.5,309.7,1562,43.4,244,0,0,0,0,0,0
7919,L17919,L,300.5,309.1,1497,38.7,146,0,0,0,0,0,0
7920,L17920,L,300.5,309.2,1467,39.4,59,0,0,0,0,0,0
7921,M17921,M,300.5,310.2,1613,35.7,197,0,0,0,0,0,0
7922,M17922,M,300.6,312.5,1559,36.7,186,0,0,0,0,0,0
7923,L17923,L,300.6,310.0,1569,45.5,68,0,0,0,0,0,0
7924,L17924,L,300.5,312.0,1492,37.0,44,0,0,0,0,0,0
7925,H17925,H,300.6,310.5,1511,36.3,61,0,0,0,0,0,0
7926,L17926,L,300.5,309.4,1499,36.4,137,0,0,0,0,0,0
7927,H17927,H,300.5,310.0,1326,35.6,122,0,0,0,0,0,0
7928,H17928,H,300.5,309.2,1362,46.8,192,0,0,0,0,0,0
7929,M17929,M,300.6,309.7,1488,40.9,25,0,0,0,0,0,0
7930,L17930,L,300.6,309.7,1312,38.3,217,0,0,0,0,0,0
7931,H17931,H,300.6,308.7,1489,40.2,187,0,0,0,0,0,0
7932,M17932,M,300.6,312.1,1411,41.3,17,0,0,0,0,0,0
7933,M17933,M,300.6,310.8,1492,35.5,58,0,0,0,0,0,0
7934,L17934,L,300.6,309.9,1517,31.7,148,0,0,0,0,0,0
7935,L17935,L,300.5,310.8,1314,48.0,45,0,0,0,0,0,0
7936,L17936,L,300.6,309.8,1533,45.9,11,0,0,0,0,0,0
7937,M17937,M,300.6,307.9,1455,42.3,229,0,0,0,0,0,0
7938,M17938,M,300.7,313.7,1268,45.5,205,0,0,0,0,0,0
7939,L17939,L,300.7,310.9,1454,51.5,112,0,0,0,0,0,0
7940,L17940,L,300.7,310.1,1538,36.8,159,0,0,0,0,0,0
7941,L17941,L,300.7,308.8,1459,33.3,166,0,0,0,0,0,0
7942,M17942,M,300.7,309.2,1453,44.0,226,0,0,0,0,0,0
7943,H17943,H,300.6,312.3,1515,31.2,208,0,0,0,0,0,0
7944,L17944,L,300.9,312.4,1452,40.2,182,0,0,0,0,0,0
7945,L17945,L,300.9,311.7,1473,38.2,54,0,0,0,0,0,0
7946,L17946,L,300.9,309.8,1367,44.0,9,0,0,0,0,0,0
7947,M17947,M,300.9,312.4,1448,37.1,34,0,0,0,0,0,0
7948,M17948,M,301.0,311.4,1688,47.2,79,0,0,0,0,0,0
7949,H17949,H,301.0,311.7,1518,35.5,5,0,0,0,0,0,0
7950,L17950,L,301.1,311.6,1527,44.2,126,0,0,0,0,0,0
7951,H17951,H,301.2,309.7,1436,36.0,67,0,0,0,0,0,0
7952,L17952,L,301.2,310.0,1461,43.3,189,0,0,0,0,0,0
7953,M17953,M,301.1,310.6,1477,33.9,243,0,0,0,0,0,0
7954,L17954,L,301.0,311.7,1587,39.9,8,0,0,0,0,0,0
7955,H17955,H,301.0,309.6,1620,47.9,156,0,0,0,0,0,0
7956,M17956,M,301.0,310.8,1455,40.7,70,0,0,0,0,0,0
7957,M17957,M,301.0,310.8,1498,47.1,207,0,0,0,0,0,0
7958,H17958,H,301.1,311.9,1476,39.8,133,0,0,0,0,0,0
7959,L17959,L,301.2,311.9,1576,37.0,43,0,0,0,0,0,0
7960,L17960,L,301.2,310.2,1547,41.0,63,0,0,0,0,0,0
7961,H17961,H,301.3,312.7,1491,43.7,248,0,0,0,0,0,0
7962,L17962,L,301.4,310.2,1601,28.6,66,0,0,0,0,0,0
7963,L17963,L,301.3,312.4,1552,43.1,43,0,0,0,0,0,0
7964,L17964,L,301.2,310.7,1423,34.4,115,0,0,0,0,0,0
7965,M17965,M,301.2,311.4,1501,32.9,205,0,0,0,0,0,0
7966,L17966,L,301.2,311.4,1482,43.2,141,0,0,0,0,0,0
7967,L17967,L,301.2,311.4,1401,48.0,136,0,0,0,0,0,0
7968,L17968,L,301.2,311.9,1477,41.3,227,1,0,0,0,0,1
7969,L17969,L,301.2,311.6,1614,31.9,150,0,0,0,0,0,0
7970,H17970,H,301.2,312.0,1609,36.0,56,0,0,0,0,0,0
7971,H17971,H,301.2,311.6,1591,37.5,243,0,0,0,0,0,0
7972,M17972,M,301.2,309.9,1578,41.2,56,0,0,0,0,0,0
7973,L17973,L,301.2,311.4,1521,39.6,142,0,0,0,0,0,0
7974,H17974,H,301.2,310.6,1440,43.0,191,0,0,0,0,0,0
7975,M17975,M,301.2,310.1,1556,46.0,6,0,0,0,0,0,0
7976,L17976,L,301.2,310.9,1335,42.1,147,0,0,0,0,0,0
7977,H17977,H,301.2,311.3,1433,45.4,191,0,0,0,0,0,0
7978,M17978,M,301.1,311.4,1610,38.4,18,0,0,0,0,0,0
7979,M17979,M,301.1,312.2,1451,59.8,133,1,0,0,1,0,0
7980,M17980,M,301.2,312.5,1564,43.3,178,0,0,0,0,0,0
7981,L17981,L,301.1,311.5,1464,44.1,38,0,0,0,0,0,0
7982,L17982,L,301.1,311.6,1555,50.5,192,0,0,0,0,0,0
7983,M17983,M,301.1,311.2,1346,40.5,70,0,0,0,0,0,0
7984,L17984,L,301.1,311.9,1627,36.1,226,0,0,0,0,0,0
7985,L17985,L,301.1,311.6,1388,47.8,24,0,0,0,0,0,0
7986,M17986,M,301.1,311.1,1364,48.2,101,0,0,0,0,0,0
7987,M17987,M,301.2,313.4,1622,40.9,150,0,0,0,0,0,0
7988,L17988,L,301.2,310.7,1500,50.6,216,0,0,0,0,0,0
7989,M17989,M,301.3,312.7,1469,39.5,229,0,0,0,0,0,0
7990,H17990,H,301.4,310.0,1657,45.6,185,0,0,0,0,0,0
7991,M17991,M,301.4,312.2,1573,49.1,10,0,0,0,0,0,0
7992,L17992,L,301.4,312.8,1455,40.6,161,0,0,0,0,0,0
7993,L17993,L,301.4,309.5,1487,42.7,30,0,0,0,0,0,0
7994,L17994,L,301.4,311.5,1607,46.2,165,0,0,0,0,0,0
7995,L17995,L,301.3,312.0,1404,37.8,117,0,0,0,0,0,0
7996,L17996,L,301.3,311.6,1644,35.1,113,0,0,0,0,0,0
7997,L17997,L,301.4,311.8,1456,48.0,246,1,0,0,0,1,0
7998,L17998,L,301.4,311.5,1413,41.8,173,0,0,0,0,0,0
7999,H17999,H,301.3,310.2,1609,37.0,139,0,0,0,0,0,0
8000,L18000,L,301.3,313.6,1573,40.6,8,0,0,0,0,0,0
8001,M18001,M,301.3,310.8,1322,43.1,140,0,0,0,0,0,0
8002,M18002,M,301.3,311.7,1489,30.6,191,0,0,0,0,0,0
8003,L18003,L,301.4,310.7,1389,44.3,249,1,0,0,0,1,0
8004,H18004,H,301.4,309.1,1580,42.5,19,0,0,0,0,0,0
8005,M18005,M,301.3,310.4,1672,49.9,58,0,0,0,0,0,0
8006,L18006,L,301.3,309.8,1554,38.7,84,0,0,0,0,0,0
8007,M18007,M,301.4,312.5,1424,48.3,149,0,0,0,0,0,0
8008,L18008,L,301.3,310.7,1589,39.7,64,0,0,0,0,0,0
8009,M18009,M,301.4,310.9,1495,40.8,231,1,1,0,0,0,0
8010,L18010,L,301.4,310.3,1493,41.7,59,0,0,0,0,0,0
8011,H18011,H,301.4,311.4,1451,52.6,124,0,0,0,0,0,0
8012,L18012,L,301.3,310.6,1510,32.6,40,0,0,0,0,0,0
8013,M18013,M,301.3,312.3,1493,43.0,80,0,0,0,0,0,0
8014,L18014,L,301.3,311.6,1260,40.3,172,0,0,0,0,0,0
8015,M18015,M,301.3,310.7,1503,39.8,3,0,0,0,0,0,0
8016,M18016,M,301.3,312.1,1486,43.5,69,0,0,0,0,0,0
8017,L18017,L,301.2,311.2,1535,46.6,172,0,0,0,0,0,0
8018,M18018,M,301.2,311.2,1299,43.2,185,0,0,0,0,0,0
8019,L18019,L,301.2,309.7,1551,47.4,240,1,0,0,0,1,0
8020,H18020,H,301.2,311.1,1503,38.5,82,0,0,0,0,0,0
8021,L18021,L,301.2,311.5,1550,39.7,93,0,0,0,0,0,0
8022,H18022,H,301.1,312.5,1337,34.0,150,0,0,0,0,0,0
8023,H18023,H,301.2,310.5,1377,51.9,159,0,0,0,0,0,0
8024,L18024,L,301.3,313.5,1313,38.9,62,0,0,0,0,0,0
8025,L18025,L,301.3,311.9,1515,38.2,247,0,0,0,0,0,0
8026,L18026,L,301.3,309.8,1465,43.6,220,0,0,0,0,0,0
8027,H18027,H,301.3,310.4,1486,46.6,7,0,0,0,0,0,0
8028,L18028,L,301.3,312.7,1361,35.8,212,0,0,0,0,0,0
8029,M18029,M,301.2,312.5,1379,47.1,208,0,0,0,0,0,0
8030,H18030,H,301.2,311.2,1250,38.2,208,0,0,0,0,0,0
8031,L18031,L,301.2,311.3,1365,48.6,119,0,0,0,0,0,0
8032,M18032,M,301.2,310.0,1435,36.8,84,0,0,0,0,0,0
8033,L18033,L,301.1,312.5,1440,44.4,206,0,0,0,0,0,0
8034,L18034,L,301.2,310.2,1493,40.3,90,0,0,0,0,0,0
8035,M18035,M,301.2,312.0,1576,33.2,152,0,0,0,0,0,0
8036,L18036,L,301.3,312.6,1431,31.5,160,0,0,0,0,0,0
8037,L18037,L,301.2,311.2,1549,35.5,193,0,0,0,0,0,0
8038,H18038,H,301.2,312.2,1578,46.0,115,0,0,0,0,0,0
8039,L18039,L,301.2,313.0,1615,28.3,105,0,0,0,0,0,0
8040,H18040,H,301.1,311.4,1549,42.0,250,0,0,0,0,0,0
8041,H18041,H,301.1,310.9,1507,41.5,143,0,0,0,0,0,0
8042,L18042,L,301.2,311.1,1392,29.9,182,0,0,0,0,0,0
8043,L18043,L,301.1,310.4,1527,35.2,163,0,0,0,0,0,0
8044,M18044,M,301.2,310.4,1462,35.2,71,0,0,0,0,0,0
8045,L18045,L,301.2,311.7,1638,40.3,79,0,0,0,0,0,0
8046,L18046,L,301.2,311.1,1509,48.8,6,0,0,0,0,0,0
8047,M18047,M,301.3,311.6,1484,46.4,68,1,0,0,0,0,1
8048,L18048,L,301.3,309.8,1642,37.8,86,0,0,0,0,0,0
8049,H18049,H,301.3,311.2,1452,35.0,7,0,0,0,0,0,0
8050,L18050,L,301.3,312.4,1500,30.6,130,0,0,0,0,0,0
8051,L18051,L,301.4,310.2,1701,37.7,162,0,0,0,0,0,0
8052,L18052,L,301.4,311.4,1527,34.6,113,0,0,0,0,0,0
8053,H18053,H,301.3,309.5,1613,39.8,35,0,0,0,0,0,0
8054,M18054,M,301.4,310.1,1650,40.0,250,0,0,0,0,0,0
8055,H18055,H,301.4,312.2,1445,37.1,99,0,0,0,0,0,0
8056,L18056,L,301.4,311.1,1591,37.3,78,0,0,0,0,0,0
8057,L18057,L,301.4,313.2,1467,35.8,29,0,0,0,0,0,0
8058,L18058,L,301.4,311.9,1704,36.9,14,0,0,0,0,0,0
8059,L18059,L,301.5,312.0,1644,48.6,220,0,0,0,0,0,0
8060,M18060,M,301.5,310.4,1574,43.1,195,0,0,0,0,0,0
8061,M18061,M,301.4,311.0,1604,43.2,225,0,0,0,0,0,0
8062,L18062,L,301.4,310.7,1430,46.1,86,0,0,0,0,0,0
8063,H18063,H,301.3,310.3,1672,45.5,57,0,0,0,0,0,0
8064,L18064,L,301.3,312.0,1410,48.5,226,0,0,0,0,0,0
8065,H18065,H,301.3,312.2,1541,43.5,155,0,0,0,0,0,0
8066,L18066,L,301.4,311.8,1429,41.2,222,0,0,0,0,0,0
8067,L18067,L,301.4,310.5,1586,36.5,169,0,0,0,0,0,0
8068,L18068,L,301.4,311.7,1675,35.1,96,0,0,0,0,0,0
8069,L18069,L,301.4,309.5,1545,45.3,145,0,0,0,0,0,0
8070,M18070,M,301.4,312.8,1532,39.3,132,0,0,0,0,0,0
8071,L18071,L,301.5,310.2,1489,31.8,136,0,0,0,0,0,0
8072,L18072,L,301.5,310.4,1510,27.4,211,0,0,0,0,0,0
8073,M18073,M,301.5,311.6,1466,52.9,101,0,0,0,0,0,0
8074,M18074,M,301.6,311.8,1663,34.1,114,0,0,0,0,0,0
8075,H18075,H,301.6,311.6,1579,35.9,136,0,0,0,0,0,0
8076,L18076,L,301.6,310.5,1465,47.4,17,0,0,0,0,0,0
8077,M18077,M,301.7,312.8,1506,32.7,183,0,0,0,0,0,0
8078,M18078,M,301.7,310.0,1792,43.2,142,0,0,0,0,0,0
8079,L18079,L,301.6,310.1,1527,50.9,206,0,0,0,0,0,0
8080,L18080,L,301.7,311.5,1645,52.7,250,1,0,0,1,1,0
8081,L18081,L,301.6,310.3,1442,37.3,77,0,0,0,0,0,0
8082,L18082,L,301.5,312.8,1547,39.9,61,0,0,0,0,0,0
8083,L18083,L,301.6,310.4,1438,37.6,162,0,0,0,0,0,0
8084,L18084,L,301.6,313.1,1446,39.9,39,0,0,0,0,0,0
8085,M18085,M,301.5,312.6,1579,47.8,178,0,0,0,0,0,0
8086,M18086,M,301.6,312.8,1410,31.6,234,0,0,0,0,0,0
8087,H18087,H,301.5,313.4,1381,43.9,123,0,0,0,0,0,0
8088,M18088,M,301.5,311.6,1569,38.8,59,0,0,0,0,0,0
8089,L18089,L,301.5,310.5,1451,48.2,227,0,0,0,0,0,0
8090,H18090,H,301.5,311.4,1472,47.9,238,0,0,0,0,0,0
8091,H18091,H,301.4,310.9,1320,37.6,55,0,0,0,0,0,0
8092,L18092,L,301.5,310.8,1373,39.3,233,0,0,0,0,0,0
8093,M18093,M,301.5,311.6,1522,45.4,83,0,0,0,0,0,0
8094,H18094,H,301.5,311.2,1477,45.9,202,1,1,0,0,0,0
8095,M18095,M,301.5,310.7,1591,25.2,248,0,0,0,0,0,0
8096,H18096,H,301.5,311.2,1410,45.3,40,0,0,0,0,0,0
8097,L18097,L,301.5,312.1,1483,49.9,181,0,0,0,0,0,0
8098,L18098,L,301.5,312.5,1505,41.5,16,0,0,0,0,0,0
8099,L18099,L,301.6,309.9,1480,45.7,104,0,0,0,0,0,0
8100,M18100,M,301.6,311.3,1560,47.7,24,0,0,0,0,0,0
8101,H18101,H,301.6,311.5,1391,41.3,125,0,0,0,0,0,0
8102,H18102,H,301.6,310.4,1551,44.9,92,0,0,0,0,0,0
8103,L18103,L,301.6,311.5,1614,40.1,214,0,0,0,0,0,0
8104,L18104,L,301.6,311.7,1418,39.7,136,0,0,0,0,0,0
8105,H18105,H,301.6,312.1,1540,36.0,183,0,0,0,0,0,0
8106,M18106,M,301.7,311.7,1536,41.0,216,0,0,0,0,0,0
8107,L18107,L,301.6,310.8,1559,51.3,232,1,0,0,0,1,0
8108,L18108,L,301.7,313.7,1500,34.6,150,0,0,0,0,0,0
8109,M18109,M,301.7,312.5,1642,43.7,117,0,0,0,0,0,0
8110,M18110,M,301.7,312.2,1711,41.9,1,0,0,0,0,0,0
8111,L18111,L,301.7,312.7,1563,48.8,44,0,0,0,0,0,0
8112,L18112,L,301.8,312.0,1531,50.0,118,0,0,0,0,0,0
8113,H18113,H,301.7,313.0,1501,34.5,192,0,0,0,0,0,0
8114,M18114,M,301.7,311.7,1369,36.6,165,0,0,0,0,0,0
8115,L18115,L,301.8,311.8,1357,36.9,133,0,0,0,0,0,0
8116,L18116,L,301.8,312.4,1385,37.1,175,0,0,0,0,0,0
8117,M18117,M,301.7,313.3,1527,37.6,171,0,0,0,0,0,0
8118,L18118,L,301.7,313.2,1481,42.1,206,1,1,0,0,0,0
8119,L18119,L,301.7,312.3,1653,34.9,6,0,0,0,0,0,0
8120,M18120,M,301.7,312.3,1249,35.7,65,0,0,0,0,0,0
8121,L18121,L,301.7,312.4,1504,35.3,189,0,0,0,0,0,0
8122,M18122,M,301.9,312.9,1543,43.0,157,0,0,0,0,0,0
8123,L18123,L,301.9,313.2,1590,39.6,220,0,0,0,0,0,0
8124,M18124,M,301.9,311.7,1514,38.6,75,0,0,0,0,0,0
8125,L18125,L,301.9,313.2,1536,34.9,51,0,0,0,0,0,0
8126,L18126,L,301.8,312.2,1518,30.4,225,0,0,0,0,0,0
8127,L18127,L,301.8,312.5,1544,49.8,93,0,0,0,0,0,0
8128,H18128,H,301.8,313.2,1498,38.3,35,0,0,0,0,0,0
8129,H18129,H,301.9,312.6,1712,56.3,34,1,0,0,1,0,0
8130,L18130,L,302.0,312.9,1558,44.6,65,0,0,0,0,0,0
8131,M18131,M,302.0,311.6,1520,51.0,177,0,0,0,0,0,0
8132,M18132,M,301.9,313.4,1426,46.0,130,0,0,0,0,0,0
8133,H18133,H,301.9,312.6,1466,41.0,105,0,0,0,0,0,0
8134,L18134,L,302.0,312.1,1651,36.4,75,0,0,0,0,0,0
8135,M18135,M,301.9,313.0,1252,34.1,3,0,0,0,0,0,0
8136,L18136,L,302.0,314.6,1506,46.7,54,0,0,0,0,0,0
8137,L18137,L,302.0,310.8,1498,41.6,179,0,0,0,0,0,0
8138,H18138,H,302.0,311.2,1550,43.7,186,0,0,0,0,0,0
8139,M18139,M,302.0,314.7,1527,44.9,198,0,0,0,0,0,0
8140,L18140,L,302.0,312.4,1652,42.1,19,0,0,0,0,0,0
8141,L18141,L,302.0,312.2,1510,37.2,18,0,0,0,0,0,0
8142,M18142,M,302.0,311.9,1494,46.1,135,0,0,0,0,0,0
8143,M18143,M,302.0,313.2,1595,38.8,194,0,0,0,0,0,0
8144,L18144,L,302.0,314.6,1653,40.5,26,0,0,0,0,0,0
8145,H18145,H,302.0,311.3,1569,44.3,206,0,0,0,0,0,0
8146,L18146,L,302.0,311.9,1601,39.6,135,0,0,0,0,0,0
8147,L18147,L,302.0,311.6,1478,29.1,17,0,0,0,0,0,0
8148,H18148,H,301.9,312.6,1513,46.2,28,0,0,0,0,0,0
8149,L18149,L,301.9,313.2,1649,47.5,45,0,0,0,0,0,0
8150,L18150,L,301.9,313.5,1553,29.0,242,0,0,0,0,0,0
8151,M18151,M,301.9,312.7,1476,33.7,163,0,0,0,0,0,0
8152,H18152,H,301.9,314.4,1503,52.1,130,0,0,0,0,0,0
8153,L18153,L,301.8,311.3,1604,41.4,245,0,0,0,0,0,0
8154,H18154,H,301.8,311.0,1613,40.0,136,0,0,0,0,0,0
8155,M18155,M,301.8,313.3,1416,37.4,137,0,0,0,0,0,0
8156,L18156,L,301.8,311.9,1536,33.8,231,0,0,0,0,0,0
8157,M18157,M,301.8,310.4,1499,38.8,83,0,0,0,0,0,0
8158,L18158,L,301.8,311.5,1493,45.8,193,0,0,0,0,0,0
8159,L18159,L,301.8,312.1,1633,39.9,249,0,0,0,0,0,0
8160,M18160,M,301.8,311.1,1476,43.7,0,0,0,0,0,0,0
8161,H18161,H,301.8,310.8,1442,50.6,218,0,0,0,0,0,0
8162,L18162,L,301.8,311.6,1419,36.5,131,0,0,0,0,0,0
8163,L18163,L,301.9,310.9,1483,41.8,175,0,0,0,0,0,0
8164,L18164,L,301.8,312.5,1426,46.0,100,0,0,0,0,0,0
8165,L18165,L,301.9,309.9,1414,34.4,95,0,0,0,0,0,0
8166,L18166,L,301.9,312.0,1411,41.1,17,0,0,0,0,0,0
8167,L18167,L,301.9,312.5,1417,51.2,77,0,0,0,0,0,0
8168,M18168,M,301.9,311.8,1424,38.0,44,0,0,0,0,0,0
8169,L18169,L,301.8,312.9,1540,46.4,111,0,0,0,0,0,0
8170,L18170,L,301.9,310.5,1304,39.2,14,0,0,0,0,0,0
8171,H18171,H,301.8,311.1,1430,50.8,178,0,0,0,0,0,0
8172,H18172,H,301.7,311.4,1490,30.1,188,0,0,0,0,0,0
8173,L18173,L,301.7,312.4,1615,40.4,3,0,0,0,0,0,0
8174,L18174,L,301.7,311.9,1475,31.1,146,0,0,0,0,0,0
8175,M18175,M,301.7,313.9,1485,35.8,87,0,0,0,0,0,0
8176,L18176,L,301.7,310.9,1491,35.8,93,0,0,0,0,0,0
8177,L18177,L,301.8,310.4,1318,38.4,76,0,0,0,0,0,0
8178,M18178,M,301.8,313.5,1566,32.9,138,0,0,0,0,0,0
8179,L18179,L,301.8,310.3,1562,39.6,27,0,0,0,0,0,0
8180,L18180,L,301.7,312.4,1581,42.8,241,0,0,0,0,0,0
8181,L18181,L,301.7,310.7,1751,30.8,184,0,0,0,0,0,0
8182,L18182,L,301.7,309.6,1370,36.2,74,1,0,1,0,0,0
8183,L18183,L,301.7,311.3,1351,55.2,53,0,0,0,0,0,0
8184,H18184,H,301.7,312.6,1571,42.0,64,0,0,0,0,0,0
8185,L18185,L,301.7,310.5,1466,29.1,46,0,0,0,0,0,0
8186,L18186,L,301.8,312.3,1401,31.6,247,0,0,0,0,0,0
8187,L18187,L,301.8,312.5,1472,41.4,233,0,0,0,0,0,0
8188,H18188,H,301.8,310.5,1438,40.6,117,0,0,0,0,0,0
8189,M18189,M,301.7,311.5,1672,36.5,3,0,0,0,0,0,0
8190,L18190,L,301.6,313.2,1726,53.2,229,1,0,0,1,1,0
8191,H18191,H,301.6,312.3,1336,55.7,33,0,0,0,0,0,0
8192,L18192,L,301.7,311.4,1352,38.4,240,0,0,0,0,0,0
8193,L18193,L,301.6,312.0,1424,45.2,75,0,0,0,0,0,0
8194,L18194,L,301.7,311.0,1431,45.5,181,0,0,0,0,0,0
8195,L18195,L,301.7,312.9,1422,46.3,215,0,0,0,0,0,0
8196,L18196,L,301.7,312.8,1481,36.2,60,0,0,0,0,0,0
8197,M18197,M,301.7,311.8,1455,51.6,100,0,0,0,0,0,0
8198,L18198,L,301.8,312.1,1365,39.6,247,0,0,0,0,0,0
8199,M18199,M,301.8,310.8,1397,42.5,223,0,0,0,0,0,0
8200,L18200,L,301.8,310.4,1655,40.0,210,0,0,0,0,0,0
8201,L18201,L,301.8,311.4,1464,39.2,92,0,0,0,0,0,0
8202,L18202,L,301.8,311.7,1459,41.7,101,0,0,0,0,0,0
8203,H18203,H,301.9,312.9,1348,32.9,112,0,0,0,0,0,0
8204,L18204,L,301.8,312.8,1454,28.2,220,0,0,0,0,0,0
8205,M18205,M,301.9,312.1,1596,38.7,82,0,0,0,0,0,0
8206,L18206,L,302.0,313.2,1560,34.7,147,0,0,0,0,0,0
8207,L18207,L,302.0,311.1,1581,43.3,244,0,0,0,0,0,0
8208,L18208,L,302.1,313.1,1380,42.6,130,0,0,0,0,0,0
8209,L18209,L,302.0,311.2,1378,40.1,39,0,0,0,0,0,0
8210,L18210,L,302.0,313.3,1613,48.9,196,0,0,0,0,0,0
8211,L18211,L,302.0,312.0,1583,40.0,150,0,0,0,0,0,0
8212,M18212,M,302.1,310.1,1474,31.3,68,0,0,0,0,0,0
8213,L18213,L,302.1,312.8,1585,38.7,221,0,0,0,0,0,0
8214,M18214,M,302.1,312.9,1380,47.0,31,0,0,0,0,0,0
8215,L18215,L,302.2,311.7,1376,28.7,23,0,0,0,0,0,0
8216,M18216,M,302.3,311.9,1338,39.4,112,0,0,0,0,0,0
8217,M18217,M,302.3,312.1,1536,43.5,178,0,0,0,0,0,0
8218,L18218,L,302.3,310.3,1522,55.9,114,0,0,0,0,0,0
8219,L18219,L,302.2,309.9,1448,47.2,185,0,0,0,0,0,0
8220,M18220,M,302.2,313.5,1422,40.8,169,0,0,0,0,0,0
8221,H18221,H,302.3,311.4,1741,43.1,34,0,0,0,0,0,0
8222,L18222,L,302.2,314.0,1474,28.6,31,0,0,0,0,0,0
8223,L18223,L,302.2,313.6,1639,33.7,181,0,0,0,0,0,0
8224,H18224,H,302.2,313.7,1485,43.9,248,0,0,0,0,0,0
8225,L18225,L,302.2,311.6,1450,41.0,44,0,0,0,0,0,0
8226,M18226,M,302.2,310.6,1642,41.7,175,0,0,0,0,0,0
8227,L18227,L,302.3,311.2,1579,40.2,107,0,0,0,0,0,0
8228,L18228,L,302.3,311.9,1498,40.0,85,0,0,0,0,0,0
8229,M18229,M,302.4,310.0,1613,40.6,212,0,0,0,0,0,0
8230,M18230,M,302.5,312.0,1752,33.7,219,0,0,0,0,0,0
8231,L18231,L,302.5,312.3,1427,38.6,176,0,0,0,0,0,0
8232,L18232,L,302.4,311.1,1547,32.5,33,0,0,0,0,0,0
8233,M18233,M,302.4,311.3,1459,36.3,143,0,0,0,0,0,0
8234,M18234,M,302.3,312.1,1407,47.2,10,0,0,0,0,0,0
8235,L18235,L,302.2,312.6,1404,38.9,224,0,0,0,0,0,0
8236,M18236,M,302.2,311.3,1659,43.6,235,0,0,0,0,0,0
8237,M18237,M,302.2,312.5,1318,40.7,229,0,0,0,0,0,0
8238,M18238,M,302.2,312.3,1551,37.7,146,0,0,0,0,0,0
8239,M18239,M,302.2,312.3,1417,33.9,91,0,0,0,0,0,0
8240,L18240,L,302.2,311.5,1677,37.6,156,0,0,0,0,0,0
8241,M18241,M,302.1,310.8,1473,41.1,228,1,1,0,0,0,0
8242,M18242,M,302.1,313.8,1464,43.5,53,0,0,0,0,0,0
8243,L18243,L,302.1,312.7,1657,40.7,180,0,0,0,0,0,0
8244,L18244,L,302.1,313.1,1588,43.9,194,0,0,0,0,0,0
8245,L18245,L,302.1,312.1,1555,30.9,209,0,0,0,0,0,0
8246,M18246,M,302.1,312.0,1581,45.2,209,0,0,0,0,0,0
8247,L18247,L,302.2,312.7,1392,33.2,75,0,0,0,0,0,0
8248,M18248,M,302.3,310.5,1574,45.9,209,0,0,0,0,0,0
8249,H18249,H,302.3,311.1,1480,43.0,159,0,0,0,0,0,0
8250,M18250,M,302.2,311.4,1536,28.8,233,0,0,0,0,0,0
8251,H18251,H,302.2,311.8,1548,44.4,99,0,0,0,0,0,0
8252,H18252,H,302.3,311.4,1389,46.0,115,0,0,0,0,0,0
8253,L18253,L,302.2,312.6,1559,47.5,123,0,0,0,0,0,0
8254,M18254,M,302.3,312.4,1481,35.4,82,0,0,0,0,0,0
8255,L18255,L,302.3,313.7,1376,41.1,55,0,0,0,0,0,0
8256,H18256,H,302.3,314.8,1485,44.2,62,0,0,0,0,0,0
8257,L18257,L,302.3,311.0,1502,44.4,131,0,0,0,0,0,0
8258,H18258,H,302.3,312.5,1559,42.5,247,0,0,0,0,0,0
8259,M18259,M,302.3,312.5,1261,37.4,138,0,0,0,0,0,0
8260,M18260,M,302.3,312.3,1539,45.9,130,0,0,0,0,0,0
8261,L18261,L,302.3,311.2,1449,46.0,154,0,0,0,0,0,0
8262,L18262,L,302.3,311.3,1581,39.1,110,0,0,0,0,0,0
8263,M18263,M,302.2,312.4,1500,35.3,207,0,0,0,0,0,0
8264,L18264,L,302.2,311.3,1467,35.6,171,0,0,0,0,0,0
8265,H18265,H,302.2,312.4,1482,48.2,145,0,0,0,0,0,0
8266,L18266,L,302.1,311.8,1533,45.7,157,0,0,0,0,0,0
8267,M18267,M,302.1,312.2,1591,39.9,215,0,0,0,0,0,0
8268,L18268,L,302.0,311.1,1411,38.8,69,0,0,0,0,0,0
8269,M18269,M,302.1,312.3,1466,29.4,174,0,0,0,0,0,0
8270,M18270,M,302.1,311.2,1647,39.5,33,0,0,0,0,0,0
8271,L18271,L,302.0,312.2,1464,32.9,118,0,0,0,0,0,0
8272,L18272,L,302.0,313.4,1537,41.0,75,0,0,0,0,0,0
8273,L18273,L,302.0,312.3,1377,47.1,41,0,0,0,0,0,0
8274,M18274,M,302.0,312.3,1329,34.1,22,0,0,0,0,0,0
8275,M18275,M,302.0,312.8,1396,41.4,227,0,0,0,0,0,0
8276,M18276,M,302.0,310.5,1431,46.0,39,0,0,0,0,0,0
8277,M18277,M,301.9,313.6,1604,41.3,14,0,0,0,0,0,0
8278,L18278,L,302.0,310.9,1615,36.9,114,0,0,0,0,0,0
8279,L18279,L,302.0,312.9,1307,40.1,207,0,0,0,0,0,0
8280,L18280,L,302.0,312.7,1446,45.7,236,0,0,0,0,0,0
8281,L18281,L,302.0,311.1,1570,41.6,56,0,0,0,0,0,0
8282,H18282,H,302.0,313.0,1489,40.0,110,0,0,0,0,0,0
8283,H18283,H,302.1,312.6,1650,46.9,141,0,0,0,0,0,0
8284,L18284,L,302.0,313.9,1567,43.1,206,0,0,0,0,0,0
8285,M18285,M,302.0,312.2,1473,32.8,139,0,0,0,0,0,0
8286,H18286,H,302.0,311.9,1482,43.8,106,0,0,0,0,0,0
8287,L18287,L,302.0,311.5,1494,45.7,116,0,0,0,0,0,0
8288,L18288,L,302.0,310.3,1415,32.6,34,0,0,0,0,0,0
8289,L18289,L,302.0,311.7,1594,26.4,152,0,0,0,0,0,0
8290,M18290,M,302.0,311.8,1574,33.7,77,0,0,0,0,0,0
8291,H18291,H,302.1,312.3,1545,39.4,1,0,0,0,0,0,0
8292,M18292,M,302.0,310.6,1524,46.1,17,0,0,0,0,0,0
8293,L18293,L,301.9,311.7,1398,34.7,34,0,0,0,0,0,0
8294,L18294,L,301.9,312.5,1550,43.3,8,0,0,0,0,0,0
8295,M18295,M,302.0,312.7,1513,22.6,138,0,0,0,0,0,0
8296,H18296,H,302.0,310.1,1700,41.1,217,0,0,0,0,0,0
8297,M18297,M,301.9,312.7,1371,37.6,66,0,0,0,0,0,0
8298,M18298,M,301.9,311.7,1428,52.6,68,0,0,0,0,0,0
8299,L18299,L,301.9,311.7,1341,28.6,223,0,0,0,0,0,0
8300,H18300,H,301.9,309.5,1478,39.9,104,0,0,0,0,0,0
8301,M18301,M,302.0,313.5,1326,28.6,201,0,0,0,0,0,0
8302,L18302,L,302.0,312.2,1619,36.7,37,0,0,0,0,0,0
8303,M18303,M,302.0,310.4,1609,29.8,69,0,0,0,0,0,0
8304,L18304,L,302.1,312.5,1484,53.8,202,0,0,0,0,0,0
8305,L18305,L,302.1,312.4,1399,37.9,80,0,0,0,0,0,0
8306,L18306,L,302.1,313.3,1348,38.7,186,0,0,0,0,0,0
8307,L18307,L,302.1,311.8,1430,39.7,65,0,0,0,0,0,0
8308,L18308,L,302.1,312.1,1563,33.2,40,0,0,0,0,0,0
8309,L18309,L,302.2,311.5,1421,46.3,23,0,0,0,0,0,0
8310,M18310,M,302.1,312.7,1691,43.8,177,0,0,0,0,0,0
8311,L18311,L,302.2,311.4,1649,45.5,4,0,0,0,0,0,0
8312,L18312,L,302.2,311.3,1500,32.7,20,0,0,0,0,0,0
8313,L18313,L,302.3,312.2,1454,46.8,5,0,0,0,0,0,0
8314,M18314,M,302.4,311.2,1443,46.1,131,0,0,0,0,0,0
8315,L18315,L,302.3,313.9,1660,38.6,8,0,0,0,0,0,0
8316,L18316,L,302.4,314.3,1434,45.4,68,0,0,0,0,0,0
8317,H18317,H,302.3,311.9,1593,41.6,67,0,0,0,0,0,0
8318,M18318,M,302.3,310.9,1502,30.4,125,0,0,0,0,0,0
8319,H18319,H,302.2,312.6,1571,38.9,136,0,0,0,0,0,0
8320,L18320,L,302.3,311.8,1418,37.1,145,0,0,0,0,0,0
8321,L18321,L,302.3,313.4,1467,40.5,58,0,0,0,0,0,0
8322,M18322,M,302.2,311.5,1498,46.1,170,0,0,0,0,0,0
8323,L18323,L,302.3,312.8,1437,30.2,79,0,0,0,0,0,0
8324,L18324,L,302.3,312.4,1625,37.3,193,0,0,0,0,0,0
8325,L18325,L,302.3,311.6,1424,35.1,28,0,0,0,0,0,0
8326,H18326,H,302.4,312.6,1442,35.3,175,0,0,0,0,0,0
8327,L18327,L,302.5,313.3,1636,35.1,50,0,0,0,0,0,0
8328,H18328,H,302.5,312.5,1616,40.4,169,0,0,0,0,0,0
8329,H18329,H,302.4,312.5,1659,43.1,35,0,0,0,0,0,0
8330,L18330,L,302.5,311.6,1309,42.1,75,0,0,0,0,0,0
8331,M18331,M,302.4,313.6,1520,41.1,249,0,0,0,0,0,0
8332,M18332,M,302.4,313.4,1509,43.7,104,0,0,0,0,0,0
8333,H18333,H,302.4,312.0,1444,54.3,44,0,0,0,0,0,0
8334,L18334,L,302.4,312.3,1532,40.8,100,0,0,0,0,0,0
8335,M18335,M,302.4,313.8,1468,46.1,225,0,0,0,0,0,0
8336,L18336,L,302.3,311.2,1516,45.8,162,0,0,0,0,0,0
8337,H18337,H,302.3,312.9,1840,50.7,103,1,0,0,1,0,0
8338,L18338,L,302.3,311.8,1532,43.4,5,0,0,0,0,0,0
8339,L18339,L,302.4,314.2,1536,34.9,164,0,0,0,0,0,0
8340,M18340,M,302.4,312.5,1582,41.8,35,0,0,0,0,0,0
8341,H18341,H,302.5,313.8,1518,41.5,211,0,0,0,0,0,0
8342,M18342,M,302.5,311.7,1390,44.9,143,0,0,0,0,0,0
8343,L18343,L,302.5,311.2,1335,34.8,199,0,0,0,0,0,0
8344,L18344,L,302.4,312.1,1497,47.6,235,1,0,0,0,1,0
8345,H18345,H,302.3,312.6,1473,40.0,21,0,0,0,0,0,0
8346,M18346,M,302.4,311.9,1304,45.0,68,0,0,0,0,0,0
8347,H18347,H,302.5,313.2,1663,41.9,68,0,0,0,0,0,0
8348,L18348,L,302.4,312.2,1511,40.7,245,0,0,0,0,0,0
8349,L18349,L,302.4,310.4,1644,41.4,62,0,0,0,0,0,0
8350,M18350,M,302.5,313.0,1277,44.0,236,0,0,0,0,0,0
8351,H18351,H,302.5,311.6,1646,51.8,74,0,0,0,0,0,0
8352,L18352,L,302.4,312.0,1451,27.9,106,0,0,0,0,0,0
8353,H18353,H,302.4,313.9,1626,43.2,18,0,0,0,0,0,0
8354,M18354,M,302.4,314.2,1521,40.3,230,0,0,0,0,0,0
8355,L18355,L,302.4,311.8,1545,38.9,208,0,0,0,0,0,0
8356,L18356,L,302.4,313.0,1545,25.8,228,0,0,0,0,0,0
8357,L18357,L,302.3,311.8,1457,43.5,101,0,0,0,0,0,0
8358,M18358,M,302.2,311.9,1435,39.3,125,0,0,0,0,0,0
8359,L18359,L,302.2,311.6,1464,35.0,126,0,0,0,0,0,0
8360,L18360,L,302.2,310.5,1353,40.3,145,1,0,1,0,0,0
8361,H18361,H,302.3,312.4,1452,38.2,113,0,0,0,0,0,0
8362,L18362,L,302.4,312.6,1430,29.5,72,0,0,0,0,0,0
8363,L18363,L,302.3,311.7,1350,40.5,113,0,0,0,0,0,0
8364,L18364,L,302.3,313.4,1546,43.5,242,0,0,0,0,0,0
8365,M18365,M,302.4,311.9,1501,36.7,144,0,0,0,0,0,0
8366,M18366,M,302.4,311.8,1525,41.6,40,0,0,0,0,0,0
8367,L18367,L,302.4,313.0,1570,40.6,160,0,0,0,0,0,0
8368,M18368,M,302.5,310.9,1476,46.3,211,0,0,0,0,0,0
8369,M18369,M,302.5,313.4,1406,39.4,182,0,0,0,0,0,0
8370,L18370,L,302.4,312.0,1530,44.8,81,0,0,0,0,0,0
8371,L18371,L,302.4,313.4,1208,38.1,151,0,0,0,0,0,0
8372,L18372,L,302.4,313.7,1489,51.8,76,0,0,0,0,0,0
8373,L18373,L,302.4,313.0,1577,37.4,167,0,0,0,0,0,0
8374,M18374,M,302.3,311.5,1605,35.9,27,0,0,0,0,0,0
8375,M18375,M,302.3,311.1,1447,39.4,109,0,0,0,0,0,0
8376,L18376,L,302.3,310.9,1276,35.6,194,1,0,1,0,0,0
8377,L18377,L,302.3,313.4,1237,32.5,227,0,0,0,0,0,0
8378,L18378,L,302.3,312.1,1564,44.4,202,0,0,0,0,0,0
8379,M18379,M,302.4,311.8,1465,21.6,166,1,0,0,1,0,0
8380,L18380,L,302.4,312.3,1702,35.7,20,0,0,0,0,0,0
8381,M18381,M,302.4,313.4,1359,31.9,164,0,0,0,0,0,0
8382,L18382,L,302.3,313.1,1534,40.9,129,0,0,0,0,0,0
8383,M18383,M,302.4,312.8,1666,26.9,5,0,0,0,0,0,0
8384,H18384,H,302.4,313.0,1521,43.3,51,0,0,0,0,0,0
8385,L18385,L,302.4,312.6,1341,43.9,4,0,0,0,0,0,0
8386,L18386,L,302.3,312.6,1777,30.2,174,0,0,0,0,0,0
8387,H18387,H,302.3,312.5,1658,41.1,42,0,0,0,0,0,0
8388,L18388,L,302.3,312.3,1477,43.1,95,0,0,0,0,0,0
8389,M18389,M,302.3,313.1,1582,45.6,100,0,0,0,0,0,0
8390,L18390,L,302.4,312.7,1583,31.2,113,0,0,0,0,0,0
8391,M18391,M,302.3,311.5,1564,30.3,39,0,0,0,0,0,0
8392,L18392,L,302.3,312.8,1362,49.0,138,0,0,0,0,0,0
8393,H18393,H,302.3,312.5,1532,35.1,208,0,0,0,0,0,0
8394,M18394,M,302.3,313.0,1646,36.8,141,0,0,0,0,0,0
8395,M18395,M,302.3,312.2,1550,43.8,1,0,0,0,0,0,0
8396,M18396,M,302.3,313.2,1540,33.0,166,0,0,0,0,0,0
8397,M18397,M,302.3,312.3,1446,38.4,190,0,0,0,0,0,0
8398,L18398,L,302.3,313.0,1410,45.4,62,0,0,0,0,0,0
8399,H18399,H,302.2,311.8,1343,31.5,118,0,0,0,0,0,0
8400,H18400,H,302.3,311.9,1576,37.0,145,0,0,0,0,0,0
8401,L18401,L,302.2,312.8,1478,33.2,224,1,1,0,0,0,0
8402,H18402,H,302.3,311.9,1366,35.4,93,0,0,0,0,0,0
8403,M18403,M,302.2,314.4,1598,47.1,78,0,0,0,0,0,0
8404,M18404,M,302.2,312.8,1441,48.4,220,0,0,0,0,0,0
8405,L18405,L,302.2,312.2,1414,41.5,217,0,0,0,0,0,0
8406,L18406,L,302.2,313.0,1450,43.2,128,0,0,0,0,0,0
8407,L18407,L,302.1,311.7,1481,43.0,144,0,0,0,0,0,0
8408,L18408,L,302.1,313.0,1546,36.0,53,0,0,0,0,0,0
8409,M18409,M,302.2,313.1,1412,41.4,121,0,0,0,0,0,0
8410,L18410,L,302.1,313.4,1601,32.2,123,0,0,0,0,0,0
8411,L18411,L,302.1,311.7,1548,34.2,166,0,0,0,0,0,0
8412,H18412,H,302.0,310.8,1449,39.5,175,0,0,0,0,0,0
8413,L18413,L,302.0,311.3,1484,33.6,65,0,0,0,0,0,0
8414,L18414,L,302.0,311.7,1458,32.4,142,0,0,0,0,0,0
8415,L18415,L,302.0,313.6,1507,35.7,21,0,0,0,0,0,0
8416,L18416,L,302.0,314.2,1652,46.9,19,0,0,0,0,0,0
8417,M18417,M,302.0,312.4,1457,49.3,92,0,0,0,0,0,0
8418,M18418,M,302.0,312.0,1519,39.8,216,0,0,0,0,0,0
8419,M18419,M,302.0,311.6,1430,43.5,170,0,0,0,0,0,0
8420,L18420,L,302.1,312.9,1553,36.6,183,0,0,0,0,0,0
8421,M18421,M,302.1,314.3,1528,27.6,151,0,0,0,0,0,0
8422,L18422,L,302.1,313.8,1633,34.6,225,0,0,0,0,0,0
8423,L18423,L,302.1,313.2,1417,38.1,42,0,0,0,0,0,0
8424,L18424,L,302.1,313.2,1569,40.8,20,0,0,0,0,0,0
8425,L18425,L,302.0,312.9,1626,39.4,47,0,0,0,0,0,0
8426,L18426,L,302.1,312.0,1456,38.3,65,0,0,0,0,0,0
8427,L18427,L,302.1,311.4,1487,36.6,114,0,0,0,0,0,0
8428,H18428,H,302.1,312.1,1519,42.1,15,0,0,0,0,0,0
8429,L18429,L,302.1,312.5,1476,31.8,167,0,0,0,0,0,0
8430,L18430,L,302.2,310.7,1518,44.8,20,0,0,0,0,0,0
8431,L18431,L,302.2,312.1,1567,36.5,179,0,0,0,0,0,0
8432,M18432,M,302.2,311.4,1489,52.4,100,0,0,0,0,0,0
8433,L18433,L,302.1,313.2,1488,38.1,7,0,0,0,0,0,0
8434,H18434,H,302.2,311.6,1527,37.1,249,0,0,0,0,0,0
8435,H18435,H,302.2,312.5,1460,36.6,205,0,0,0,0,0,0
8436,L18436,L,302.1,311.4,1465,37.2,109,0,0,0,0,0,0
8437,L18437,L,302.1,313.7,1410,43.6,182,0,0,0,0,0,0
8438,L18438,L,302.0,310.3,1496,39.7,85,0,0,0,0,0,0
8439,M18439,M,302.0,312.5,1545,45.9,209,0,0,0,0,0,0
8440,L18440,L,302.0,310.7,1473,42.8,57,0,0,0,0,0,0
8441,L18441,L,302.0,311.5,1423,40.2,4,0,0,0,0,0,0
8442,L18442,L,302.1,312.3,1490,42.2,169,0,0,0,0,0,0
8443,M18443,M,302.0,312.3,1540,47.2,110,0,0,0,0,0,0
8444,L18444,L,302.1,312.3,1513,43.9,108,0,0,0,0,0,0
8445,L18445,L,302.0,312.2,1723,41.7,29,0,0,0,0,0,0
8446,M18446,M,302.1,311.4,1434,42.5,94,0,0,0,0,0,0
8447,M18447,M,302.1,311.9,1485,33.1,8,0,0,0,0,0,0
8448,H18448,H,302.1,312.1,1578,55.4,248,1,0,0,1,1,0
8449,L18449,L,302.1,312.3,1431,43.2,94,0,0,0,0,0,0
8450,M18450,M,302.1,312.1,1693,43.8,94,0,0,0,0,0,0
8451,M18451,M,302.0,312.7,1500,39.8,40,0,0,0,0,0,0
8452,L18452,L,301.9,312.0,1556,26.2,50,0,0,0,0,0,0
8453,M18453,M,302.0,312.2,1502,38.4,184,0,0,0,0,0,0
8454,L18454,L,301.9,311.5,1602,40.5,200,0,0,0,0,0,0
8455,H18455,H,301.8,310.8,1394,35.1,228,0,0,0,0,0,0
8456,L18456,L,301.8,312.0,1657,35.0,60,0,0,0,0,0,0
8457,M18457,M,301.8,313.0,1523,38.0,5,0,0,0,0,0,0
8458,L18458,L,301.8,312.2,1566,44.6,118,0,0,0,0,0,0
8459,H18459,H,301.8,310.9,1426,47.5,233,0,0,0,0,0,0
8460,L18460,L,301.8,312.6,1534,41.0,25,0,0,0,0,0,0
8461,H18461,H,301.8,311.4,1403,36.6,201,0,0,0,0,0,0
8462,H18462,H,301.7,312.5,1618,37.8,5,0,0,0,0,0,0
8463,L18463,L,301.7,311.3,1371,40.6,52,0,0,0,0,0,0
8464,H18464,H,301.6,311.9,1515,41.3,60,0,0,0,0,0,0
8465,H18465,H,301.6,311.1,1461,42.6,160,0,0,0,0,0,0
8466,L18466,L,301.6,311.1,1344,37.4,243,0,0,0,0,0,0
8467,L18467,L,301.7,310.1,1406,43.2,172,0,0,0,0,0,0
8468,M18468,M,301.6,312.2,1545,42.7,93,0,0,0,0,0,0
8469,L18469,L,301.6,312.0,1410,37.6,39,0,0,0,0,0,0
8470,L18470,L,301.6,312.0,1433,29.7,23,0,0,0,0,0,0
8471,L18471,L,301.6,311.9,1537,34.7,91,0,0,0,0,0,0
8472,L18472,L,301.6,310.9,1591,49.4,44,0,0,0,0,0,0
8473,L18473,L,301.6,312.6,1566,29.8,37,0,0,0,0,0,0
8474,L18474,L,301.7,312.7,1495,47.9,156,0,0,0,0,0,0
8475,H18475,H,301.7,310.9,1522,29.6,242,0,0,0,0,0,0
8476,M18476,M,301.7,312.2,1512,35.4,107,0,0,0,0,0,0
8477,L18477,L,301.7,312.6,1396,37.8,206,0,0,0,0,0,0
8478,M18478,M,301.7,311.3,1528,50.7,135,0,0,0,0,0,0
8479,M18479,M,301.7,311.4,1395,40.2,63,0,0,0,0,0,0
8480,H18480,H,301.6,312.2,1561,38.7,86,0,0,0,0,0,0
8481,L18481,L,301.6,310.1,1514,34.4,106,0,0,0,0,0,0
8482,L18482,L,301.6,310.5,1284,43.1,200,0,0,0,0,0,0
8483,H18483,H,301.6,310.6,1598,36.9,50,0,0,0,0,0,0
8484,H18484,H,301.6,309.8,1448,38.6,202,0,0,0,0,0,0
8485,M18485,M,301.5,312.6,1440,37.8,5,0,0,0,0,0,0
8486,M18486,M,301.4,309.4,1596,44.3,174,0,0,0,0,0,0
8487,L18487,L,301.4,311.8,1484,44.6,176,0,0,0,0,0,0
8488,M18488,M,301.5,312.3,1560,34.7,203,0,0,0,0,0,0
8489,L18489,L,301.5,311.2,1435,36.2,247,0,0,0,0,0,0
8490,L18490,L,301.4,310.8,1580,35.6,225,0,0,0,0,0,0
8491,H18491,H,301.4,311.6,1520,41.1,84,0,0,0,0,0,0
8492,L18492,L,301.4,311.4,1540,45.4,159,0,0,0,0,0,0
8493,L18493,L,301.5,312.5,1482,41.2,181,0,0,0,0,0,0
8494,H18494,H,301.5,308.9,1663,26.9,35,0,0,0,0,0,0
8495,L18495,L,301.5,310.6,1687,44.6,88,0,0,0,0,0,0
8496,H18496,H,301.5,312.1,1280,31.9,98,0,0,0,0,0,0
8497,H18497,H,301.4,311.5,1593,35.7,225,0,0,0,0,0,0
8498,M18498,M,301.5,312.2,1392,41.2,146,0,0,0,0,0,0
8499,L18499,L,301.5,311.8,1551,39.5,36,0,0,0,0,0,0
8500,L18500,L,301.6,311.4,1322,45.2,16,0,0,0,0,0,0
8501,L18501,L,301.6,311.2,1540,36.3,207,0,0,0,0,0,0
8502,L18502,L,301.6,313.9,1416,34.2,15,0,0,0,0,0,0
8503,L18503,L,301.6,313.2,1454,38.1,185,0,0,0,0,0,0
8504,H18504,H,301.7,312.2,1457,45.9,171,0,0,0,0,0,0
8505,L18505,L,301.8,311.8,1427,43.8,195,0,0,0,0,0,0
8506,M18506,M,301.8,312.3,1429,40.5,48,0,0,0,0,0,0
8507,L18507,L,301.7,312.5,1460,48.0,248,1,0,0,0,1,0
8508,M18508,M,301.7,312.1,1485,46.9,93,0,0,0,0,0,0
8509,H18509,H,301.7,311.0,1532,44.7,50,0,0,0,0,0,0
8510,L18510,L,301.7,313.5,1686,32.9,225,0,0,0,0,0,0
8511,L18511,L,301.8,312.1,1405,44.7,4,0,0,0,0,0,0
8512,M18512,M,301.8,313.8,1513,38.8,96,0,0,0,0,0,0
8513,M18513,M,301.9,312.1,1577,37.6,185,0,0,0,0,0,0
8514,M18514,M,301.8,311.6,1429,35.9,173,0,0,0,0,0,0
8515,L18515,L,301.8,313.2,1274,39.0,182,0,0,0,0,0,0
8516,L18516,L,301.8,312.1,1309,36.2,72,0,0,0,0,0,0
8517,H18517,H,301.7,311.8,1278,41.0,144,0,0,0,0,0,0
8518,H18518,H,301.7,310.5,1654,39.0,139,0,0,0,0,0,0
8519,L18519,L,301.6,312.3,1561,41.3,151,0,0,0,0,0,0
8520,H18520,H,301.6,311.1,1576,43.3,55,0,0,0,0,0,0
8521,L18521,L,301.6,311.2,1598,38.2,182,0,0,0,0,0,0
8522,L18522,L,301.7,311.2,1442,35.6,121,0,0,0,0,0,0
8523,L18523,L,301.6,312.0,1730,28.0,243,0,0,0,0,0,0
8524,L18524,L,301.6,310.1,1534,44.6,125,0,0,0,0,0,0
8525,M18525,M,301.7,311.4,1493,40.5,203,0,0,0,0,0,0
8526,L18526,L,301.7,312.7,1611,38.9,78,0,0,0,0,0,0
8527,L18527,L,301.7,310.4,1567,47.0,15,0,0,0,0,0,0
8528,M18528,M,301.6,311.8,1634,32.3,125,0,0,0,0,0,0
8529,M18529,M,301.6,310.9,1639,40.3,86,0,0,0,0,0,0
8530,M18530,M,301.5,311.1,1465,34.2,209,0,0,0,0,0,0
8531,H18531,H,301.5,313.2,1519,43.9,21,0,0,0,0,0,0
8532,L18532,L,301.6,309.9,1409,26.6,109,0,0,0,0,0,0
8533,M18533,M,301.6,312.3,1337,44.8,171,0,0,0,0,0,0
8534,M18534,M,301.6,311.1,1584,44.6,94,0,0,0,0,0,0
8535,M18535,M,301.5,311.0,1596,34.5,42,0,0,0,0,0,0
8536,L18536,L,301.5,310.4,1302,40.4,78,0,0,0,0,0,0
8537,L18537,L,301.6,312.3,1428,34.6,244,0,0,0,0,0,0
8538,H18538,H,301.5,311.3,1506,42.6,20,0,0,0,0,0,0
8539,L18539,L,301.5,311.2,1515,44.9,122,0,0,0,0,0,0
8540,H18540,H,301.5,311.6,1705,34.0,7,0,0,0,0,0,0
8541,M18541,M,301.4,311.2,1437,32.2,48,0,0,0,0,0,0
8542,M18542,M,301.4,309.4,1483,46.6,231,0,0,0,0,0,0
8543,H18543,H,301.5,311.0,1565,51.6,227,0,0,0,0,0,0
8544,M18544,M,301.5,312.4,1465,43.0,124,0,0,0,0,0,0
8545,L18545,L,301.5,310.0,1450,43.4,105,0,0,0,0,0,0
8546,M18546,M,301.4,310.3,1441,38.0,229,0,0,0,0,0,0
8547,H18547,H,301.4,311.0,1523,41.1,133,0,0,0,0,0,0
8548,L18548,L,301.4,310.7,1482,42.1,80,0,0,0,0,0,0
8549,L18549,L,301.4,311.4,1568,38.9,103,0,0,0,0,0,0
8550,L18550,L,301.5,310.4,1536,48.1,108,0,0,0,0,0,0
8551,H18551,H,301.5,311.1,1208,41.1,174,0,0,0,0,0,0
8552,L18552,L,301.6,311.5,1325,41.8,163,0,0,0,0,0,0
8553,M18553,M,301.6,312.3,1450,39.0,124,0,0,0,0,0,0
8554,L18554,L,301.6,312.8,1598,39.6,91,0,0,0,0,0,0
8555,L18555,L,301.6,311.3,1435,47.3,120,0,0,0,0,0,0
8556,M18556,M,301.6,313.5,1537,40.9,110,0,0,0,0,0,0
8557,L18557,L,301.6,311.4,1560,41.0,22,0,0,0,0,0,0
8558,M18558,M,301.6,312.4,1554,41.1,158,0,0,0,0,0,0
8559,M18559,M,301.6,313.5,1445,37.8,109,0,0,0,0,0,0
8560,H18560,H,301.6,311.8,1385,31.6,74,0,0,0,0,0,0
8561,L18561,L,301.6,310.3,1369,49.4,61,0,0,0,0,0,0
8562,H18562,H,301.7,311.8,1797,46.4,211,0,0,0,0,0,0
8563,M18563,M,301.7,311.1,1546,47.5,95,0,0,0,0,0,0
8564,H18564,H,301.7,311.5,1684,33.6,208,0,0,0,0,0,0
8565,L18565,L,301.7,313.7,1417,48.7,56,0,0,0,0,0,0
8566,M18566,M,301.7,310.4,1625,51.8,233,1,0,0,0,1,0
8567,H18567,H,301.7,312.0,1452,46.3,101,0,0,0,0,0,0
8568,H18568,H,301.6,310.7,1497,49.9,69,0,0,0,0,0,0
8569,L18569,L,301.6,311.3,1471,44.8,64,0,0,0,0,0,0
8570,L18570,L,301.6,312.3,1412,34.9,36,0,0,0,0,0,0
8571,L18571,L,301.7,312.0,1414,43.0,67,0,0,0,0,0,0
8572,L18572,L,301.7,311.5,1496,33.9,222,0,0,0,0,0,0
8573,L18573,L,301.7,311.1,1441,36.4,74,0,0,0,0,0,0
8574,L18574,L,301.8,312.1,1513,41.9,16,0,0,0,0,0,0
8575,H18575,H,301.7,313.4,1416,41.1,134,0,0,0,0,0,0
8576,L18576,L,301.7,310.8,1571,42.8,51,0,0,0,0,0,0
8577,M18577,M,301.8,313.8,1454,29.2,162,0,0,0,0,0,0
8578,L18578,L,301.8,313.0,1664,39.1,129,0,0,0,0,0,0
8579,L18579,L,301.9,313.3,1495,43.3,167,0,0,0,0,0,0
8580,L18580,L,301.9,312.2,1490,44.5,36,0,0,0,0,0,0
8581,L18581,L,301.9,313.0,1660,44.9,249,1,0,0,0,1,0
8582,M18582,M,301.9,310.9,1450,41.5,56,0,0,0,0,0,0
8583,H18583,H,301.9,311.2,1459,37.7,100,0,0,0,0,0,0
8584,L18584,L,301.9,312.7,1430,43.0,9,0,0,0,0,0,0
8585,L18585,L,301.9,312.2,1520,38.2,203,0,0,0,0,0,0
8586,L18586,L,301.8,311.7,1426,45.4,80,0,0,0,0,0,0
8587,H18587,H,301.8,309.3,1578,42.6,173,0,0,0,0,0,0
8588,M18588,M,301.8,311.4,1495,39.6,89,0,0,0,0,0,0
8589,M18589,M,301.8,310.7,1584,35.4,132,0,0,0,0,0,0
8590,M18590,M,301.9,312.4,1573,46.7,132,0,0,0,0,0,0
8591,H18591,H,302.0,311.8,1449,43.4,119,0,0,0,0,0,0
8592,L18592,L,302.0,311.4,1426,52.6,101,0,0,0,0,0,0
8593,L18593,L,302.0,314.6,1467,43.2,238,0,0,0,0,0,0
8594,H18594,H,302.0,313.0,1501,43.7,26,0,0,0,0,0,0
8595,M18595,M,302.0,313.0,1533,31.2,4,0,0,0,0,0,0
8596,M18596,M,302.0,314.2,1545,41.9,60,0,0,0,0,0,0
8597,M18597,M,302.0,312.8,1497,38.1,135,0,0,0,0,0,0
8598,L18598,L,302.0,311.2,1432,45.0,158,0,0,0,0,0,0
8599,M18599,M,302.0,311.2,1441,42.0,96,0,0,0,0,0,0
8600,M18600,M,302.1,313.1,1552,45.9,148,0,0,0,0,0,0
8601,L18601,L,302.0,310.0,1435,52.8,226,1,0,0,0,1,0
8602,M18602,M,302.1,312.0,1556,35.2,20,0,0,0,0,0,0
8603,H18603,H,302.1,309.9,1559,45.7,50,0,0,0,0,0,0
8604,L18604,L,302.0,312.1,1653,44.1,78,0,0,0,0,0,0
8605,L18605,L,302.0,312.9,1452,51.9,227,1,0,0,0,1,0
8606,L18606,L,302.1,312.4,1467,44.2,58,0,0,0,0,0,0
8607,M18607,M,302.1,313.1,1269,43.6,248,0,0,0,0,0,0
8608,L18608,L,302.1,314.1,1406,45.1,1,0,0,0,0,0,0
8609,M18609,M,302.1,312.0,1404,45.5,157,0,0,0,0,0,0
8610,H18610,H,302.1,315.0,1551,48.7,57,0,0,0,0,0,0
8611,L18611,L,302.1,312.3,1681,35.1,219,0,0,0,0,0,0
8612,H18612,H,302.0,313.0,1558,37.6,208,0,0,0,0,0,0
8613,H18613,H,302.0,311.4,1599,50.4,235,0,0,0,0,0,0
8614,L18614,L,302.0,313.7,1429,28.2,19,0,0,0,0,0,0
8615,L18615,L,302.0,313.1,1380,39.5,167,0,0,0,0,0,0
8616,H18616,H,302.1,313.5,1476,40.9,156,0,0,0,0,0,0
8617,H18617,H,302.1,312.1,1438,38.9,132,0,0,0,0,0,0
8618,L18618,L,302.1,310.8,1414,49.5,88,0,0,0,0,0,0
8619,L18619,L,302.1,312.5,1522,42.9,137,0,0,0,0,0,0
8620,L18620,L,302.2,310.5,1381,37.7,210,0,0,0,0,0,0
8621,H18621,H,302.2,311.8,1583,36.2,188,0,0,0,0,0,0
8622,L18622,L,302.3,312.5,1460,41.7,104,0,0,0,0,0,0
8623,M18623,M,302.3,314.7,1495,47.0,111,0,0,0,0,0,0
8624,H18624,H,302.3,312.6,1510,40.8,128,0,0,0,0,0,0
8625,L18625,L,302.2,312.4,1453,39.2,174,0,0,0,0,0,0
8626,M18626,M,302.2,312.1,1627,35.8,97,0,0,0,0,0,0
8627,L18627,L,302.1,310.8,1339,42.2,184,0,0,0,0,0,0
8628,H18628,H,302.1,312.2,1628,41.9,13,0,0,0,0,0,0
8629,L18629,L,302.1,312.2,1465,35.7,152,0,0,0,0,0,0
8630,M18630,M,302.1,311.1,1592,46.2,217,0,0,0,0,0,0
8631,M18631,M,302.1,310.9,1520,50.2,20,0,0,0,0,0,0
8632,L18632,L,302.1,311.7,1585,40.3,15,0,0,0,0,0,0
8633,L18633,L,302.1,312.2,1488,41.8,201,0,0,0,0,0,0
8634,L18634,L,302.2,311.8,1524,33.4,159,0,0,0,0,0,0
8635,L18635,L,302.2,311.1,1610,44.4,235,0,0,0,0,0,0
8636,H18636,H,302.2,312.5,1510,42.8,172,0,0,0,0,0,0
8637,H18637,H,302.2,312.7,1633,38.0,63,0,0,0,0,0,0
8638,L18638,L,302.2,312.3,1535,35.5,83,0,0,0,0,0,0
8639,M18639,M,302.1,311.5,1427,51.1,72,0,0,0,0,0,0
8640,M18640,M,302.0,312.6,1465,42.3,59,0,0,0,0,0,0
8641,H18641,H,302.0,311.8,1589,34.5,249,0,0,0,0,0,0
8642,L18642,L,302.1,310.9,1376,45.1,97,0,0,0,0,0,0
8643,L18643,L,302.1,313.1,1579,41.4,222,0,0,0,0,0,0
8644,L18644,L,302.0,312.4,1463,40.4,146,0,0,0,0,0,0
8645,M18645,M,302.0,311.9,1371,45.9,46,0,0,0,0,0,0
8646,L18646,L,302.1,310.5,1521,24.3,222,0,0,0,0,0,0
8647,L18647,L,302.0,311.3,1430,29.2,191,0,0,0,0,0,0
8648,L18648,L,302.0,314.0,1443,48.3,157,0,0,0,0,0,0
8649,M18649,M,302.1,310.5,1437,39.2,46,0,0,0,0,0,0
8650,L18650,L,302.1,311.9,1511,37.4,215,0,0,0,0,0,0
8651,L18651,L,302.2,312.2,1461,32.0,32,0,0,0,0,0,0
8652,L18652,L,302.1,312.4,1539,41.2,209,0,0,0,0,0,0
8653,L18653,L,302.0,310.5,1601,41.9,20,0,0,0,0,0,0
8654,M18654,M,302.1,312.2,1554,48.6,94,0,0,0,0,0,0
8655,L18655,L,302.1,310.4,1681,42.2,62,0,0,0,0,0,0
8656,L18656,L,302.1,312.2,1705,38.2,230,0,0,0,0,0,0
8657,M18657,M,302.2,311.5,1471,42.4,41,0,0,0,0,0,0
8658,L18658,L,302.1,311.2,1385,46.7,188,0,0,0,0,0,0
8659,L18659,L,302.1,313.0,1471,45.3,104,0,0,0,0,0,0
8660,H18660,H,302.1,311.8,1512,43.7,125,0,0,0,0,0,0
8661,L18661,L,302.1,312.6,1723,41.6,114,0,0,0,0,0,0
8662,L18662,L,302.1,312.6,1463,36.5,42,0,0,0,0,0,0
8663,L18663,L,302.0,313.3,1528,33.8,67,0,0,0,0,0,0
8664,L18664,L,302.0,310.8,1432,32.9,25,0,0,0,0,0,0
8665,M18665,M,301.9,312.9,1465,42.4,160,0,0,0,0,0,0
8666,M18666,M,301.9,312.0,1379,43.0,107,0,0,0,0,0,0
8667,M18667,M,301.9,311.5,1354,46.6,32,0,0,0,0,0,0
8668,L18668,L,301.9,310.8,1636,43.4,48,0,0,0,0,0,0
8669,L18669,L,302.0,312.6,1607,46.3,83,0,0,0,0,0,0
8670,H18670,H,302.1,311.1,1463,39.2,40,0,0,0,0,0,0
8671,H18671,H,302.1,312.6,1606,44.6,199,0,0,0,0,0,0
8672,L18672,L,302.1,314.0,1369,34.0,35,0,0,0,0,0,0
8673,L18673,L,302.2,313.1,1483,39.6,199,0,0,0,0,0,0
8674,L18674,L,302.1,313.5,1517,29.0,94,0,0,0,0,0,0
8675,L18675,L,302.1,311.3,1627,40.2,118,0,0,0,0,0,0
8676,L18676,L,302.1,312.8,1520,47.3,149,0,0,0,0,0,0
8677,L18677,L,302.0,310.9,1554,40.4,233,0,0,0,0,0,0
8678,M18678,M,302.1,311.9,1453,44.3,241,0,0,0,0,0,0
8679,M18679,M,302.2,313.9,1526,41.6,174,0,0,0,0,0,0
8680,L18680,L,302.3,311.7,1626,36.6,82,0,0,0,0,0,0
8681,L18681,L,302.3,313.4,1338,38.9,19,0,0,0,0,0,0
8682,H18682,H,302.3,313.3,1614,47.1,86,0,0,0,0,0,0
8683,L18683,L,302.3,313.4,1479,44.3,151,0,0,0,0,0,0
8684,M18684,M,302.4,311.1,1359,36.3,125,0,0,0,0,0,0
8685,L18685,L,302.3,312.8,1473,31.7,170,0,0,0,0,0,0
8686,M18686,M,302.2,312.0,1629,41.2,215,0,0,0,0,0,0
8687,L18687,L,302.1,313.2,1452,36.5,99,0,0,0,0,0,0
8688,L18688,L,302.1,310.4,1530,38.9,72,0,0,0,0,0,0
8689,L18689,L,302.1,312.5,1339,31.3,231,0,0,0,0,0,0
8690,L18690,L,302.2,312.4,1317,46.2,15,0,0,0,0,0,0
8691,L18691,L,302.2,310.2,1392,39.4,26,0,0,0,0,0,0
8692,M18692,M,302.2,311.3,1601,40.3,44,0,0,0,0,0,0
8693,L18693,L,302.3,310.4,1495,35.0,164,0,0,0,0,0,0
8694,L18694,L,302.2,311.5,1610,38.3,12,0,0,0,0,0,0
8695,M18695,M,302.2,312.7,1616,40.7,178,0,0,0,0,0,0
8696,M18696,M,302.1,312.3,1424,36.3,1,0,0,0,0,0,0
8697,H18697,H,302.2,312.3,1657,38.7,75,0,0,0,0,0,0
8698,M18698,M,302.1,311.1,1446,48.3,104,0,0,0,0,0,0
8699,L18699,L,302.1,313.2,1600,29.5,96,0,0,0,0,0,0
8700,M18700,M,302.1,312.1,1596,41.1,86,0,0,0,0,0,0
8701,H18701,H,302.1,312.1,1507,35.3,58,0,0,0,0,0,0
8702,H18702,H,302.1,313.0,1507,48.0,13,0,0,0,0,0,0
8703,L18703,L,302.1,311.1,1532,38.9,102,0,0,0,0,0,0
8704,L18704,L,302.1,312.3,1512,33.7,176,0,0,0,0,0,0
8705,L18705,L,302.2,312.6,1461,38.7,29,0,0,0,0,0,0
8706,M18706,M,302.1,311.6,1452,42.1,246,0,0,0,0,0,0
8707,M18707,M,302.1,312.7,1462,56.7,109,0,0,0,0,0,0
8708,M18708,M,302.1,312.6,1622,27.3,240,1,1,0,0,0,0
8709,L18709,L,302.1,312.0,1341,32.8,97,0,0,0,0,0,0
8710,M18710,M,302.0,311.9,1450,47.8,8,0,0,0,0,0,0
8711,H18711,H,302.1,312.7,1467,30.9,206,0,0,0,0,0,0
8712,L18712,L,302.1,312.9,1477,40.1,23,0,0,0,0,0,0
8713,M18713,M,302.1,312.2,1530,37.1,111,0,0,0,0,0,0
8714,L18714,L,302.1,313.2,1365,36.2,40,0,0,0,0,0,0
8715,H18715,H,302.2,312.9,1603,39.0,187,0,0,0,0,0,0
8716,H18716,H,302.1,310.3,1589,38.0,216,0,0,0,0,0,0
8717,M18717,M,302.1,310.7,1567,46.3,227,0,0,0,0,0,0
8718,M18718,M,302.2,313.4,1479,48.0,31,0,0,0,0,0,0
8719,H18719,H,302.2,312.0,1426,42.6,174,0,0,0,0,0,0
8720,L18720,L,302.2,312.3,1467,38.6,20,0,0,0,0,0,0
8721,L18721,L,302.1,313.3,1506,41.6,169,0,0,0,0,0,0
8722,M18722,M,302.2,312.2,1567,44.8,230,0,0,0,0,0,0
8723,L18723,L,302.2,312.3,1492,46.0,69,0,0,0,0,0,0
8724,L18724,L,302.2,311.3,1536,42.2,110,0,0,0,0,0,0
8725,H18725,H,302.2,312.6,1457,49.2,88,0,0,0,0,0,0
8726,M18726,M,302.2,312.8,1529,36.3,1,0,0,0,0,0,0
8727,L18727,L,302.1,311.5,1475,46.8,158,0,0,0,0,0,0
8728,L18728,L,302.1,311.2,1527,44.2,55,0,0,0,0,0,0
8729,L18729,L,302.2,314.8,1323,36.3,157,0,0,0,0,0,0
8730,L18730,L,302.2,312.1,1549,41.4,190,0,0,0,0,0,0
8731,L18731,L,302.2,311.5,1554,41.8,14,0,0,0,0,0,0
8732,M18732,M,302.2,312.9,1553,39.1,17,0,0,0,0,0,0
8733,L18733,L,302.2,312.2,1401,39.1,31,0,0,0,0,0,0
8734,L18734,L,302.2,311.1,1429,30.9,13,0,0,0,0,0,0
8735,L18735,L,302.2,312.7,1413,35.9,189,0,0,0,0,0,0
8736,H18736,H,302.2,311.3,1533,38.6,209,0,0,0,0,0,0
8737,L18737,L,302.3,313.9,1566,36.6,226,0,0,0,0,0,0
8738,L18738,L,302.3,312.8,1430,34.9,51,0,0,0,0,0,0
8739,L18739,L,302.2,311.9,1632,46.4,21,0,0,0,0,0,0
8740,M18740,M,302.2,312.4,1630,39.4,13,0,0,0,0,0,0
8741,M18741,M,302.2,313.1,1514,53.0,229,1,0,0,0,1,0
8742,L18742,L,302.3,312.4,1537,41.3,205,0,0,0,0,0,0
8743,L18743,L,302.3,314.4,1332,46.2,33,0,0,0,0,0,0
8744,L18744,L,302.2,313.4,1447,38.8,85,0,0,0,0,0,0
8745,M18745,M,302.3,312.8,1375,36.0,207,0,0,0,0,0,0
8746,M18746,M,302.3,311.4,1409,41.6,55,0,0,0,0,0,0
8747,L18747,L,302.4,312.3,1551,47.8,239,1,0,0,0,1,0
8748,L18748,L,302.4,312.9,1576,39.5,180,0,0,0,0,0,0
8749,L18749,L,302.4,311.6,1580,42.7,176,0,0,0,0,0,0
8750,L18750,L,302.4,313.7,1524,41.5,62,0,0,0,0,0,0
8751,M18751,M,302.5,311.5,1552,39.4,143,0,0,0,0,0,0
8752,L18752,L,302.5,311.9,1341,39.7,79,0,0,0,0,0,0
8753,L18753,L,302.5,312.0,1371,34.0,39,0,0,0,0,0,0
8754,L18754,L,302.5,313.2,1479,39.9,37,0,0,0,0,0,0
8755,H18755,H,302.5,311.7,1560,43.9,145,0,0,0,0,0,0
8756,H18756,H,302.6,310.8,1455,41.8,22,0,0,0,0,0,0
8757,L18757,L,302.5,313.6,1364,41.1,109,0,0,0,0,0,0
8758,L18758,L,302.6,312.1,1431,44.4,47,0,0,0,0,0,0
8759,L18759,L,302.5,311.4,1407,41.2,231,0,0,0,0,0,0
8760,L18760,L,302.5,311.8,1328,40.1,81,0,0,0,0,0,0
8761,L18761,L,302.5,314.2,1722,44.4,173,0,0,0,0,0,0
8762,M18762,M,302.5,311.8,1623,40.8,112,0,0,0,0,0,0
8763,M18763,M,302.5,312.3,1302,38.6,21,0,0,0,0,0,0
8764,H18764,H,302.5,312.1,1308,42.8,124,0,0,0,0,0,0
8765,L18765,L,302.5,311.3,1419,39.8,53,0,0,0,0,0,0
8766,H18766,H,302.6,311.8,1351,38.3,39,0,0,0,0,0,0
8767,M18767,M,302.6,311.3,1738,40.9,29,0,0,0,0,0,0
8768,L18768,L,302.6,313.5,1420,41.0,239,0,0,0,0,0,0
8769,L18769,L,302.6,312.7,1536,33.4,182,0,0,0,0,0,0
8770,L18770,L,302.5,315.0,1449,42.0,183,0,0,0,0,0,0
8771,L18771,L,302.5,311.8,1383,51.1,41,0,0,0,0,0,0
8772,L18772,L,302.4,311.6,1605,34.1,169,0,0,0,0,0,0
8773,M18773,M,302.4,314.0,1565,37.0,189,0,0,0,0,0,0
8774,L18774,L,302.4,313.5,1494,56.7,244,1,0,0,0,1,0
8775,H18775,H,302.4,312.8,1738,35.1,209,0,0,0,0,0,0
8776,L18776,L,302.4,311.3,1524,47.7,126,0,0,0,0,0,0
8777,H18777,H,302.4,314.1,1454,38.6,180,0,0,0,0,0,0
8778,L18778,L,302.3,312.3,1692,40.4,81,0,0,0,0,0,0
8779,M18779,M,302.3,311.9,1540,39.2,232,0,0,0,0,0,0
8780,L18780,L,302.3,313.5,1663,42.6,52,0,0,0,0,0,0
8781,L18781,L,302.3,312.3,1496,30.5,191,0,0,0,0,0,0
8782,H18782,H,302.3,311.2,1199,41.1,0,0,0,0,0,0,0
8783,L18783,L,302.3,312.3,1344,37.6,248,0,0,0,0,0,0
8784,M18784,M,302.2,311.4,1608,28.8,239,0,0,0,0,0,0
8785,M18785,M,302.3,309.3,1441,46.7,105,0,0,0,0,0,0
8786,L18786,L,302.3,311.4,1525,27.4,206,0,0,0,0,0,0
8787,L18787,L,302.3,311.7,1613,52.9,196,0,0,0,0,0,0
8788,M18788,M,302.3,311.1,1518,43.7,26,0,0,0,0,0,0
8789,L18789,L,302.3,312.9,1414,31.8,16,0,0,0,0,0,0
8790,M18790,M,302.3,311.6,1499,48.0,62,0,0,0,0,0,0
8791,H18791,H,302.3,312.8,1511,35.5,127,0,0,0,0,0,0
8792,L18792,L,302.3,311.1,1459,35.8,168,0,0,0,0,0,0
8793,L18793,L,302.3,313.2,1362,29.2,120,0,0,0,0,0,0
8794,M18794,M,302.3,311.0,1464,34.8,185,0,0,0,0,0,0
8795,L18795,L,302.3,310.0,1491,35.5,121,0,0,0,0,0,0
8796,L18796,L,302.4,313.6,1356,44.9,184,0,0,0,0,0,0
8797,L18797,L,302.4,311.5,1408,47.0,223,0,0,0,0,0,0
8798,M18798,M,302.4,314.1,1428,32.6,126,0,0,0,0,0,0
8799,L18799,L,302.4,313.0,1314,41.6,165,0,0,0,0,0,0
8800,L18800,L,302.5,313.3,1513,29.0,217,0,0,0,0,0,0
8801,M18801,M,302.5,313.6,1524,41.6,121,0,0,0,0,0,0
8802,L18802,L,302.5,312.6,1446,53.0,65,0,0,0,0,0,0
8803,L18803,L,302.5,312.6,1363,29.3,219,0,0,0,0,0,0
8804,H18804,H,302.5,313.8,1541,33.9,172,0,0,0,0,0,0
8805,M18805,M,302.5,312.6,1555,44.4,22,0,0,0,0,0,0
8806,H18806,H,302.5,311.8,1510,45.1,241,0,0,0,0,0,0
8807,L18807,L,302.6,313.1,1504,34.4,147,0,0,0,0,0,0
8808,M18808,M,302.5,310.4,1559,48.8,35,0,0,0,0,0,0
8809,L18809,L,302.5,313.9,1490,35.1,169,0,0,0,0,0,0
8810,L18810,L,302.6,313.9,1408,50.0,246,1,0,0,0,1,0
8811,L18811,L,302.5,313.7,1493,42.8,149,0,0,0,0,0,0
8812,L18812,L,302.5,313.7,1461,47.6,187,0,0,0,0,0,0
8813,H18813,H,302.5,312.4,1493,42.2,10,0,0,0,0,0,0
8814,L18814,L,302.5,312.4,1588,43.9,27,0,0,0,0,0,0
8815,M18815,M,302.5,311.2,1380,44.3,44,0,0,0,0,0,0
8816,M18816,M,302.4,314.2,1518,46.9,123,0,0,0,0,0,0
8817,M18817,M,302.5,312.0,1375,39.8,121,0,0,0,0,0,0
8818,L18818,L,302.5,312.9,1408,34.6,246,0,0,0,0,0,0
8819,M18819,M,302.5,312.7,1657,39.5,149,0,0,0,0,0,0
8820,L18820,L,302.5,311.2,1546,36.0,80,0,0,0,0,0,0
8821,L18821,L,302.5,310.7,1516,36.4,190,0,0,0,0,0,0
8822,H18822,H,302.4,312.4,1334,49.9,158,0,0,0,0,0,0
8823,L18823,L,302.4,311.9,1476,43.7,10,0,0,0,0,0,0
8824,L18824,L,302.4,312.3,1293,43.5,35,0,0,0,0,0,0
8825,H18825,H,302.5,313.5,1504,46.4,77,0,0,0,0,0,0
8826,L18826,L,302.5,312.7,1375,43.7,34,0,0,0,0,0,0
8827,M18827,M,302.4,313.2,1556,51.2,126,0,0,0,0,0,0
8828,L18828,L,302.4,312.9,1516,27.4,150,0,0,0,0,0,0
8829,L18829,L,302.4,312.1,1378,34.0,28,0,0,0,0,0,0
8830,L18830,L,302.4,311.4,1538,35.8,150,0,0,0,0,0,0
8831,L18831,L,302.4,312.6,1709,31.7,235,1,1,0,0,0,0
8832,L18832,L,302.3,312.4,1480,40.7,123,0,0,0,0,0,0
8833,M18833,M,302.3,313.2,1588,41.0,250,0,0,0,0,0,0
8834,M18834,M,302.2,312.1,1290,51.9,227,0,0,0,0,0,0
8835,H18835,H,302.3,312.0,1547,45.4,15,0,0,0,0,0,0
8836,L18836,L,302.3,312.0,1443,37.0,102,0,0,0,0,0,0
8837,M18837,M,302.2,311.3,1473,43.0,83,0,0,0,0,0,0
8838,M18838,M,302.2,313.6,1560,29.0,216,0,0,0,0,0,0
8839,H18839,H,302.3,313.4,1476,40.9,146,0,0,0,0,0,0
8840,L18840,L,302.2,311.0,1338,40.5,217,0,0,0,0,0,0
8841,M18841,M,302.2,313.0,1653,34.6,95,0,0,0,0,0,0
8842,H18842,H,302.2,310.4,1355,38.8,190,1,0,1,0,0,0
8843,L18843,L,302.2,313.2,1416,35.8,49,0,0,0,0,0,0
8844,H18844,H,302.2,311.5,1513,34.4,212,0,0,0,0,0,0
8845,L18845,L,302.2,312.5,1514,44.0,200,0,0,0,0,0,0
8846,M18846,M,302.2,310.2,1543,46.2,42,0,0,0,0,0,0
8847,H18847,H,302.2,311.0,1513,43.1,18,0,0,0,0,0,0
8848,M18848,M,302.3,312.8,1615,37.4,112,0,0,0,0,0,0
8849,L18849,L,302.3,311.6,1549,36.0,120,0,0,0,0,0,0
8850,L18850,L,302.3,311.5,1381,37.6,212,0,0,0,0,0,0
8851,H18851,H,302.4,313.8,1240,38.7,17,0,0,0,0,0,0
8852,L18852,L,302.5,314.7,1515,34.8,133,0,0,0,0,0,0
8853,L18853,L,302.5,313.4,1647,46.3,34,0,0,0,0,0,0
8854,M18854,M,302.4,311.3,1375,38.8,13,0,0,0,0,0,0
8855,L18855,L,302.5,314.2,1395,44.6,63,0,0,0,0,0,0
8856,L18856,L,302.4,310.9,1535,31.6,136,0,0,0,0,0,0
8857,L18857,L,302.5,312.2,1548,35.9,162,0,0,0,0,0,0
8858,L18858,L,302.5,312.5,1612,45.2,1,0,0,0,0,0,0
8859,M18859,M,302.5,314.4,1664,45.2,242,0,0,0,0,0,0
8860,M18860,M,302.5,313.4,1524,32.8,5,0,0,0,0,0,0
8861,M18861,M,302.5,312.0,1407,41.8,98,0,0,0,0,0,0
8862,H18862,H,302.5,311.6,1410,42.0,120,0,0,0,0,0,0
8863,H18863,H,302.5,313.5,1446,35.8,152,0,0,0,0,0,0
8864,M18864,M,302.5,312.0,1603,42.1,72,0,0,0,0,0,0
8865,L18865,L,302.5,312.7,1450,30.5,177,0,0,0,0,0,0
8866,M18866,M,302.5,311.1,1596,34.4,222,0,0,0,0,0,0
8867,L18867,L,302.5,313.0,1348,43.6,134,0,0,0,0,0,0
8868,M18868,M,302.4,312.9,1529,40.2,62,0,0,0,0,0,0
8869,M18869,M,302.4,311.2,1425,40.5,155,0,0,0,0,0,0
8870,L18870,L,302.4,313.5,1552,38.9,1,0,0,0,0,0,0
8871,H18871,H,302.4,313.0,1474,43.2,64,0,0,0,0,0,0
8872,L18872,L,302.3,313.1,1580,43.5,100,0,0,0,0,0,0
8873,M18873,M,302.2,311.8,1457,44.7,250,0,0,0,0,0,0
8874,L18874,L,302.2,312.3,1497,40.8,186,0,0,0,0,0,0
8875,H18875,H,302.2,312.3,1581,37.7,151,0,0,0,0,0,0
8876,L18876,L,302.2,312.1,1490,36.7,189,0,0,0,0,0,0
8877,L18877,L,302.2,312.4,1506,33.7,226,0,0,0,0,0,0
8878,L18878,L,302.3,313.5,1576,37.6,198,0,0,0,0,0,0
8879,L18879,L,302.3,313.3,1492,36.4,37,0,0,0,0,0,0
8880,L18880,L,302.3,311.1,1342,49.6,250,1,0,0,0,1,0
8881,M18881,M,302.3,313.3,1443,33.7,220,0,0,0,0,0,0
8882,L18882,L,302.3,313.5,1308,46.2,61,0,0,0,0,0,0
8883,L18883,L,302.4,312.2,1475,38.4,192,0,0,0,0,0,0
8884,L18884,L,302.4,312.9,1547,38.8,118,0,0,0,0,0,0
8885,H18885,H,302.4,312.9,1512,42.4,178,0,0,0,0,0,0
8886,M18886,M,302.4,311.5,1639,31.5,221,0,0,0,0,0,0
8887,M18887,M,302.3,312.0,1628,35.2,51,0,0,0,0,0,0
8888,M18888,M,302.4,313.1,1526,32.6,109,0,0,0,0,0,0
8889,L18889,L,302.4,311.9,1261,37.7,223,0,0,0,0,0,0
8890,L18890,L,302.3,313.3,1567,34.5,73,0,0,0,0,0,0
8891,L18891,L,302.4,313.7,1423,47.9,97,0,0,0,0,0,0
8892,H18892,H,302.3,313.5,1588,36.5,62,0,0,0,0,0,0
8893,H18893,H,302.4,314.3,1531,25.7,138,0,0,0,0,0,0
8894,L18894,L,302.5,312.4,1566,38.0,47,0,0,0,0,0,0
8895,L18895,L,302.5,312.7,1550,44.8,240,0,0,0,0,0,0
8896,L18896,L,302.5,312.8,1739,49.8,100,1,0,0,1,0,0
8897,L18897,L,302.4,312.4,1552,38.6,181,0,0,0,0,0,0
8898,M18898,M,302.4,312.9,1372,36.9,218,0,0,0,0,0,0
8899,L18899,L,302.4,310.7,1607,39.9,177,0,0,0,0,0,0
8900,H18900,H,302.4,312.6,1457,42.5,239,0,0,0,0,0,0
8901,L18901,L,302.5,311.1,1635,33.2,73,0,0,0,0,0,0
8902,H18902,H,302.5,311.5,1654,38.5,37,0,0,0,0,0,0
8903,M18903,M,302.5,313.2,1562,39.7,213,0,0,0,0,0,0
8904,M18904,M,302.5,312.3,1372,40.3,215,0,0,0,0,0,0
8905,M18905,M,302.5,313.2,1454,39.1,135,0,0,0,0,0,0
8906,M18906,M,302.4,312.2,1634,34.4,5,0,0,0,0,0,0
8907,M18907,M,302.5,313.6,1700,42.0,246,0,0,0,0,0,0
8908,M18908,M,302.6,312.4,1506,39.7,67,0,0,0,0,0,0
8909,M18909,M,302.6,310.7,1473,39.7,196,0,0,0,0,0,0
8910,H18910,H,302.6,312.8,1382,33.5,133,0,0,0,0,0,0
8911,M18911,M,302.6,310.4,1383,43.8,110,0,0,0,0,0,0
8912,M18912,M,302.6,311.2,1523,34.3,31,0,0,0,0,0,0
8913,H18913,H,302.7,311.8,1570,49.7,37,0,0,0,0,0,0
8914,L18914,L,302.6,311.6,1351,32.9,114,0,0,0,0,0,0
8915,L18915,L,302.6,312.0,1583,44.6,184,0,0,0,0,0,0
8916,L18916,L,302.6,311.5,1637,28.6,211,0,0,0,0,0,0
8917,M18917,M,302.5,311.1,1563,26.5,231,0,0,0,0,0,0
8918,H18918,H,302.6,314.2,1665,36.7,108,0,0,0,0,0,0
8919,L18919,L,302.5,311.8,1536,26.4,227,0,0,0,0,0,0
8920,M18920,M,302.6,310.3,1537,44.4,63,0,0,0,0,0,0
8921,M18921,M,302.5,312.1,1535,39.9,53,0,0,0,0,0,0
8922,L18922,L,302.4,311.3,1636,48.4,112,0,0,0,0,0,0
8923,M18923,M,302.3,311.5,1554,39.0,13,0,0,0,0,0,0
8924,H18924,H,302.3,313.0,1447,41.5,63,0,0,0,0,0,0
8925,L18925,L,302.4,311.9,1542,38.4,177,0,0,0,0,0,0
8926,M18926,M,302.4,311.3,1543,34.8,174,0,0,0,0,0,0
8927,M18927,M,302.3,312.8,1479,37.6,53,0,0,0,0,0,0
8928,L18928,L,302.4,313.5,1602,32.8,18,0,0,0,0,0,0
8929,L18929,L,302.5,313.0,1509,42.3,202,0,0,0,0,0,0
8930,H18930,H,302.5,310.0,1571,38.2,166,0,0,0,0,0,0
8931,L18931,L,302.6,311.4,1551,39.4,192,0,0,0,0,0,0
8932,L18932,L,302.6,312.6,1427,56.9,125,0,0,0,0,0,0
8933,L18933,L,302.6,312.4,1402,37.6,226,0,0,0,0,0,0
8934,M18934,M,302.6,312.3,1428,41.9,210,0,0,0,0,0,0
8935,M18935,M,302.6,311.6,1492,39.7,59,0,0,0,0,0,0
8936,M18936,M,302.6,311.2,1659,46.9,160,0,0,0,0,0,0
8937,L18937,L,302.7,314.7,1495,41.4,31,0,0,0,0,0,0
8938,H18938,H,302.6,312.7,1537,38.4,35,0,0,0,0,0,0
8939,L18939,L,302.6,313.3,1587,53.8,151,0,0,0,0,0,0
8940,L18940,L,302.6,312.6,1464,34.8,170,0,0,0,0,0,0
8941,L18941,L,302.5,312.5,1459,38.8,198,0,0,0,0,0,0
8942,L18942,L,302.5,312.5,1605,45.5,198,0,0,0,0,0,0
8943,H18943,H,302.5,311.3,1557,35.1,45,0,0,0,0,0,0
8944,H18944,H,302.5,311.0,1444,44.6,174,0,0,0,0,0,0
8945,L18945,L,302.5,312.9,1459,37.1,196,0,0,0,0,0,0
8946,H18946,H,302.5,312.7,1509,46.0,13,0,0,0,0,0,0
8947,M18947,M,302.5,313.4,1533,45.9,172,0,0,0,0,0,0
8948,H18948,H,302.5,313.2,1624,39.5,179,0,0,0,0,0,0
8949,L18949,L,302.5,311.7,1553,34.0,217,0,0,0,0,0,0
8950,M18950,M,302.6,313.7,1402,37.7,117,0,0,0,0,0,0
8951,L18951,L,302.6,313.4,1421,39.9,49,0,0,0,0,0,0
8952,H18952,H,302.7,313.3,1531,45.3,64,0,0,0,0,0,0
8953,L18953,L,302.7,314.9,1514,41.9,76,0,0,0,0,0,0
8954,M18954,M,302.6,314.7,1416,43.2,63,0,0,0,0,0,0
8955,L18955,L,302.6,313.3,1605,42.1,22,0,0,0,0,0,0
8956,L18956,L,302.7,313.2,1275,45.1,124,0,0,0,0,0,0
8957,M18957,M,302.7,313.7,1534,38.8,83,0,0,0,0,0,0
8958,H18958,H,302.7,312.1,1345,41.0,198,0,0,0,0,0,0
8959,M18959,M,302.7,312.1,1588,40.2,69,0,0,0,0,0,0
8960,H18960,H,302.7,313.4,1474,37.4,186,0,0,0,0,0,0
8961,L18961,L,302.7,311.9,1575,46.1,72,0,0,0,0,0,0
8962,M18962,M,302.8,313.4,1461,45.9,91,0,0,0,0,0,0
8963,L18963,L,302.8,313.0,1633,47.2,73,0,0,0,0,0,0
8964,L18964,L,302.7,311.9,1313,35.4,181,0,0,0,0,0,0
8965,M18965,M,302.7,312.7,1588,42.1,226,0,0,0,0,0,0
8966,M18966,M,302.7,314.1,1439,46.6,198,0,0,0,0,0,0
8967,M18967,M,302.9,312.9,1538,49.0,216,0,0,0,0,0,0
8968,M18968,M,302.8,312.9,1542,30.9,221,0,0,0,0,0,0
8969,M18969,M,302.9,313.2,1361,40.0,234,0,0,0,0,0,0
8970,L18970,L,302.8,313.3,1600,38.9,153,0,0,0,0,0,0
8971,L18971,L,302.8,312.5,1539,49.5,43,0,0,0,0,0,0
8972,M18972,M,302.8,313.1,1512,26.7,75,0,0,0,0,0,0
8973,L18973,L,302.7,311.6,1539,33.7,140,0,0,0,0,0,0
8974,L18974,L,302.7,311.9,1513,48.6,181,0,0,0,0,0,0
8975,L18975,L,302.6,311.9,1583,37.2,118,0,0,0,0,0,0
8976,M18976,M,302.6,313.1,1453,32.2,39,0,0,0,0,0,0
8977,L18977,L,302.6,312.7,1584,49.1,3,0,0,0,0,0,0
8978,M18978,M,302.5,312.4,1557,31.4,180,0,0,0,0,0,0
8979,M18979,M,302.6,313.3,1483,46.1,243,0,0,0,0,0,0
8980,L18980,L,302.6,313.0,1685,30.6,128,0,0,0,0,0,0
8981,M18981,M,302.5,312.2,1545,31.3,5,0,0,0,0,0,0
8982,M18982,M,302.5,311.5,1520,41.2,54,0,0,0,0,0,0
8983,M18983,M,302.5,311.7,1557,34.9,65,0,0,0,0,0,0
8984,M18984,M,302.5,311.0,1490,41.6,117,0,0,0,0,0,0
8985,L18985,L,302.5,312.6,1620,50.8,237,1,0,0,0,1,0
8986,M18986,M,302.6,311.7,1498,39.1,218,0,0,0,0,0,0
8987,L18987,L,302.5,312.0,1582,49.8,145,0,0,0,0,0,0
8988,H18988,H,302.5,312.3,1393,41.9,233,0,0,0,0,0,0
8989,H18989,H,302.5,313.5,1320,45.7,28,0,0,0,0,0,0
8990,M18990,M,302.5,313.4,1540,25.9,52,0,0,0,0,0,0
8991,L18991,L,302.5,312.5,1462,43.8,160,0,0,0,0,0,0
8992,L18992,L,302.6,313.8,1481,42.9,130,0,0,0,0,0,0
8993,L18993,L,302.6,310.6,1266,37.8,147,1,0,1,0,0,0
8994,L18994,L,302.5,314.4,1670,51.4,131,0,0,0,0,0,0
8995,L18995,L,302.6,313.3,1510,37.0,81,0,0,0,0,0,0
8996,M18996,M,302.6,312.7,1633,30.3,135,0,0,0,0,0,0
8997,L18997,L,302.7,311.8,1361,44.7,213,0,0,0,0,0,0
8998,H18998,H,302.7,312.3,1510,31.5,104,0,0,0,0,0,0
8999,L18999,L,302.7,313.4,1541,40.5,85,0,0,0,0,0,0
9000,H19000,H,302.8,313.5,1513,48.0,82,0,0,0,0,0,0
9001,H19001,H,302.8,313.5,1523,43.0,155,0,0,0,0,0,0
9002,M19002,M,302.8,312.1,1361,38.5,193,0,0,0,0,0,0
9003,M19003,M,302.8,311.9,1532,37.9,72,0,0,0,0,0,0
9004,L19004,L,302.8,313.0,1416,47.6,98,0,0,0,0,0,0
9005,M19005,M,302.8,313.6,1438,32.7,213,0,0,0,0,0,0
9006,L19006,L,302.9,312.9,1502,44.7,25,0,0,0,0,0,0
9007,L19007,L,302.9,314.4,1465,53.2,33,0,0,0,0,0,0
9008,M19008,M,302.9,312.9,1471,43.3,70,0,0,0,0,0,0
9009,L19009,L,302.9,312.9,1612,38.6,93,0,0,0,0,0,0
9010,M19010,M,303.1,313.7,1484,39.0,176,0,0,0,0,0,0
9011,L19011,L,303.0,314.2,1460,37.1,88,0,0,0,0,0,0
9012,L19012,L,303.0,311.6,1488,36.1,176,0,0,0,0,0,0
9013,L19013,L,302.9,311.8,1389,40.7,200,1,1,0,0,0,0
9014,L19014,L,302.9,312.6,1516,44.1,26,0,0,0,0,0,0
9015,L19015,L,302.9,316.1,1572,49.7,192,0,0,0,0,0,0
9016,L19016,L,302.9,312.6,1531,28.3,32,0,0,0,0,0,0
9017,L19017,L,302.9,312.7,1504,25.4,71,0,0,0,0,0,0
9018,H19018,H,302.9,313.5,1560,49.8,48,0,0,0,0,0,0
9019,L19019,L,302.8,313.8,1445,40.3,62,0,0,0,0,0,0
9020,M19020,M,302.8,313.0,1504,40.7,159,0,0,0,0,0,0
9021,L19021,L,302.9,314.1,1640,43.0,231,0,0,0,0,0,0
9022,H19022,H,302.9,311.7,1471,38.9,18,0,0,0,0,0,0
9023,L19023,L,303.0,312.2,1561,51.9,227,1,0,0,0,1,0
9024,L19024,L,303.0,314.2,1563,43.0,177,0,0,0,0,0,0
9025,M19025,M,303.0,313.1,1424,37.3,236,0,0,0,0,0,0
9026,L19026,L,303.0,311.8,1569,37.9,21,0,0,0,0,0,0
9027,M19027,M,303.0,311.7,1439,39.1,230,0,0,0,0,0,0
9028,L19028,L,303.0,312.2,1543,35.3,89,0,0,0,0,0,0
9029,H19029,H,303.0,313.0,1438,50.1,66,0,0,0,0,0,0
9030,L19030,L,303.0,313.5,1528,40.7,237,0,0,0,0,0,0
9031,L19031,L,303.0,312.7,1513,33.0,136,0,0,0,0,0,0
9032,M19032,M,303.0,313.4,1511,42.4,162,0,0,0,0,0,0
9033,L19033,L,303.0,312.5,1527,48.6,70,0,0,0,0,0,0
9034,H19034,H,303.1,314.3,1447,46.4,78,0,0,0,0,0,0
9035,L19035,L,303.0,315.6,1383,35.4,131,0,0,0,0,0,0
9036,M19036,M,303.0,312.6,1508,33.3,36,0,0,0,0,0,0
9037,L19037,L,303.0,313.4,1610,48.6,27,0,0,0,0,0,0
9038,H19038,H,303.1,313.5,1558,30.3,136,0,0,0,0,0,0
9039,M19039,M,303.1,313.2,1545,42.2,34,0,0,0,0,0,0
9040,L19040,L,303.0,313.7,1449,36.6,111,0,0,0,0,0,0
9041,L19041,L,303.0,313.5,1519,47.9,239,1,0,0,0,1,0
9042,L19042,L,303.0,312.6,1417,33.7,242,0,0,0,0,0,0
9043,H19043,H,303.0,314.3,1458,35.2,152,0,0,0,0,0,0
9044,L19044,L,303.0,313.2,1536,43.7,8,0,0,0,0,0,0
9045,L19045,L,303.0,312.7,1318,44.8,188,0,0,0,0,0,0
9046,L19046,L,303.1,315.5,1673,48.2,51,0,0,0,0,0,0
9047,L19047,L,303.0,312.9,1367,42.8,224,0,0,0,0,0,0
9048,M19048,M,303.0,313.2,1689,42.1,144,0,0,0,0,0,0
9049,H19049,H,303.0,313.1,1416,46.3,203,0,0,0,0,0,0
9050,M19050,M,303.0,312.8,1415,31.8,8,0,0,0,0,0,0
9051,H19051,H,303.0,313.5,1460,34.7,53,0,0,0,0,0,0
9052,M19052,M,303.0,312.2,1456,32.3,132,0,0,0,0,0,0
9053,L19053,L,303.0,313.6,1439,23.9,190,0,0,0,0,0,0
9054,L19054,L,303.1,311.4,1463,45.1,123,0,0,0,0,0,0
9055,M19055,M,303.2,311.9,1509,48.6,174,0,0,0,0,0,0
9056,H19056,H,303.2,315.0,1410,43.3,217,0,0,0,0,0,0
9057,H19057,H,303.3,312.0,1584,42.3,108,0,0,0,0,0,0
9058,L19058,L,303.3,311.3,1641,40.5,146,0,0,0,0,0,0
9059,L19059,L,303.2,312.0,1306,40.3,226,0,0,0,0,0,0
9060,L19060,L,303.2,315.0,1686,50.2,65,0,0,0,0,0,0
9061,H19061,H,303.2,311.4,1577,49.3,44,0,0,0,0,0,0
9062,H19062,H,303.2,312.2,1526,36.5,70,0,0,0,0,0,0
9063,M19063,M,303.1,311.6,1443,46.7,200,0,0,0,0,0,0
9064,L19064,L,303.1,312.8,1517,47.4,213,0,0,0,0,0,0
9065,M19065,M,303.1,312.6,1590,43.9,105,0,0,0,0,0,0
9066,L19066,L,303.0,312.5,1761,42.3,32,0,0,0,0,0,0
9067,L19067,L,303.0,314.9,1719,42.1,117,0,0,0,0,0,0
9068,M19068,M,303.1,311.9,1347,31.1,79,0,0,0,0,0,0
9069,L19069,L,303.0,312.9,1479,30.6,170,0,0,0,0,0,0
9070,L19070,L,303.1,313.4,1508,44.7,87,0,0,0,0,0,0
9071,H19071,H,303.0,312.0,1634,33.4,199,0,0,0,0,0,0
9072,M19072,M,303.0,313.5,1492,31.7,93,0,0,0,0,0,0
9073,L19073,L,303.0,312.6,1424,27.5,153,0,0,0,0,0,0
9074,M19074,M,303.0,313.3,1505,37.1,44,0,0,0,0,0,0
9075,L19075,L,302.9,312.8,1461,42.2,239,0,0,0,0,0,0
9076,M19076,M,302.9,310.9,1599,42.7,34,0,0,0,0,0,0
9077,M19077,M,303.0,314.3,1739,45.1,236,0,0,0,0,0,0
9078,M19078,M,303.0,315.0,1591,37.7,80,0,0,0,0,0,0
9079,M19079,M,303.0,312.8,1595,40.6,180,0,0,0,0,0,0
9080,L19080,L,303.0,312.1,1624,45.1,101,0,0,0,0,0,0
9081,L19081,L,303.0,314.5,1545,42.8,9,0,0,0,0,0,0
9082,L19082,L,303.0,314.9,1460,36.5,40,0,0,0,0,0,0
9083,L19083,L,302.9,312.7,1470,41.8,113,0,0,0,0,0,0
9084,M19084,M,302.8,312.6,1610,28.1,125,0,0,0,0,0,0
9085,L19085,L,302.8,312.7,1529,40.0,16,0,0,0,0,0,0
9086,L19086,L,302.8,311.1,1402,36.3,126,0,0,0,0,0,0
9087,L19087,L,302.8,312.5,1631,49.1,70,0,0,0,0,0,0
9088,H19088,H,302.8,314.5,1423,34.1,193,0,0,0,0,0,0
9089,L19089,L,302.8,312.6,1387,40.7,10,0,0,0,0,0,0
9090,M19090,M,302.8,311.7,1412,37.4,62,0,0,0,0,0,0
9091,L19091,L,302.8,313.3,1531,36.7,241,0,0,0,0,0,0
9092,L19092,L,302.9,312.2,1597,42.3,194,0,0,0,0,0,0
9093,L19093,L,302.8,312.8,1525,37.5,173,0,0,0,0,0,0
9094,M19094,M,302.8,311.6,1444,51.1,19,0,0,0,0,0,0
9095,M19095,M,302.8,311.8,1419,28.2,140,0,0,0,0,0,0
9096,H19096,H,302.8,313.6,1577,43.8,214,0,0,0,0,0,0
9097,L19097,L,302.9,313.0,1491,39.5,16,0,0,0,0,0,0
9098,L19098,L,303.0,312.2,1534,39.7,220,0,0,0,0,0,0
9099,H19099,H,303.0,313.1,1486,41.8,245,0,0,0,0,0,0
9100,L19100,L,303.0,312.4,1530,46.0,234,0,0,0,0,0,0
9101,M19101,M,303.0,312.2,1539,41.6,230,0,0,0,0,0,0
9102,M19102,M,303.0,314.2,1743,46.0,159,0,0,0,0,0,0
9103,L19103,L,303.1,313.9,1540,40.3,226,0,0,0,0,0,0
9104,M19104,M,303.1,313.1,1461,33.8,226,0,0,0,0,0,0
9105,L19105,L,303.0,313.2,1518,39.5,97,0,0,0,0,0,0
9106,L19106,L,303.0,313.0,1405,46.9,84,0,0,0,0,0,0
9107,L19107,L,303.0,313.5,1404,37.5,15,0,0,0,0,0,0
9108,H19108,H,303.0,312.2,1625,33.5,22,0,0,0,0,0,0
9109,L19109,L,303.0,313.8,1530,43.7,138,0,0,0,0,0,0
9110,M19110,M,303.0,313.4,1612,42.0,123,0,0,0,0,0,0
9111,H19111,H,303.0,312.7,1338,35.4,141,0,0,0,0,0,0
9112,M19112,M,303.0,312.5,1402,38.6,194,0,0,0,0,0,0
9113,M19113,M,303.0,313.8,1530,38.9,70,0,0,0,0,0,0
9114,L19114,L,303.0,312.8,1418,40.0,231,0,0,0,0,0,0
9115,L19115,L,303.0,312.3,1358,43.9,172,0,0,0,0,0,0
9116,L19116,L,303.0,312.7,1392,37.6,242,0,0,0,0,0,0
9117,M19117,M,303.0,313.8,1468,44.2,202,0,0,0,0,0,0
9118,H19118,H,303.0,311.4,1541,36.8,32,0,0,0,0,0,0
9119,H19119,H,303.0,312.7,1672,50.0,210,0,0,0,0,0,0
9120,H19120,H,303.0,314.1,1395,50.1,44,0,0,0,0,0,0
9121,H19121,H,303.1,312.9,1400,34.9,181,0,0,0,0,0,0
9122,L19122,L,303.1,313.3,1355,32.6,240,0,0,0,0,0,0
9123,M19123,M,303.1,314.2,1557,45.9,232,0,0,0,0,0,0
9124,H19124,H,303.1,314.0,1512,41.5,50,0,0,0,0,0,0
9125,L19125,L,303.1,312.7,1404,43.3,114,0,0,0,0,0,0
9126,H19126,H,303.1,313.0,1417,36.1,123,0,0,0,0,0,0
9127,L19127,L,303.1,314.0,1488,39.2,86,0,0,0,0,0,0
9128,M19128,M,303.1,314.0,1493,37.9,150,0,0,0,0,0,0
9129,M19129,M,303.1,313.0,1396,41.8,28,0,0,0,0,0,0
9130,H19130,H,303.1,313.0,1518,32.5,5,0,0,0,0,0,0
9131,L19131,L,303.1,313.4,1362,39.4,166,0,0,0,0,0,0
9132,M19132,M,303.1,314.5,1505,32.5,132,0,0,0,0,0,0
9133,M19133,M,303.1,314.2,1482,36.9,95,0,0,0,0,0,0
9134,L19134,L,303.0,313.7,1540,39.4,167,0,0,0,0,0,0
9135,M19135,M,303.0,312.0,1621,43.0,89,0,0,0,0,0,0
9136,M19136,M,303.1,312.8,1463,43.5,205,0,0,0,0,0,0
9137,M19137,M,303.1,312.8,1500,44.6,81,0,0,0,0,0,0
9138,L19138,L,303.0,314.5,1302,31.1,20,0,0,0,0,0,0
9139,L19139,L,303.0,312.7,1697,47.6,58,0,0,0,0,0,0
9140,M19140,M,303.0,314.3,1314,36.1,216,0,0,0,0,0,0
9141,L19141,L,303.0,312.4,1492,36.6,147,0,0,0,0,0,0
9142,L19142,L,303.0,312.5,1245,41.6,23,0,0,0,0,0,0
9143,H19143,H,303.0,313.5,1417,38.0,130,0,0,0,0,0,0
9144,M19144,M,303.0,314.6,1674,42.2,85,0,0,0,0,0,0
9145,M19145,M,303.0,312.8,1614,43.3,71,0,0,0,0,0,0
9146,L19146,L,302.9,310.4,1599,35.4,109,0,0,0,0,0,0
9147,L19147,L,302.9,311.4,1481,38.9,56,0,0,0,0,0,0
9148,L19148,L,302.9,313.2,1665,39.1,109,0,0,0,0,0,0
9149,L19149,L,302.9,311.4,1526,45.7,92,0,0,0,0,0,0
9150,M19150,M,302.9,312.1,1569,37.2,70,0,0,0,0,0,0
9151,M19151,M,302.9,312.9,1765,36.9,69,0,0,0,0,0,0
9152,L19152,L,302.9,310.4,1609,33.9,250,0,0,0,0,0,0
9153,L19153,L,303.0,312.6,1493,34.5,69,0,0,0,0,0,0
9154,L19154,L,302.9,311.8,1551,31.9,75,0,0,0,0,0,0
9155,L19155,L,303.0,311.5,1640,35.8,190,0,0,0,0,0,0
9156,L19156,L,303.1,312.3,1562,49.6,213,0,0,0,0,0,0
9157,H19157,H,303.1,312.0,1578,44.1,46,0,0,0,0,0,0
9158,M19158,M,303.1,313.6,1629,47.7,217,0,0,0,0,0,0
9159,M19159,M,303.1,314.3,1753,34.3,88,0,0,0,0,0,0
9160,L19160,L,303.1,312.7,1407,28.3,18,0,0,0,0,0,0
9161,H19161,H,303.1,312.5,1570,41.9,227,0,0,0,0,0,0
9162,M19162,M,303.1,312.7,1546,51.1,226,0,0,0,0,0,0
9163,M19163,M,303.1,312.0,1461,37.1,140,0,0,0,0,0,0
9164,L19164,L,303.0,311.8,1435,40.6,216,0,0,0,0,0,0
9165,H19165,H,303.0,311.3,1665,30.6,239,0,0,0,0,0,0
9166,H19166,H,303.0,311.7,1398,40.2,44,0,0,0,0,0,0
9167,H19167,H,303.0,314.7,1359,39.3,159,0,0,0,0,0,0
9168,L19168,L,303.0,312.4,1444,27.4,157,0,0,0,0,0,0
9169,L19169,L,303.0,310.1,1322,33.8,84,1,0,1,0,0,0
9170,L19170,L,302.9,312.3,1415,33.3,125,0,0,0,0,0,0
9171,L19171,L,303.0,311.4,1395,30.5,169,0,0,0,0,0,0
9172,H19172,H,303.0,313.0,1509,35.7,108,0,0,0,0,0,0
9173,L19173,L,303.0,313.0,1645,43.1,231,0,0,0,0,0,0
9174,L19174,L,303.0,313.1,1441,36.2,107,0,0,0,0,0,0
9175,L19175,L,303.0,313.0,1587,46.9,71,0,0,0,0,0,0
9176,L19176,L,303.0,312.7,1575,37.8,232,0,0,0,0,0,0
9177,L19177,L,303.1,311.6,1278,42.0,169,1,0,1,0,0,0
9178,M19178,M,303.1,313.0,1445,43.0,134,0,0,0,0,0,0
9179,M19179,M,303.1,314.1,1462,49.2,130,0,0,0,0,0,0
9180,L19180,L,303.1,314.9,1538,35.7,36,0,0,0,0,0,0
9181,L19181,L,303.2,312.9,1557,42.7,2,0,0,0,0,0,0
9182,L19182,L,303.2,313.0,1533,34.3,145,0,0,0,0,0,0
9183,L19183,L,303.1,313.6,1411,50.3,242,1,0,0,0,1,0
9184,M19184,M,303.2,314.7,1437,33.8,123,0,0,0,0,0,0
9185,M19185,M,303.2,312.7,1350,42.3,169,0,0,0,0,0,0
9186,M19186,M,303.2,313.9,1507,49.4,136,0,0,0,0,0,0
9187,M19187,M,303.2,312.4,1463,32.8,184,0,0,0,0,0,0
9188,L19188,L,303.1,313.4,1553,43.6,151,0,0,0,0,0,0
9189,H19189,H,303.2,314.1,1570,34.0,6,0,0,0,0,0,0
9190,H19190,H,303.0,311.7,1467,54.0,96,0,0,0,0,0,0
9191,H19191,H,302.9,312.4,1528,28.7,216,0,0,0,0,0,0
9192,L19192,L,303.0,313.9,1478,30.9,169,0,0,0,0,0,0
9193,H19193,H,303.0,313.6,1389,33.3,97,0,0,0,0,0,0
9194,H19194,H,303.0,314.0,1420,33.5,101,0,0,0,0,0,0
9195,H19195,H,303.0,313.8,1273,43.1,185,0,0,0,0,0,0
9196,L19196,L,302.8,312.5,1460,50.8,212,0,0,0,0,0,0
9197,M19197,M,302.9,315.1,1441,46.9,101,0,0,0,0,0,0
9198,H19198,H,302.9,313.0,1390,41.4,55,0,0,0,0,0,0
9199,M19199,M,302.9,309.8,1582,40.1,231,0,0,0,0,0,0
9200,M19200,M,302.9,312.6,1553,36.4,185,0,0,0,0,0,0
9201,H19201,H,302.9,312.4,1555,42.3,145,0,0,0,0,0,0
9202,L19202,L,302.9,313.7,1569,38.7,166,0,0,0,0,0,0
9203,M19203,M,302.8,312.4,1500,41.1,49,0,0,0,0,0,0
9204,L19204,L,302.9,314.0,1499,35.6,160,0,0,0,0,0,0
9205,H19205,H,303.0,313.5,1583,32.8,27,0,0,0,0,0,0
9206,L19206,L,302.9,311.9,1567,40.2,183,0,0,0,0,0,0
9207,M19207,M,302.9,312.8,1603,40.0,24,0,0,0,0,0,0
9208,M19208,M,302.9,312.1,1496,36.4,141,0,0,0,0,0,0
9209,M19209,M,302.9,313.1,1401,35.4,182,0,0,0,0,0,0
9210,M19210,M,302.8,312.1,1524,43.4,83,0,0,0,0,0,0
9211,H19211,H,302.8,312.9,1442,42.7,230,0,0,0,0,0,0
9212,H19212,H,302.7,312.5,1565,51.3,211,0,0,0,0,0,0
9213,L19213,L,302.7,312.6,1529,48.3,134,0,0,0,0,0,0
9214,L19214,L,302.7,314.7,1505,32.8,131,0,0,0,0,0,0
9215,L19215,L,302.7,312.3,1461,38.9,222,0,0,0,0,0,0
9216,L19216,L,302.7,310.7,1600,31.8,157,0,0,0,0,0,0
9217,M19217,M,302.6,313.7,1592,29.0,61,0,0,0,0,0,0
9218,H19218,H,302.7,313.7,1444,53.2,184,0,0,0,0,0,0
9219,H19219,H,302.7,310.7,1377,48.9,164,1,0,1,0,0,0
9220,L19220,L,302.7,312.0,1518,36.2,182,0,0,0,0,0,0
9221,L19221,L,302.7,313.1,1619,47.5,250,1,0,0,0,1,0
9222,M19222,M,302.7,313.2,1374,48.4,247,0,0,0,0,0,0
9223,M19223,M,302.7,312.7,1547,28.5,84,0,0,0,0,0,0
9224,L19224,L,302.7,312.7,1418,45.1,64,0,0,0,0,0,0
9225,H19225,H,302.6,311.7,1398,37.1,51,0,0,0,0,0,0
9226,H19226,H,302.6,310.2,1593,42.3,2,0,0,0,0,0,0
9227,L19227,L,302.6,314.7,1565,58.1,76,1,0,0,1,0,0
9228,H19228,H,302.6,311.7,1485,49.5,134,0,0,0,0,0,0
9229,L19229,L,302.6,312.8,1579,39.2,69,0,0,0,0,0,0
9230,M19230,M,302.5,312.3,1568,48.5,69,0,0,0,0,0,0
9231,L19231,L,302.5,313.4,1351,28.5,161,0,0,0,0,0,0
9232,L19232,L,302.6,312.7,1508,43.0,95,0,0,0,0,0,0
9233,H19233,H,302.6,312.7,1641,43.2,15,0,0,0,0,0,0
9234,L19234,L,302.5,309.9,1547,44.2,229,0,0,0,0,0,0
9235,M19235,M,302.5,311.7,1238,36.9,135,0,0,0,0,0,0
9236,L19236,L,302.6,313.3,1393,42.3,148,0,0,0,0,0,0
9237,L19237,L,302.6,313.3,1600,45.1,120,0,0,0,0,0,0
9238,L19238,L,302.6,311.6,1444,26.1,10,0,0,0,0,0,0
9239,L19239,L,302.6,311.0,1612,38.1,49,0,0,0,0,0,0
9240,M19240,M,302.7,312.8,1705,34.6,86,0,0,0,0,0,0
9241,L19241,L,302.7,309.8,1476,44.0,5,0,0,0,0,0,0
9242,M19242,M,302.9,311.7,1438,48.3,109,0,0,0,0,0,0
9243,M19243,M,302.8,314.6,1399,36.3,142,0,0,0,0,0,0
9244,M19244,M,302.9,314.3,1576,33.5,138,0,0,0,0,0,0
9245,L19245,L,302.9,313.3,1440,40.7,154,0,0,0,0,0,0
9246,H19246,H,302.9,313.2,1460,33.1,206,0,0,0,0,0,0
9247,L19247,L,302.9,311.0,1389,38.6,172,0,0,0,0,0,0
9248,L19248,L,302.9,312.1,1457,38.0,165,0,0,0,0,0,0
9249,L19249,L,302.9,312.6,1429,43.5,3,0,0,0,0,0,0
9250,L19250,L,302.9,312.2,1302,41.9,205,0,0,0,0,0,0
9251,L19251,L,302.9,312.6,1416,41.0,172,0,0,0,0,0,0
9252,M19252,M,303.0,314.3,1575,49.8,137,0,0,0,0,0,0
9253,L19253,L,302.9,312.4,1635,41.6,120,0,0,0,0,0,0
9254,L19254,L,303.0,312.7,1489,37.5,181,0,0,0,0,0,0
9255,M19255,M,303.1,313.8,1503,38.2,156,0,0,0,0,0,0
9256,L19256,L,303.1,311.6,1529,35.4,139,0,0,0,0,0,0
9257,L19257,L,303.0,312.2,1696,33.9,183,0,0,0,0,0,0
9258,L19258,L,303.0,312.3,1399,31.7,167,0,0,0,0,0,0
9259,M19259,M,303.0,313.1,1374,46.8,83,0,0,0,0,0,0
9260,L19260,L,303.0,312.7,1495,35.7,164,0,0,0,0,0,0
9261,L19261,L,303.1,312.8,1539,41.9,193,0,0,0,0,0,0
9262,M19262,M,303.2,312.5,1497,38.2,19,0,0,0,0,0,0
9263,M19263,M,303.2,312.1,1364,39.8,11,0,0,0,0,0,0
9264,M19264,M,303.1,313.7,1588,46.9,37,0,0,0,0,0,0
9265,H19265,H,303.1,312.8,1486,41.1,157,0,0,0,0,0,0
9266,L19266,L,303.1,313.7,1555,34.5,46,0,0,0,0,0,0
9267,L19267,L,303.0,311.9,1655,36.6,81,0,0,0,0,0,0
9268,L19268,L,303.0,312.3,1354,45.2,241,0,0,0,0,0,0
9269,L19269,L,303.1,312.9,1328,42.9,73,0,0,0,0,0,0
9270,L19270,L,303.1,313.0,1557,45.5,198,0,0,0,0,0,0
9271,L19271,L,303.1,313.8,1297,38.6,41,0,0,0,0,0,0
9272,M19272,M,303.1,312.7,1460,31.6,4,0,0,0,0,0,0
9273,M19273,M,303.0,313.8,1443,43.0,175,0,0,0,0,0,0
9274,L19274,L,303.0,313.4,1536,41.5,220,0,0,0,0,0,0
9275,M19275,M,303.0,312.8,1433,41.7,114,0,0,0,0,0,0
9276,L19276,L,303.0,312.1,1549,31.7,126,0,0,0,0,0,0
9277,L19277,L,303.0,313.8,1393,36.2,98,0,0,0,0,0,0
9278,M19278,M,302.9,312.0,1376,34.4,102,0,0,0,0,0,0
9279,L19279,L,303.0,312.9,1502,42.4,178,0,0,0,0,0,0
9280,L19280,L,302.9,312.9,1511,42.6,139,0,0,0,0,0,0
9281,L19281,L,302.9,312.6,1530,39.7,137,0,0,0,0,0,0
9282,H19282,H,302.8,312.5,1648,45.8,36,0,0,0,0,0,0
9283,M19283,M,302.9,312.0,1628,48.9,124,0,0,0,0,0,0
9284,L19284,L,302.9,311.3,1545,42.1,65,0,0,0,0,0,0
9285,H19285,H,303.0,314.4,1581,44.0,66,0,0,0,0,0,0
9286,M19286,M,302.9,312.4,1526,36.8,13,0,0,0,0,0,0
9287,M19287,M,302.9,312.8,1618,35.6,46,0,0,0,0,0,0
9288,H19288,H,302.9,312.8,1536,46.1,147,0,0,0,0,0,0
9289,L19289,L,302.8,313.9,1445,34.8,108,0,0,0,0,0,0
9290,L19290,L,302.9,314.8,1425,44.2,112,0,0,0,0,0,0
9291,M19291,M,302.9,313.1,1615,50.3,179,0,0,0,0,0,0
9292,M19292,M,302.9,312.7,1482,43.9,67,0,0,0,0,0,0
9293,M19293,M,302.9,311.8,1692,39.5,114,0,0,0,0,0,0
9294,M19294,M,302.9,311.4,1390,32.0,25,0,0,0,0,0,0
9295,H19295,H,302.8,311.1,1625,41.0,46,0,0,0,0,0,0
9296,H19296,H,302.8,312.0,1457,46.1,206,0,0,0,0,0,0
9297,H19297,H,302.9,310.8,1541,38.9,72,0,0,0,0,0,0
9298,H19298,H,303.0,314.1,1370,46.1,2,0,0,0,0,0,0
9299,H19299,H,303.0,313.4,1316,42.2,129,0,0,0,0,0,0
9300,L19300,L,303.0,312.8,1648,41.7,230,0,0,0,0,0,0
9301,L19301,L,303.0,314.1,1456,38.1,168,0,0,0,0,0,0
9302,L19302,L,303.0,312.0,1599,31.3,245,0,0,0,0,0,0
9303,H19303,H,303.0,312.2,1434,37.4,29,0,0,0,0,0,0
9304,M19304,M,303.0,311.1,1599,37.4,164,0,0,0,0,0,0
9305,M19305,M,302.9,313.7,1457,43.5,208,0,0,0,0,0,0
9306,L19306,L,302.9,312.1,1379,39.9,2,0,0,0,0,0,0
9307,L19307,L,303.0,313.0,1565,46.5,8,0,0,0,0,0,0
9308,M19308,M,303.0,314.0,1594,41.7,7,0,0,0,0,0,0
9309,L19309,L,303.0,314.4,1564,37.0,8,0,0,0,0,0,0
9310,L19310,L,303.0,313.0,1486,35.1,119,0,0,0,0,0,0
9311,L19311,L,302.9,313.3,1325,36.4,144,0,0,0,0,0,0
9312,L19312,L,302.9,312.0,1393,41.0,151,0,0,0,0,0,0
9313,M19313,M,303.0,314.7,1430,37.8,199,0,0,0,0,0,0
9314,L19314,L,303.0,312.9,1474,33.5,244,0,0,0,0,0,0
9315,M19315,M,303.1,313.2,1613,46.0,141,0,0,0,0,0,0
9316,L19316,L,303.2,312.8,1488,40.9,181,0,0,0,0,0,0
9317,H19317,H,303.2,314.4,1289,41.6,79,0,0,0,0,0,0
9318,L19318,L,303.2,313.4,1241,35.1,17,0,0,0,0,0,0
9319,M19319,M,303.2,314.0,1431,33.8,240,0,0,0,0,0,0
9320,M19320,M,303.2,313.5,1449,39.0,215,0,0,0,0,0,0
9321,L19321,L,303.2,313.0,1536,27.8,166,0,0,0,0,0,0
9322,H19322,H,303.3,314.2,1355,44.7,115,0,0,0,0,0,0
9323,M19323,M,303.3,313.6,1362,35.8,174,0,0,0,0,0,0
9324,L19324,L,303.3,312.3,1545,38.4,26,0,0,0,0,0,0
9325,L19325,L,303.4,312.4,1633,42.6,91,0,0,0,0,0,0
9326,H19326,H,303.4,313.5,1304,38.7,70,0,0,0,0,0,0
9327,M19327,M,303.3,314.2,1423,33.0,225,0,0,0,0,0,0
9328,L19328,L,303.3,315.0,1611,49.0,218,0,0,0,0,0,0
9329,L19329,L,303.3,311.6,1593,30.8,33,0,0,0,0,0,0
9330,H19330,H,303.4,313.4,1407,26.6,102,0,0,0,0,0,0
9331,M19331,M,303.4,313.9,1616,45.2,146,0,0,0,0,0,0
9332,M19332,M,303.5,313.8,1504,31.2,133,0,0,0,0,0,0
9333,L19333,L,303.4,314.5,1566,47.5,157,0,0,0,0,0,0
9334,M19334,M,303.4,314.1,1430,42.3,91,0,0,0,0,0,0
9335,L19335,L,303.5,312.5,1529,41.7,139,0,0,0,0,0,0
9336,L19336,L,303.4,312.4,1383,36.6,142,0,0,0,0,0,0
9337,M19337,M,303.4,313.7,1445,35.0,108,0,0,0,0,0,0
9338,H19338,H,303.4,314.4,1470,37.7,166,0,0,0,0,0,0
9339,L19339,L,303.4,313.5,1514,34.7,102,0,0,0,0,0,0
9340,L19340,L,303.4,311.9,1741,47.2,63,0,0,0,0,0,0
9341,M19341,M,303.5,312.4,1756,35.5,63,0,0,0,0,0,0
9342,M19342,M,303.5,314.2,1461,43.0,14,0,0,0,0,0,0
9343,H19343,H,303.4,313.1,1648,46.0,185,0,0,0,0,0,0
9344,M19344,M,303.5,313.6,1389,34.7,99,0,0,0,0,0,0
9345,L19345,L,303.5,314.6,1540,42.3,66,0,0,0,0,0,0
9346,H19346,H,303.5,312.3,1431,34.6,0,0,0,0,0,0,0
9347,M19347,M,303.5,313.1,1455,39.0,6,0,0,0,0,0,0
9348,H19348,H,303.5,313.0,1766,37.2,136,0,0,0,0,0,0
9349,M19349,M,303.4,313.8,1461,35.8,0,0,0,0,0,0,0
9350,H19350,H,303.5,314.3,1435,40.9,4,0,0,0,0,0,0
9351,L19351,L,303.4,311.9,1400,32.7,46,0,0,0,0,0,0
9352,L19352,L,303.4,313.4,1423,45.6,99,0,0,0,0,0,0
9353,H19353,H,303.4,314.3,1358,33.5,9,0,0,0,0,0,0
9354,L19354,L,303.4,311.6,1522,32.4,1,0,0,0,0,0,0
9355,L19355,L,303.4,313.3,1520,38.5,22,0,0,0,0,0,0
9356,M19356,M,303.4,312.2,1534,37.8,102,0,0,0,0,0,0
9357,H19357,H,303.4,312.7,1499,42.1,220,0,0,0,0,0,0
9358,L19358,L,303.4,310.9,1443,40.5,183,0,0,0,0,0,0
9359,H19359,H,303.4,314.8,1434,30.2,146,0,0,0,0,0,0
9360,M19360,M,303.4,313.1,1516,45.9,165,0,0,0,0,0,0
9361,M19361,M,303.4,312.6,1495,38.3,46,0,0,0,0,0,0
9362,H19362,H,303.5,313.8,1436,41.4,83,0,0,0,0,0,0
9363,L19363,L,303.5,312.4,1471,53.2,203,0,0,0,0,0,0
9364,L19364,L,303.5,312.4,1654,47.7,202,0,0,0,0,0,0
9365,L19365,L,303.6,315.1,1697,41.3,226,0,0,0,0,0,0
9366,M19366,M,303.6,315.4,1478,31.8,179,0,0,0,0,0,0
9367,M19367,M,303.7,313.1,1427,31.9,48,0,0,0,0,0,0
9368,H19368,H,303.7,314.8,1496,47.0,198,0,0,0,0,0,0
9369,M19369,M,303.7,314.1,1614,37.6,150,0,0,0,0,0,0
9370,M19370,M,303.7,312.3,1496,39.0,246,0,0,0,0,0,0
9371,M19371,M,303.7,312.8,1536,33.1,49,0,0,0,0,0,0
9372,L19372,L,303.7,315.3,1434,42.7,16,0,0,0,0,0,0
9373,L19373,L,303.7,312.3,1383,46.8,47,0,0,0,0,0,0
9374,H19374,H,303.7,316.0,1576,49.1,120,0,0,0,0,0,0
9375,L19375,L,303.7,313.2,1519,37.3,1,0,0,0,0,0,0
9376,L19376,L,303.7,315.3,1566,43.9,196,0,0,0,0,0,0
9377,M19377,M,303.7,313.4,1329,39.4,189,0,0,0,0,0,0
9378,L19378,L,303.7,314.5,1683,45.3,84,0,0,0,0,0,0
9379,H19379,H,303.7,315.1,1525,40.0,12,0,0,0,0,0,0
9380,L19380,L,303.7,315.1,1319,35.1,60,0,0,0,0,0,0
9381,L19381,L,303.7,313.2,1599,47.9,10,0,0,0,0,0,0
9382,L19382,L,303.8,312.9,1463,40.6,215,0,0,0,0,0,0
9383,M19383,M,303.8,313.7,1503,37.9,96,0,0,0,0,0,0
9384,L19384,L,303.7,312.4,1452,41.1,26,0,0,0,0,0,0
9385,M19385,M,303.8,314.0,1490,35.6,246,0,0,0,0,0,0
9386,H19386,H,303.8,313.0,1495,42.5,34,0,0,0,0,0,0
9387,H19387,H,303.8,314.8,1333,38.8,17,0,0,0,0,0,0
9388,L19388,L,303.7,313.1,1587,35.2,212,0,0,0,0,0,0
9389,L19389,L,303.7,312.0,1511,54.3,67,0,0,0,0,0,0
9390,M19390,M,303.6,315.0,1545,34.0,188,0,0,0,0,0,0
9391,H19391,H,303.7,313.9,1582,42.1,40,0,0,0,0,0,0
9392,H19392,H,303.8,313.8,1512,40.3,95,0,0,0,0,0,0
9393,L19393,L,303.8,314.9,1533,33.8,170,0,0,0,0,0,0
9394,M19394,M,303.8,314.7,1353,38.0,176,0,0,0,0,0,0
9395,L19395,L,303.8,313.0,1417,31.9,138,0,0,0,0,0,0
9396,L19396,L,303.8,313.4,1509,52.4,66,0,0,0,0,0,0
9397,L19397,L,303.9,312.8,1519,38.4,178,0,0,0,0,0,0
9398,L19398,L,303.9,312.4,1540,38.9,51,0,0,0,0,0,0
9399,L19399,L,303.8,314.4,1641,51.7,118,0,0,0,0,0,0
9400,L19400,L,303.9,314.3,1491,35.1,84,0,0,0,0,0,0
9401,M19401,M,303.8,314.6,1536,47.8,170,0,0,0,0,0,0
9402,L19402,L,303.8,315.1,1506,43.6,185,0,0,0,0,0,0
9403,M19403,M,303.8,314.5,1475,28.1,205,0,0,0,0,0,0
9404,L19404,L,303.7,314.5,1479,37.8,69,0,0,0,0,0,0
9405,L19405,L,303.7,311.7,1422,42.6,242,0,0,0,0,0,0
9406,L19406,L,303.8,313.5,1488,40.2,244,0,0,0,0,0,0
9407,L19407,L,303.8,314.7,1478,40.2,156,0,0,0,0,0,0
9408,M19408,M,303.8,312.6,1485,36.4,158,0,0,0,0,0,0
9409,L19409,L,303.9,314.0,1326,35.7,238,0,0,0,0,0,0
9410,M19410,M,303.9,314.4,1490,38.1,27,0,0,0,0,0,0
9411,L19411,L,303.9,314.3,1412,51.8,106,0,0,0,0,0,0
9412,M19412,M,304.0,314.3,1494,34.6,177,0,0,0,0,0,0
9413,M19413,M,304.0,314.6,1391,37.1,35,0,0,0,0,0,0
9414,L19414,L,304.0,314.2,1505,40.2,91,0,0,0,0,0,0
9415,L19415,L,304.1,312.6,1470,31.2,146,0,0,0,0,0,0
9416,L19416,L,304.1,314.6,1437,42.6,194,0,0,0,0,0,0
9417,M19417,M,304.1,314.4,1529,32.3,11,0,0,0,0,0,0
9418,L19418,L,304.1,312.6,1538,33.5,227,0,0,0,0,0,0
9419,M19419,M,304.1,315.5,1495,33.2,215,0,0,0,0,0,0
9420,M19420,M,304.0,314.6,1557,30.2,75,0,0,0,0,0,0
9421,H19421,H,304.0,312.6,1459,47.6,23,0,0,0,0,0,0
9422,M19422,M,304.1,313.3,1540,43.1,64,0,0,0,0,0,0
9423,M19423,M,304.1,313.5,1496,45.5,91,0,0,0,0,0,0
9424,L19424,L,304.1,313.6,1400,45.0,79,0,0,0,0,0,0
9425,H19425,H,304.2,314.5,1420,39.0,148,0,0,0,0,0,0
9426,M19426,M,304.2,313.2,1617,39.8,221,0,0,0,0,0,0
9427,L19427,L,304.2,315.3,1658,46.1,97,0,0,0,0,0,0
9428,H19428,H,304.2,315.2,1571,49.8,25,0,0,0,0,0,0
9429,L19429,L,304.3,314.9,1442,32.5,117,0,0,0,0,0,0
9430,H19430,H,304.4,314.4,1643,55.1,162,1,0,0,1,0,0
9431,H19431,H,304.4,315.3,1561,32.1,222,0,0,0,0,0,0
9432,L19432,L,304.4,314.1,1534,37.2,79,0,0,0,0,0,0
9433,M19433,M,304.4,313.6,1684,40.4,57,0,0,0,0,0,0
9434,L19434,L,304.4,315.6,1414,41.0,169,0,0,0,0,0,0
9435,L19435,L,304.3,314.6,1577,51.8,156,0,0,0,0,0,0
9436,L19436,L,304.3,313.6,1419,46.1,156,0,0,0,0,0,0
9437,M19437,M,304.4,314.0,1439,42.5,136,0,0,0,0,0,0
9438,L19438,L,304.3,313.6,1760,46.2,77,0,0,0,0,0,0
9439,L19439,L,304.3,316.4,1550,42.1,120,0,0,0,0,0,0
9440,M19440,M,304.4,314.4,1685,35.9,71,0,0,0,0,0,0
9441,L19441,L,304.4,314.5,1554,42.9,1,0,0,0,0,0,0
9442,L19442,L,304.5,315.2,1540,40.4,202,0,0,0,0,0,0
9443,L19443,L,304.4,313.2,1437,34.9,1,0,0,0,0,0,0
9444,L19444,L,304.4,315.5,1598,47.6,250,1,0,0,0,1,0
9445,L19445,L,304.4,313.8,1503,39.7,110,0,0,0,0,0,0
9446,L19446,L,304.4,316.2,1508,33.3,145,0,0,0,0,0,0
9447,H19447,H,304.4,314.1,1474,34.2,68,0,0,0,0,0,0
9448,M19448,M,304.4,315.5,1490,43.2,121,0,0,0,0,0,0
9449,L19449,L,304.5,312.0,1502,46.3,184,0,0,0,0,0,0
9450,L19450,L,304.5,313.3,1512,42.9,198,0,0,0,0,0,0
9451,L19451,L,304.4,314.1,1495,42.9,150,0,0,0,0,0,0
9452,M19452,M,304.4,312.4,1344,35.1,18,1,0,1,0,0,0
9453,L19453,L,304.4,315.0,1554,40.6,18,0,0,0,0,0,0
9454,L19454,L,304.4,314.7,1488,38.0,185,0,0,0,0,0,0
9455,H19455,H,304.5,313.5,1168,38.8,111,0,0,0,0,0,0
9456,L19456,L,304.4,314.4,1341,39.3,210,0,0,0,0,0,0
9457,L19457,L,304.3,315.1,1453,36.0,176,0,0,0,0,0,0
9458,H19458,H,304.3,312.2,1628,44.5,172,0,0,0,0,0,0
9459,M19459,M,304.3,313.1,1561,33.9,231,1,1,0,0,0,0
9460,L19460,L,304.3,313.9,1431,32.2,27,0,0,0,0,0,0
9461,M19461,M,304.2,314.2,1481,35.3,74,0,0,0,0,0,0
9462,L19462,L,304.3,314.2,1610,45.3,49,0,0,0,0,0,0
9463,M19463,M,304.3,315.2,1438,42.0,138,0,0,0,0,0,0
9464,L19464,L,304.3,314.8,1391,29.3,54,0,0,0,0,0,0
9465,H19465,H,304.4,315.0,1588,43.6,136,0,0,0,0,0,0
9466,H19466,H,304.3,312.9,1612,39.7,141,0,0,0,0,0,0
9467,H19467,H,304.3,314.5,1440,37.5,225,0,0,0,0,0,0
9468,H19468,H,304.4,314.0,1549,38.5,220,0,0,0,0,0,0
9469,M19469,M,304.3,315.7,1496,32.0,112,0,0,0,0,0,0
9470,L19470,L,304.2,314.4,1441,41.0,148,0,0,0,0,0,0
9471,L19471,L,304.2,313.5,1617,32.4,47,0,0,0,0,0,0
9472,M19472,M,304.2,315.1,1434,37.9,57,0,0,0,0,0,0
9473,H19473,H,304.2,314.8,1576,37.9,196,0,0,0,0,0,0
9474,L19474,L,304.3,313.4,1507,44.6,224,0,0,0,0,0,0
9475,H19475,H,304.2,313.8,1483,40.2,136,0,0,0,0,0,0
9476,H19476,H,304.2,313.8,1444,44.2,194,0,0,0,0,0,0
9477,H19477,H,304.2,315.4,1401,32.8,205,0,0,0,0,0,0
9478,H19478,H,304.1,314.3,1475,39.4,17,0,0,0,0,0,0
9479,L19479,L,304.2,314.9,1449,43.2,11,0,0,0,0,0,0
9480,L19480,L,304.2,313.7,1509,47.5,214,0,0,0,0,0,0
9481,L19481,L,304.3,314.7,1380,33.2,205,0,0,0,0,0,0
9482,L19482,L,304.2,315.5,1485,35.0,123,0,0,0,0,0,0
9483,M19483,M,304.3,313.9,1541,43.0,15,0,0,0,0,0,0
9484,H19484,H,304.3,314.4,1433,49.7,164,0,0,0,0,0,0
9485,H19485,H,304.2,312.8,1574,41.7,147,0,0,0,0,0,0
9486,M19486,M,304.2,313.4,1585,33.3,19,0,0,0,0,0,0
9487,L19487,L,304.2,313.8,1379,33.5,142,0,0,0,0,0,0
9488,L19488,L,304.2,313.2,1424,40.8,232,0,0,0,0,0,0
9489,L19489,L,304.3,315.6,1366,42.1,24,0,0,0,0,0,0
9490,L19490,L,304.4,313.5,1542,38.7,144,0,0,0,0,0,0
9491,M19491,M,304.3,315.1,1513,33.5,11,0,0,0,0,0,0
9492,L19492,L,304.4,314.6,1340,46.6,108,0,0,0,0,0,0
9493,L19493,L,304.4,314.4,1435,37.9,169,0,0,0,0,0,0
9494,L19494,L,304.4,315.9,1531,43.2,38,0,0,0,0,0,0
9495,M19495,M,304.4,312.1,1511,29.4,250,0,0,0,0,0,0
9496,L19496,L,304.3,314.1,1621,47.2,183,0,0,0,0,0,0
9497,L19497,L,304.3,313.3,1385,35.9,180,0,0,0,0,0,0
9498,L19498,L,304.3,312.3,1499,48.1,70,0,0,0,0,0,0
9499,H19499,H,304.2,313.1,1400,43.7,199,0,0,0,0,0,0
9500,L19500,L,304.3,314.3,1511,31.4,215,0,0,0,0,0,0
9501,M19501,M,304.3,313.6,1482,41.5,46,0,0,0,0,0,0
9502,M19502,M,304.3,315.2,1527,49.9,24,0,0,0,0,0,0
9503,M19503,M,304.4,314.1,1459,36.4,212,0,0,0,0,0,0
9504,H19504,H,304.3,314.0,1576,49.9,177,0,0,0,0,0,0
9505,L19505,L,304.3,314.0,1429,42.3,117,0,0,0,0,0,0
9506,L19506,L,304.4,314.3,1398,48.0,32,0,0,0,0,0,0
9507,L19507,L,304.4,313.9,1523,41.0,201,0,0,0,0,0,0
9508,M19508,M,304.4,313.5,1685,39.3,213,0,0,0,0,0,0
9509,L19509,L,304.2,315.2,1348,51.0,210,0,0,0,0,0,0
9510,L19510,L,304.2,313.6,1386,44.3,28,0,0,0,0,0,0
9511,M19511,M,304.2,313.8,1523,38.6,2,0,0,0,0,0,0
9512,M19512,M,304.1,314.5,1613,42.5,38,0,0,0,0,0,0
9513,L19513,L,304.0,314.3,1531,36.6,3,0,0,0,0,0,0
9514,M19514,M,304.0,313.1,1439,40.6,164,0,0,0,0,0,0
9515,M19515,M,304.0,314.7,1542,47.2,94,0,0,0,0,0,0
9516,L19516,L,303.9,314.5,1552,39.0,133,0,0,0,0,0,0
9517,L19517,L,304.0,314.1,1432,34.8,219,0,0,0,0,0,0
9518,M19518,M,304.0,313.5,1582,34.2,137,0,0,0,0,0,0
9519,M19519,M,303.9,313.5,1497,40.4,11,0,0,0,0,0,0
9520,L19520,L,303.9,313.7,1325,35.2,237,0,0,0,0,0,0
9521,L19521,L,303.9,312.7,1487,31.4,117,0,0,0,0,0,0
9522,M19522,M,303.9,313.8,1443,32.8,65,0,0,0,0,0,0
9523,H19523,H,303.9,314.8,1630,47.1,130,0,0,0,0,0,0
9524,M19524,M,303.9,314.8,1367,39.1,192,0,0,0,0,0,0
9525,L19525,L,303.9,313.5,1452,40.3,63,0,0,0,0,0,0
9526,L19526,L,303.8,314.9,1526,34.2,34,0,0,0,0,0,0
9527,H19527,H,303.8,315.7,1742,36.5,151,0,0,0,0,0,0
9528,L19528,L,303.9,313.6,1695,36.3,174,0,0,0,0,0,0
9529,H19529,H,304.0,314.7,1495,38.3,111,0,0,0,0,0,0
9530,H19530,H,304.0,311.8,1535,30.0,51,0,0,0,0,0,0
9531,L19531,L,304.0,312.8,1560,46.5,33,0,0,0,0,0,0
9532,H19532,H,304.1,314.2,1399,39.9,83,0,0,0,0,0,0
9533,L19533,L,304.2,313.2,1501,41.2,79,0,0,0,0,0,0
9534,H19534,H,304.2,316.3,1636,45.5,221,0,0,0,0,0,0
9535,L19535,L,304.2,314.8,1514,45.0,110,0,0,0,0,0,0
9536,L19536,L,304.2,315.1,1695,36.5,230,0,0,0,0,0,0
9537,M19537,M,304.3,314.3,1455,43.6,152,0,0,0,0,0,0
9538,M19538,M,304.2,313.2,1491,43.6,196,0,0,0,0,0,0
9539,L19539,L,304.2,313.7,1492,41.9,156,0,0,0,0,0,0
9540,M19540,M,304.1,314.4,1370,46.4,228,0,0,0,0,0,0
9541,L19541,L,304.1,313.5,1611,44.8,91,0,0,0,0,0,0
9542,L19542,L,304.1,314.8,1467,44.4,191,0,0,0,0,0,0
9543,L19543,L,304.1,314.8,1526,48.2,180,0,0,0,0,0,0
9544,L19544,L,304.0,314.0,1440,40.2,185,0,0,0,0,0,0
9545,L19545,L,304.0,312.2,1673,40.3,40,0,0,0,0,0,0
9546,L19546,L,304.1,315.8,1623,44.9,86,0,0,0,0,0,0
9547,L19547,L,304.1,313.8,1506,38.9,223,0,0,0,0,0,0
9548,L19548,L,304.0,316.8,1378,42.9,237,0,0,0,0,0,0
9549,L19549,L,304.0,314.7,1574,36.6,50,0,0,0,0,0,0
9550,H19550,H,304.0,313.8,1608,26.3,125,0,0,0,0,0,0
9551,L19551,L,304.0,314.5,1407,43.6,145,0,0,0,0,0,0
9552,H19552,H,304.1,312.1,1486,30.7,40,0,0,0,0,0,0
9553,M19553,M,304.1,315.2,1508,35.8,98,0,0,0,0,0,0
9554,M19554,M,304.1,316.7,1609,44.9,188,0,0,0,0,0,0
9555,M19555,M,304.1,312.0,1485,45.0,106,0,0,0,0,0,0
9556,H19556,H,304.1,313.8,1596,47.1,23,0,0,0,0,0,0
9557,L19557,L,304.1,314.0,1423,27.9,46,0,0,0,0,0,0
9558,M19558,M,304.0,314.8,1394,41.8,27,0,0,0,0,0,0
9559,M19559,M,304.0,316.1,1683,38.5,35,0,0,0,0,0,0
9560,M19560,M,304.0,314.4,1369,45.9,20,0,0,0,0,0,0
9561,H19561,H,304.0,316.1,1425,48.9,183,0,0,0,0,0,0
9562,L19562,L,303.9,314.1,1578,32.1,68,0,0,0,0,0,0
9563,M19563,M,303.9,314.4,1447,40.1,153,0,0,0,0,0,0
9564,M19564,M,303.9,314.2,1444,45.0,241,0,0,0,0,0,0
9565,L19565,L,303.9,315.1,1480,38.0,181,0,0,0,0,0,0
9566,L19566,L,303.8,313.4,1284,50.5,214,0,0,0,0,0,0
9567,M19567,M,303.8,314.6,1612,37.6,43,0,0,0,0,0,0
9568,H19568,H,303.8,312.5,1518,38.2,160,0,0,0,0,0,0
9569,L19569,L,303.7,313.4,1419,33.6,153,0,0,0,0,0,0
9570,H19570,H,303.8,313.1,1328,40.9,120,0,0,0,0,0,0
9571,L19571,L,303.7,313.8,1363,21.9,149,1,0,0,1,0,0
9572,L19572,L,303.7,313.4,1341,38.5,147,0,0,0,0,0,0
9573,L19573,L,303.7,314.8,1523,47.6,1,0,0,0,0,0,0
9574,L19574,L,303.6,312.7,1524,31.6,40,0,0,0,0,0,0
9575,L19575,L,303.7,311.9,1561,30.3,53,0,0,0,0,0,0
9576,L19576,L,303.8,312.4,1573,46.7,184,0,0,0,0,0,0
9577,M19577,M,303.7,314.7,1563,47.5,145,0,0,0,0,0,0
9578,M19578,M,303.7,312.7,1654,31.9,132,0,0,0,0,0,0
9579,L19579,L,303.7,314.1,1620,50.4,245,1,0,0,0,1,0
9580,L19580,L,303.7,313.4,1596,42.6,223,0,0,0,0,0,0
9581,L19581,L,303.7,314.5,1524,46.3,45,0,0,0,0,0,0
9582,M19582,M,303.7,313.4,1572,35.2,74,0,0,0,0,0,0
9583,L19583,L,303.7,316.4,1459,48.9,148,0,0,0,0,0,0
9584,L19584,L,303.7,315.6,1478,38.4,149,0,0,0,0,0,0
9585,H19585,H,303.7,313.4,1672,38.1,2,0,0,0,0,0,0
9586,H19586,H,303.7,313.2,1444,42.9,8,0,0,0,0,0,0
9587,L19587,L,303.7,316.8,1437,37.6,1,0,0,0,0,0,0
9588,L19588,L,303.7,312.6,1464,30.9,237,0,0,0,0,0,0
9589,L19589,L,303.7,313.6,1445,40.8,27,0,0,0,0,0,0
9590,M19590,M,303.7,313.7,1454,38.1,33,0,0,0,0,0,0
9591,M19591,M,303.6,313.6,1524,35.4,180,0,0,0,0,0,0
9592,L19592,L,303.5,311.8,1528,47.4,58,0,0,0,0,0,0
9593,M19593,M,303.5,314.0,1591,54.4,9,1,0,0,1,0,0
9594,L19594,L,303.5,312.5,1719,34.5,82,0,0,0,0,0,0
9595,L19595,L,303.5,314.9,1463,41.2,92,0,0,0,0,0,0
9596,L19596,L,303.5,312.0,1493,37.6,1,0,0,0,0,0,0
9597,L19597,L,303.5,313.5,1316,53.7,47,0,0,0,0,0,0
9598,L19598,L,303.5,311.3,1371,43.0,133,1,0,1,0,0,0
9599,L19599,L,303.5,311.4,1485,45.6,43,0,0,0,0,0,0
9600,L19600,L,303.5,312.7,1546,47.1,181,0,0,0,0,0,0
9601,L19601,L,303.6,312.9,1549,40.8,198,0,0,0,0,0,0
9602,M19602,M,303.6,315.1,1562,38.9,35,0,0,0,0,0,0
9603,L19603,L,303.7,313.6,1626,49.1,135,0,0,0,0,0,0
9604,L19604,L,303.7,315.0,1671,44.7,82,0,0,0,0,0,0
9605,M19605,M,303.7,313.3,1476,34.9,9,0,0,0,0,0,0
9606,M19606,M,303.8,314.4,1420,35.7,160,0,0,0,0,0,0
9607,H19607,H,303.8,313.1,1565,37.7,228,0,0,0,0,0,0
9608,L19608,L,303.8,313.0,1593,47.0,101,0,0,0,0,0,0
9609,L19609,L,303.8,312.0,1514,48.8,218,0,0,0,0,0,0
9610,M19610,M,303.8,314.2,1482,52.9,92,0,0,0,0,0,0
9611,M19611,M,303.8,314.1,1450,35.7,18,0,0,0,0,0,0
9612,L19612,L,303.9,314.7,1496,40.8,17,0,0,0,0,0,0
9613,H19613,H,304.0,314.2,1569,37.6,114,0,0,0,0,0,0
9614,L19614,L,304.0,316.0,1433,38.9,178,0,0,0,0,0,0
9615,H19615,H,304.0,314.1,1420,45.6,22,0,0,0,0,0,0
9616,H19616,H,304.0,314.9,1560,39.7,128,0,0,0,0,0,0
9617,M19617,M,304.0,313.6,1415,47.9,58,0,0,0,0,0,0
9618,H19618,H,304.0,313.1,1515,36.9,243,0,0,0,0,0,0
9619,M19619,M,304.0,314.7,1510,44.4,106,0,0,0,0,0,0
9620,L19620,L,304.0,313.9,1500,37.3,130,0,0,0,0,0,0
9621,L19621,L,304.0,314.9,1436,29.0,9,0,0,0,0,0,0
9622,L19622,L,304.1,314.4,1673,33.9,122,0,0,0,0,0,0
9623,L19623,L,304.0,313.2,1540,40.7,198,0,0,0,0,0,0
9624,M19624,M,304.1,315.2,1449,51.5,48,0,0,0,0,0,0
9625,L19625,L,304.0,313.1,1533,37.2,55,0,0,0,0,0,0
9626,L19626,L,304.1,314.7,1683,39.0,89,0,0,0,0,0,0
9627,M19627,M,304.1,315.4,1509,42.9,143,0,0,0,0,0,0
9628,H19628,H,304.1,313.7,1653,36.4,38,0,0,0,0,0,0
9629,L19629,L,304.2,315.3,1385,37.1,108,0,0,0,0,0,0
9630,L19630,L,304.2,314.6,1415,40.4,95,0,0,0,0,0,0
9631,L19631,L,304.2,315.0,1286,37.4,203,1,1,0,0,0,0
9632,M19632,M,304.2,313.4,1698,29.3,43,0,0,0,0,0,0
9633,L19633,L,304.2,314.4,1330,36.1,7,0,0,0,0,0,0
9634,M19634,M,304.3,312.9,1517,43.7,135,0,0,0,0,0,0
9635,L19635,L,304.2,315.9,1674,43.9,44,0,0,0,0,0,0
9636,L19636,L,304.2,312.2,1597,48.0,138,0,0,0,0,0,0
9637,H19637,H,304.3,313.9,1538,47.5,248,0,0,0,0,0,0
9638,L19638,L,304.3,313.4,1628,34.6,96,0,0,0,0,0,0
9639,L19639,L,304.3,315.0,1433,35.5,152,0,0,0,0,0,0
9640,L19640,L,304.3,316.2,1552,35.8,16,0,0,0,0,0,0
9641,L19641,L,304.4,315.0,1489,39.1,222,0,0,0,0,0,0
9642,M19642,M,304.3,317.3,1487,36.3,82,0,0,0,0,0,0
9643,L19643,L,304.4,313.0,1519,39.0,236,0,0,0,0,0,0
9644,L19644,L,304.4,313.1,1618,34.8,182,0,0,0,0,0,0
9645,L19645,L,304.3,313.4,1657,44.7,78,0,0,0,0,0,0
9646,M19646,M,304.3,314.4,1473,34.3,55,0,0,0,0,0,0
9647,M19647,M,304.3,313.2,1391,34.0,43,0,0,0,0,0,0
9648,M19648,M,304.3,313.5,1418,43.1,52,0,0,0,0,0,0
9649,M19649,M,304.4,315.0,1695,44.3,240,0,0,0,0,0,0
9650,L19650,L,304.3,313.1,1648,38.6,162,0,0,0,0,0,0
9651,L19651,L,304.3,313.2,1391,45.2,38,0,0,0,0,0,0
9652,L19652,L,304.3,313.9,1666,44.8,129,0,0,0,0,0,0
9653,L19653,L,304.2,313.9,1429,51.4,97,0,0,0,0,0,0
9654,L19654,L,304.3,315.3,1566,44.4,24,0,0,0,0,0,0
9655,M19655,M,304.3,313.4,1429,50.2,165,0,0,0,0,0,0
9656,M19656,M,304.3,313.6,1716,40.4,195,0,0,0,0,0,0
9657,H19657,H,304.3,314.9,1443,48.4,79,0,0,0,0,0,0
9658,L19658,L,304.3,315.1,1395,48.5,31,0,0,0,0,0,0
9659,M19659,M,304.3,315.8,1454,39.1,78,0,0,0,0,0,0
9660,H19660,H,304.3,314.8,1763,35.9,233,0,0,0,0,0,0
9661,M19661,M,304.4,314.5,1526,36.9,77,0,0,0,0,0,0
9662,L19662,L,304.5,315.0,1397,42.5,168,0,0,0,0,0,0
9663,L19663,L,304.5,314.2,1421,33.1,78,0,0,0,0,0,0
9664,L19664,L,304.6,314.3,1325,37.3,70,0,0,0,0,0,0
9665,L19665,L,304.6,312.8,1554,47.2,6,0,0,0,0,0,0
9666,M19666,M,304.6,315.5,1375,44.0,199,0,0,0,0,0,0
9667,L19667,L,304.7,314.9,1611,25.9,210,0,0,0,0,0,0
9668,L19668,L,304.6,315.4,1579,32.0,17,0,0,0,0,0,0
9669,M19669,M,304.6,311.7,1490,53.0,16,0,0,0,0,0,0
9670,M19670,M,304.5,314.4,1624,47.1,209,0,0,0,0,0,0
9671,L19671,L,304.6,313.7,1593,36.5,210,0,0,0,0,0,0
9672,M19672,M,304.6,316.1,1516,31.1,116,0,0,0,0,0,0
9673,L19673,L,304.6,315.2,1423,32.5,103,0,0,0,0,0,0
9674,L19674,L,304.5,314.7,1541,43.1,76,0,0,0,0,0,0
9675,L19675,L,304.5,314.1,1541,51.9,58,0,0,0,0,0,0
9676,M19676,M,304.5,314.9,1549,51.5,10,0,0,0,0,0,0
9677,H19677,H,304.5,313.6,1508,30.5,124,0,0,0,0,0,0
9678,L19678,L,304.5,314.4,1533,38.2,50,0,0,0,0,0,0
9679,M19679,M,304.4,313.9,1530,34.9,6,0,0,0,0,0,0
9680,L19680,L,304.4,316.7,1636,40.8,154,0,0,0,0,0,0
9681,M19681,M,304.5,316.0,1373,32.0,186,0,0,0,0,0,0
9682,L19682,L,304.5,315.6,1400,36.7,36,0,0,0,0,0,0
9683,L19683,L,304.5,313.0,1508,34.8,4,0,0,0,0,0,0
9684,H19684,H,304.5,315.4,1424,43.1,61,0,0,0,0,0,0
9685,M19685,M,304.5,314.7,1521,36.9,199,0,0,0,0,0,0
9686,L19686,L,304.6,315.8,1389,37.8,73,0,0,0,0,0,0
9687,L19687,L,304.6,314.9,1404,43.1,228,0,0,0,0,0,0
9688,L19688,L,304.6,314.6,1706,49.9,89,0,0,0,0,0,0
9689,L19689,L,304.6,314.8,1477,52.7,78,0,0,0,0,0,0
9690,H19690,H,304.6,312.8,1383,42.7,54,0,0,0,0,0,0
9691,H19691,H,304.7,313.9,1489,39.5,143,0,0,0,0,0,0
9692,L19692,L,304.7,315.1,1604,47.9,220,0,0,0,0,0,0
9693,L19693,L,304.7,315.9,1621,47.0,91,0,0,0,0,0,0
9694,H19694,H,304.7,314.2,1354,45.3,73,0,0,0,0,0,0
9695,L19695,L,304.6,314.6,1423,30.5,55,0,0,0,0,0,0
9696,M19696,M,304.5,312.9,1522,47.2,231,0,0,0,0,0,0
9697,L19697,L,304.5,316.0,1497,42.1,178,0,0,0,0,0,0
9698,M19698,M,304.5,315.6,1340,34.6,195,0,0,0,0,0,0
9699,M19699,M,304.4,315.1,1356,36.0,173,0,0,0,0,0,0
9700,H19700,H,304.5,314.9,1393,43.5,60,0,0,0,0,0,0
9701,M19701,M,304.5,316.0,1323,24.9,103,1,0,0,1,0,0
9702,L19702,L,304.5,313.6,1454,39.2,116,0,0,0,0,0,0
9703,M19703,M,304.4,313.5,1619,36.1,77,0,0,0,0,0,0
9704,H19704,H,304.4,315.4,1433,35.5,235,0,0,0,0,0,0
9705,L19705,L,304.3,315.3,1608,37.3,32,0,0,0,0,0,0
9706,L19706,L,304.3,313.1,1503,31.1,54,0,0,0,0,0,0
9707,L19707,L,304.3,313.7,1482,46.3,242,1,0,0,0,1,0
9708,L19708,L,304.3,316.0,1333,27.2,17,0,0,0,0,0,0
9709,L19709,L,304.2,314.6,1617,41.0,139,0,0,0,0,0,0
9710,M19710,M,304.2,315.0,1512,34.9,73,0,0,0,0,0,0
9711,L19711,L,304.2,313.0,1340,51.9,20,0,0,0,0,0,0
9712,H19712,H,304.1,314.8,1538,40.1,96,0,0,0,0,0,0
9713,L19713,L,304.1,312.7,1441,27.3,205,0,0,0,0,0,0
9714,L19714,L,304.2,312.3,1506,43.3,200,0,0,0,0,0,0
9715,L19715,L,304.2,315.0,1524,33.4,153,0,0,0,0,0,0
9716,L19716,L,304.2,315.6,1622,45.9,206,0,0,0,0,0,0
9717,L19717,L,304.2,314.0,1387,43.7,148,0,0,0,0,0,0
9718,L19718,L,304.3,313.7,1557,48.8,149,0,0,0,0,0,0
9719,L19719,L,304.3,316.0,1633,41.1,182,0,0,0,0,0,0
9720,M19720,M,304.4,314.2,1752,44.9,45,0,0,0,0,0,0
9721,M19721,M,304.4,314.3,1605,40.3,40,0,0,0,0,0,0
9722,L19722,L,304.4,316.1,1536,36.5,234,0,0,0,0,0,0
9723,M19723,M,304.5,314.1,1528,46.4,4,0,0,0,0,0,0
9724,M19724,M,304.5,313.9,1655,32.6,43,0,0,0,0,0,0
9725,L19725,L,304.5,315.3,1471,39.8,143,0,0,0,0,0,0
9726,H19726,H,304.5,313.7,1580,36.6,243,0,0,0,0,0,0
9727,H19727,H,304.5,314.4,1719,45.1,162,0,0,0,0,0,0
9728,L19728,L,304.7,313.3,1489,34.3,4,0,0,0,0,0,0
9729,L19729,L,304.7,314.9,1299,37.5,61,0,0,0,0,0,0
9730,L19730,L,304.7,314.8,1414,40.3,89,0,0,0,0,0,0
9731,L19731,L,304.6,315.6,1529,48.9,25,0,0,0,0,0,0
9732,M19732,M,304.7,315.6,1416,36.8,60,0,0,0,0,0,0
9733,L19733,L,304.8,315.3,1465,37.6,178,0,0,0,0,0,0
9734,M19734,M,304.7,315.1,1470,31.9,68,0,0,0,0,0,0
9735,M19735,M,304.7,314.7,1556,34.1,183,0,0,0,0,0,0
9736,M19736,M,304.7,315.4,1405,42.5,49,0,0,0,0,0,0
9737,M19737,M,304.8,313.7,1442,40.2,124,0,0,0,0,0,0
9738,L19738,L,304.7,312.4,1641,40.3,35,0,0,0,0,0,0
9739,L19739,L,304.7,315.9,1452,50.4,151,0,0,0,0,0,0
9740,M19740,M,304.6,315.3,1573,30.0,206,0,0,0,0,0,0
9741,L19741,L,304.7,314.5,1501,53.9,29,0,0,0,0,0,0
9742,L19742,L,304.6,315.7,1498,47.1,68,0,0,0,0,0,0
9743,H19743,H,304.7,313.9,1574,38.0,231,0,0,0,0,0,0
9744,M19744,M,304.7,314.0,1314,42.3,175,0,0,0,0,0,0
9745,L19745,L,304.8,313.9,1544,35.9,21,0,0,0,0,0,0
9746,M19746,M,304.7,315.3,1555,41.9,32,0,0,0,0,0,0
9747,M19747,M,304.8,313.2,1585,52.9,68,0,0,0,0,0,0
9748,L19748,L,304.8,314.0,1462,36.1,249,0,0,0,0,0,0
9749,L19749,L,304.8,315.1,1500,38.6,95,0,0,0,0,0,0
9750,H19750,H,304.8,313.6,1255,35.5,49,0,0,0,0,0,0
9751,L19751,L,304.8,314.1,1433,36.4,239,0,0,0,0,0,0
9752,L19752,L,304.9,312.6,1518,37.6,22,0,0,0,0,0,0
9753,L19753,L,304.9,315.5,1647,33.4,137,0,0,0,0,0,0
9754,M19754,M,304.9,314.2,1685,38.4,163,0,0,0,0,0,0
9755,L19755,L,304.9,313.8,1466,40.3,113,0,0,0,0,0,0
9756,L19756,L,304.9,313.7,1587,37.6,16,0,0,0,0,0,0
9757,L19757,L,305.0,314.5,1485,26.2,180,0,0,0,0,0,0
9758,H19758,H,305.0,313.4,1338,39.1,90,1,0,1,0,0,0
9759,L19759,L,305.0,316.9,1561,39.7,249,0,0,0,0,0,0
9760,M19760,M,305.0,312.6,1683,51.4,236,1,0,0,1,1,0
9761,H19761,H,305.0,314.6,1462,40.2,135,0,0,0,0,0,0
9762,L19762,L,304.9,315.0,1409,45.6,231,0,0,0,0,0,0
9763,H19763,H,304.9,314.1,1507,37.4,171,0,0,0,0,0,0
9764,H19764,H,304.9,315.1,1488,47.8,188,0,0,0,0,0,0
9765,H19765,H,304.9,314.1,1761,34.3,121,0,0,0,0,0,0
9766,L19766,L,304.9,316.5,1601,43.0,241,0,0,0,0,0,0
9767,M19767,M,305.0,313.9,1513,45.0,133,0,0,0,0,0,0
9768,M19768,M,305.1,312.7,1210,44.2,70,1,0,1,0,0,0
9769,H19769,H,305.1,313.8,1486,53.0,89,0,0,0,0,0,0
9770,L19770,L,305.1,315.5,1685,36.5,208,0,0,0,0,0,0
9771,M19771,M,305.0,314.9,1508,48.5,164,0,0,0,0,0,0
9772,L19772,L,305.1,315.8,1582,46.9,53,0,0,0,0,0,0
9773,L19773,L,305.1,315.6,1539,40.3,22,0,0,0,0,0,0
9774,L19774,L,305.1,314.5,1451,51.0,218,1,0,0,0,1,0
9775,M19775,M,305.2,314.7,1669,39.1,184,0,0,0,0,0,0
9776,L19776,L,305.2,314.8,1519,40.1,50,0,0,0,0,0,0
9777,M19777,M,305.2,317.1,1429,40.0,231,0,0,0,0,0,0
9778,H19778,H,305.2,315.9,1502,32.4,57,0,0,0,0,0,0
9779,L19779,L,305.1,317.0,1643,44.6,146,0,0,0,0,0,0
9780,M19780,M,305.1,316.0,1352,43.6,154,0,0,0,0,0,0
9781,L19781,L,305.2,315.1,1527,39.4,216,0,0,0,0,0,0
9782,L19782,L,305.1,314.1,1507,50.6,231,1,0,0,0,1,0
9783,M19783,M,305.2,315.4,1346,37.4,24,0,0,0,0,0,0
9784,H19784,H,305.1,315.1,1577,29.6,148,0,0,0,0,0,0
9785,M19785,M,305.2,315.1,1526,51.4,122,0,0,0,0,0,0
9786,M19786,M,305.2,315.0,1588,46.1,24,0,0,0,0,0,0
9787,L19787,L,305.2,313.1,1614,43.8,124,0,0,0,0,0,0
9788,L19788,L,305.1,316.4,1494,38.0,178,0,0,0,0,0,0
9789,M19789,M,305.0,315.0,1444,42.1,70,0,0,0,0,0,0
9790,L19790,L,305.0,313.6,1358,32.4,34,1,0,1,0,0,0
9791,L19791,L,305.1,315.5,1436,38.6,69,0,0,0,0,0,0
9792,M19792,M,305.1,314.2,1501,34.6,103,0,0,0,0,0,0
9793,L19793,L,305.1,315.7,1404,41.6,177,0,0,0,0,0,0
9794,L19794,L,305.1,316.0,1558,45.5,142,0,0,0,0,0,0
9795,M19795,M,305.1,316.1,1410,33.7,151,0,0,0,0,0,0
9796,M19796,M,305.1,314.9,1324,44.3,48,0,0,0,0,0,0
9797,H19797,H,305.0,314.6,1442,41.2,67,0,0,0,0,0,0
9798,M19798,M,305.0,314.4,1518,44.1,6,0,0,0,0,0,0
9799,L19799,L,305.0,314.3,1374,38.5,93,0,0,0,0,0,0
9800,H19800,H,304.9,314.9,1411,44.2,127,0,0,0,0,0,0
9801,M19801,M,304.9,314.7,1437,35.8,80,0,0,0,0,0,0
9802,L19802,L,304.9,314.1,1450,29.9,181,0,0,0,0,0,0
9803,L19803,L,305.0,313.8,1530,31.3,249,0,0,0,0,0,0
9804,M19804,M,305.0,314.9,1564,37.0,37,0,0,0,0,0,0
9805,M19805,M,305.1,314.6,1453,30.3,93,0,0,0,0,0,0
9806,M19806,M,305.1,314.0,1396,49.3,44,0,0,0,0,0,0
9807,M19807,M,305.1,316.0,1514,39.5,102,0,0,0,0,0,0
9808,M19808,M,305.1,316.8,1552,45.5,136,0,0,0,0,0,0
9809,H19809,H,305.1,316.0,1661,44.7,54,0,0,0,0,0,0
9810,M19810,M,305.1,314.4,1615,40.0,210,0,0,0,0,0,0
9811,L19811,L,305.2,315.1,1374,61.2,51,0,0,0,0,0,0
9812,H19812,H,305.2,316.8,1486,57.6,204,1,1,0,0,0,0
9813,L19813,L,305.3,314.1,1546,48.4,110,0,0,0,0,0,0
9814,M19814,M,305.2,316.0,1415,34.6,48,0,0,0,0,0,0
9815,H19815,H,305.2,313.8,1465,48.6,228,0,0,0,0,0,0
9816,M19816,M,305.2,316.9,1567,29.5,182,0,0,0,0,0,0
9817,M19817,M,305.3,314.9,1525,48.4,210,0,0,0,0,0,0
9818,L19818,L,305.3,317.5,1500,24.7,69,0,0,0,0,0,0
9819,L19819,L,305.3,317.0,1435,38.1,203,0,0,0,0,0,0
9820,L19820,L,305.3,315.2,1355,47.3,206,0,0,0,0,0,0
9821,M19821,M,305.3,314.5,1469,42.3,110,0,0,0,0,0,0
9822,M19822,M,305.3,315.5,1491,31.1,130,0,0,0,0,0,0
9823,M19823,M,305.3,315.1,1353,41.0,67,0,0,0,0,0,0
9824,L19824,L,305.2,314.8,1505,42.3,100,0,0,0,0,0,0
9825,L19825,L,305.2,313.5,1539,41.2,37,0,0,0,0,0,0
9826,M19826,M,305.3,314.8,1431,37.6,197,0,0,0,0,0,0
9827,L19827,L,305.3,314.2,1540,45.1,48,0,0,0,0,0,0
9828,M19828,M,305.3,315.9,1528,46.9,91,0,0,0,0,0,0
9829,M19829,M,305.3,316.3,1470,39.1,7,0,0,0,0,0,0
9830,M19830,M,305.3,316.1,1458,49.1,242,0,0,0,0,0,0
9831,L19831,L,305.3,315.6,1467,39.1,115,0,0,0,0,0,0
9832,H19832,H,305.2,314.3,1414,37.1,247,0,0,0,0,0,0
9833,L19833,L,305.2,315.4,1534,48.1,94,0,0,0,0,0,0
9834,H19834,H,305.2,316.0,1415,47.9,212,0,0,0,0,0,0
9835,L19835,L,305.2,314.7,1422,36.3,245,0,0,0,0,0,0
9836,L19836,L,305.3,315.4,1550,35.4,172,0,0,0,0,0,0
9837,H19837,H,305.4,315.2,1476,50.6,28,0,0,0,0,0,0
9838,L19838,L,305.4,317.0,1506,39.4,78,0,0,0,0,0,0
9839,M19839,M,305.4,316.2,1329,40.0,176,0,0,0,0,0,0
9840,H19840,H,305.3,315.9,1448,38.5,23,0,0,0,0,0,0
9841,H19841,H,305.4,313.7,1668,47.9,148,0,0,0,0,0,0
9842,H19842,H,305.4,315.6,1322,52.9,112,0,0,0,0,0,0
9843,L19843,L,305.4,315.2,1675,40.4,22,0,0,0,0,0,0
9844,M19844,M,305.3,315.2,1526,54.5,94,0,0,0,0,0,0
9845,L19845,L,305.4,313.8,1447,36.7,225,0,0,0,0,0,0
9846,L19846,L,305.4,314.3,1480,38.3,155,0,0,0,0,0,0
9847,H19847,H,305.4,315.4,1623,44.0,159,0,0,0,0,0,0
9848,L19848,L,305.3,316.4,1272,35.1,149,0,0,0,0,0,0
9849,M19849,M,305.4,314.8,1642,44.0,189,0,0,0,0,0,0
9850,M19850,M,305.4,315.0,1527,36.9,66,0,0,0,0,0,0
9851,M19851,M,305.4,317.2,1601,30.7,117,0,0,0,0,0,0
9852,H19852,H,305.4,315.1,1325,29.5,72,0,0,0,0,0,0
9853,L19853,L,305.5,315.4,1477,38.1,5,0,0,0,0,0,0
9854,M19854,M,305.5,315.4,1267,42.5,64,0,0,0,0,0,0
9855,H19855,H,305.5,314.1,1620,31.8,21,0,0,0,0,0,0
9856,L19856,L,305.4,316.0,1402,41.1,178,0,0,0,0,0,0
9857,L19857,L,305.4,314.8,1400,41.1,195,0,0,0,0,0,0
9858,M19858,M,305.4,315.4,1307,39.0,108,0,0,0,0,0,0
9859,L19859,L,305.3,315.8,1544,34.4,115,0,0,0,0,0,0
9860,L19860,L,305.3,317.3,1507,41.4,184,0,0,0,0,0,0
9861,H19861,H,305.3,314.0,1425,39.1,199,0,0,0,0,0,0
9862,M19862,M,305.3,316.2,1526,45.9,54,0,0,0,0,0,0
9863,H19863,H,305.3,316.2,1422,32.2,228,0,0,0,0,0,0
9864,H19864,H,305.4,314.8,1324,40.7,169,0,0,0,0,0,0
9865,M19865,M,305.5,316.1,1464,32.4,250,0,0,0,0,0,0
9866,L19866,L,305.4,317.1,1664,38.6,179,0,0,0,0,0,0
9867,L19867,L,305.4,314.7,1597,33.4,188,0,0,0,0,0,0
9868,L19868,L,305.4,315.7,1546,34.5,18,0,0,0,0,0,0
9869,H19869,H,305.4,315.8,1524,40.0,107,0,0,0,0,0,0
9870,L19870,L,305.4,315.9,1464,36.6,128,0,0,0,0,0,0
9871,L19871,L,305.5,316.3,1574,48.8,168,0,0,0,0,0,0
9872,M19872,M,305.5,315.7,1557,47.1,190,0,0,0,0,0,0
9873,L19873,L,305.4,315.9,1492,44.8,215,0,0,0,0,0,0
9874,L19874,L,305.4,314.5,1520,44.7,47,0,0,0,0,0,0
9875,M19875,M,305.4,315.5,1339,40.8,208,0,0,0,0,0,0
9876,L19876,L,305.4,314.9,1452,47.8,159,0,0,0,0,0,0
9877,L19877,L,305.4,314.2,1381,38.2,177,0,0,0,0,0,0
9878,L19878,L,305.4,314.9,1379,52.7,141,0,0,0,0,0,0
9879,M19879,M,305.4,315.7,1547,34.3,16,0,0,0,0,0,0
9880,M19880,M,305.4,315.8,1374,33.2,95,0,0,0,0,0,0
9881,L19881,L,305.4,314.1,1577,31.6,224,0,0,0,0,0,0
9882,M19882,M,305.3,314.4,1603,32.7,29,0,0,0,0,0,0
9883,L19883,L,305.3,316.0,1494,30.2,120,0,0,0,0,0,0
9884,H19884,H,305.3,315.8,1439,41.3,244,0,0,0,0,0,0
9885,L19885,L,305.3,316.2,1603,45.1,110,0,0,0,0,0,0
9886,M19886,M,305.3,316.7,1555,40.2,178,0,0,0,0,0,0
9887,H19887,H,305.3,315.9,1620,31.7,97,0,0,0,0,0,0
9888,H19888,H,305.4,314.9,1392,37.2,219,0,0,0,0,0,0
9889,L19889,L,305.3,315.4,1474,45.0,189,0,0,0,0,0,0
9890,L19890,L,305.2,316.9,1478,37.9,151,0,0,0,0,0,0
9891,M19891,M,305.2,318.0,1521,35.2,119,0,0,0,0,0,0
9892,L19892,L,305.2,315.7,1562,30.9,190,0,0,0,0,0,0
9893,H19893,H,305.2,315.7,1514,37.5,141,0,0,0,0,0,0
9894,M19894,M,305.2,315.9,1634,35.8,245,0,0,0,0,0,0
9895,M19895,M,305.3,315.3,1463,39.5,33,0,0,0,0,0,0
9896,L19896,L,305.2,316.3,1395,42.9,186,0,0,0,0,0,0
9897,M19897,M,305.1,316.1,1433,38.3,110,0,0,0,0,0,0
9898,M19898,M,305.2,315.6,1421,41.1,192,0,0,0,0,0,0
9899,H19899,H,305.2,314.9,1454,42.8,85,0,0,0,0,0,0
9900,L19900,L,305.2,313.7,1473,32.6,160,0,0,0,0,0,0
9901,L19901,L,305.2,316.0,1477,51.3,107,0,0,0,0,0,0
9902,L19902,L,305.2,315.5,1523,35.6,117,0,0,0,0,0,0
9903,L19903,L,305.2,314.5,1454,43.1,110,0,0,0,0,0,0
9904,M19904,M,305.2,314.1,1605,33.2,57,0,0,0,0,0,0
9905,H19905,H,305.2,315.9,1306,40.7,17,0,0,0,0,0,0
9906,L19906,L,305.2,313.6,1277,40.9,110,1,0,1,0,0,0
9907,H19907,H,305.2,315.5,1600,50.0,102,0,0,0,0,0,0
9908,L19908,L,305.1,315.9,1592,38.6,139,0,0,0,0,0,0
9909,L19909,L,305.1,315.7,1624,47.8,201,0,0,0,0,0,0
9910,L19910,L,305.1,314.7,1564,41.7,193,0,0,0,0,0,0
9911,L19911,L,305.2,313.9,1500,51.1,129,0,0,0,0,0,0
9912,H19912,H,305.2,315.8,1474,29.3,197,0,0,0,0,0,0
9913,L19913,L,305.2,316.4,1340,42.9,211,0,0,0,0,0,0
9914,M19914,M,305.2,314.6,1515,24.0,229,0,0,0,0,0,0
9915,L19915,L,305.2,315.8,1356,39.7,27,0,0,0,0,0,0
9916,H19916,H,305.3,316.8,1747,46.1,119,0,0,0,0,0,0
9917,L19917,L,305.2,315.6,1397,48.7,122,0,0,0,0,0,0
9918,L19918,L,305.2,314.8,1492,44.4,41,0,0,0,0,0,0
9919,L19919,L,305.2,316.3,1651,38.3,2,0,0,0,0,0,0
9920,L19920,L,305.1,314.4,1463,43.3,175,0,0,0,0,0,0
9921,L19921,L,305.1,313.8,1464,55.1,228,1,0,0,0,1,0
9922,H19922,H,305.0,315.8,1241,40.5,228,0,0,0,0,0,0
9923,M19923,M,304.9,314.5,1369,45.8,233,0,0,0,0,0,0
9924,M19924,M,304.9,314.6,1556,37.4,216,0,0,0,0,0,0
9925,M19925,M,304.9,314.3,1667,46.4,86,0,0,0,0,0,0
9926,L19926,L,305.0,314.5,1411,45.4,140,0,0,0,0,0,0
9927,L19927,L,304.9,316.3,1520,36.3,56,0,0,0,0,0,0
9928,H19928,H,305.0,316.6,1771,44.7,215,0,0,0,0,0,0
9929,H19929,H,305.0,316.8,1557,44.9,130,0,0,0,0,0,0
9930,H19930,H,305.0,316.1,1598,44.4,113,0,0,0,0,0,0
9931,H19931,H,304.9,315.4,1423,39.8,190,0,0,0,0,0,0
9932,L19932,L,304.9,313.5,1655,47.4,242,1,0,0,0,1,0
9933,L19933,L,304.9,314.7,1431,34.4,37,0,0,0,0,0,0
9934,L19934,L,304.9,317.0,1413,40.1,58,0,0,0,0,0,0
9935,L19935,L,304.9,314.5,1648,40.7,27,0,0,0,0,0,0
9936,L19936,L,304.9,316.4,1436,47.0,25,0,0,0,0,0,0
9937,L19937,L,304.9,315.0,1500,34.2,83,0,0,0,0,0,0
9938,M19938,M,304.9,312.3,1663,41.4,90,0,0,0,0,0,0
9939,H19939,H,305.0,315.6,1409,37.0,64,0,0,0,0,0,0
9940,M19940,M,305.0,316.2,1476,40.7,73,0,0,0,0,0,0
9941,H19941,H,305.0,314.9,1439,42.4,201,0,0,0,0,0,0
9942,L19942,L,305.0,316.2,1467,32.3,60,0,0,0,0,0,0
9943,L19943,L,304.9,313.3,1504,47.6,184,0,0,0,0,0,0
9944,M19944,M,305.0,313.6,1634,42.6,245,0,0,0,0,0,0
9945,L19945,L,304.9,315.1,1664,34.8,0,0,0,0,0,0,0
9946,L19946,L,304.9,315.4,1516,38.0,159,0,0,0,0,0,0
9947,L19947,L,304.9,316.3,1427,49.0,242,1,0,0,0,1,0
9948,L19948,L,304.9,315.5,1568,42.5,31,0,0,0,0,0,0
9949,M19949,M,304.9,313.7,1501,34.2,234,0,0,0,0,0,0
9950,L19950,L,304.8,315.0,1504,35.3,154,0,0,0,0,0,0
9951,M19951,M,304.8,315.4,1397,43.7,140,0,0,0,0,0,0
9952,M19952,M,304.7,312.9,1338,44.5,16,1,0,1,0,0,0
9953,L19953,L,304.7,314.7,1498,42.2,155,0,0,0,0,0,0
9954,L19954,L,304.7,314.3,1393,38.3,88,0,0,0,0,0,0
9955,L19955,L,304.8,314.1,1447,44.9,51,0,0,0,0,0,0
9956,L19956,L,304.8,315.3,1648,38.1,113,0,0,0,0,0,0
9957,M19957,M,304.7,313.6,1493,34.9,163,0,0,0,0,0,0
9958,M19958,M,304.8,315.2,1611,49.5,46,0,0,0,0,0,0
9959,M19959,M,304.8,315.4,1530,42.9,193,0,0,0,0,0,0
9960,L19960,L,304.8,315.9,1558,35.3,159,0,0,0,0,0,0
9961,M19961,M,304.8,313.7,1445,40.8,31,0,0,0,0,0,0
9962,M19962,M,304.8,313.3,1615,40.2,197,0,0,0,0,0,0
9963,L19963,L,304.8,315.0,1531,37.9,245,0,0,0,0,0,0
9964,M19964,M,304.7,314.5,1474,41.4,94,0,0,0,0,0,0
9965,L19965,L,304.7,317.6,1531,34.4,122,0,0,0,0,0,0
9966,M19966,M,304.7,315.1,1428,45.2,182,0,0,0,0,0,0
9967,M19967,M,304.6,314.7,1471,40.0,200,0,0,0,0,0,0
9968,L19968,L,304.6,314.4,1494,30.3,106,0,0,0,0,0,0
9969,M19969,M,304.5,313.3,1447,38.6,248,0,0,0,0,0,0
9970,L19970,L,304.5,315.1,1656,36.3,243,0,0,0,0,0,0
9971,L19971,L,304.5,314.4,1458,22.1,127,1,0,0,1,0,0
9972,H19972,H,304.5,314.4,1708,39.1,79,0,0,0,0,0,0
9973,H19973,H,304.6,314.7,1507,46.2,88,0,0,0,0,0,0
9974,L19974,L,304.7,314.9,1477,39.4,39,0,0,0,0,0,0
9975,L19975,L,304.5,312.8,1450,44.2,27,0,0,0,0,0,0
9976,L19976,L,304.5,315.3,1542,40.1,80,0,0,0,0,0,0
9977,L19977,L,304.5,313.6,1589,37.3,30,0,0,0,0,0,0
9978,H19978,H,304.5,314.4,1246,35.6,118,0,0,0,0,0,0
9979,H19979,H,304.4,315.7,1500,32.3,86,0,0,0,0,0,0
9980,M19980,M,304.4,316.1,1301,45.6,30,0,0,0,0,0,0
9981,L19981,L,304.4,312.7,1598,44.4,153,0,0,0,0,0,0
9982,M19982,M,304.4,314.4,1600,38.3,3,0,0,0,0,0,0
9983,L19983,L,304.4,314.7,1504,27.9,230,0,0,0,0,0,0
9984,H19984,H,304.4,312.9,1521,42.8,106,0,0,0,0,0,0
9985,H19985,H,304.4,315.2,1357,34.6,250,0,0,0,0,0,0
9986,M19986,M,304.4,314.6,1445,40.9,106,0,0,0,0,0,0
9987,L19987,L,304.4,314.6,1439,30.8,106,0,0,0,0,0,0
9988,L19988,L,304.5,313.6,1455,40.6,249,0,0,0,0,0,0
9989,L19989,L,304.4,314.8,1587,39.2,185,0,0,0,0,0,0
9990,H19990,H,304.4,315.3,1628,25.5,116,0,0,0,0,0,0
9991,L19991,L,304.3,314.5,1561,49.7,244,1,0,0,0,1,0
9992,L19992,L,304.3,313.8,1468,38.0,78,0,0,0,0,0,0
9993,L19993,L,304.3,313.8,1425,38.4,228,0,0,0,0,0,0
9994,H19994,H,304.3,314.5,1509,43.2,229,0,0,0,0,0,0
9995,L19995,L,304.2,314.2,1530,39.7,22,0,0,0,0,0,0
9996,H19996,H,304.2,315.1,1478,42.2,196,0,0,0,0,0,0
9997,H19997,H,304.2,313.7,1434,33.1,104,0,0,0,0,0,0
9998,H19998,H,304.2,313.0,1562,39.1,187,0,0,0,0,0,0
9999,L19999,L,304.2,314.6,1571,28.5,170,0,0,0,0,0,0
10000,L20000,L,304.2,313.7,1369,38.6,216,0,0,0,0,0,0
